{
    "paging": {
        "pageIndex": 901,
        "pageSize": 10,
        "total": 32071
    },
    "organizations": [
        {
            "key": "parham21-github",
            "name": "Parham Ghasemloo"
        },
        {
            "key": "lim0610-github",
            "name": "limeng"
        },
        {
            "key": "maulanayusupp",
            "name": "Maulana Yusup Abdullah"
        },
        {
            "key": "vijayvani-github",
            "name": "vijayvani"
        },
        {
            "key": "sergeivasilenko-github",
            "name": "Sergei Vasilenko"
        },
        {
            "key": "testuser97-max",
            "name": "TestUser97-max"
        },
        {
            "key": "501namenotimplemented1",
            "name": "501!NameNotImplemented"
        },
        {
            "key": "drexat-1",
            "name": "Mathias Draxler"
        },
        {
            "key": "kbase",
            "name": "KBase Software"
        },
        {
            "key": "javad-hajiani-github",
            "name": "Javad Hajiani"
        }
    ],
    "components": [
        {
            "organization": "parham21-github",
            "key": "Parham21_Exchange_analyzer_bot_new-master",
            "name": "Exchange_analyzer_bot_new-master",
            "tags": [],
            "visibility": "public",
            "isNew": false
        },
        {
            "organization": "testuser97-max",
            "key": "TestUser97-max_exchanger",
            "name": "exchanger",
            "tags": [],
            "visibility": "public",
            "eligibilityStatus": "COMPLETED",
            "eligible": true,
            "isNew": false
        },
        {
            "organization": "javad-hajiani-github",
            "key": "javad-hajiani_Exchanger",
            "name": "Exchanger",
            "tags": [],
            "visibility": "public",
            "eligibilityStatus": "COMPLETED",
            "eligible": true,
            "isNew": false
        },
        {
            "organization": "drexat-1",
            "key": "ExclusiveCarRental",
            "name": "ExclusiveCarRental generated by jhipster",
            "tags": [],
            "visibility": "public",
            "isNew": false
        },
        {
            "organization": "501namenotimplemented1",
            "key": "Progetto2MavenMMQS",
            "name": "Exec Maven Plugin",
            "tags": [],
            "visibility": "public",
            "isNew": false
        },
        {
            "organization": "lim0610-github",
            "key": "lim0610_exeCode",
            "name": "exeCode",
            "tags": [],
            "visibility": "public",
            "isNew": false
        },
        {
            "organization": "vijayvani-github",
            "key": "vijayvani_testutil",
            "name": "Execom Test Utill",
            "tags": [],
            "visibility": "public",
            "isNew": false
        },
        {
            "organization": "kbase",
            "key": "kbase_execution_engine2",
            "name": "execution_engine2",
            "tags": [],
            "visibility": "public",
            "eligibilityStatus": "COMPLETED",
            "eligible": true,
            "isNew": false
        },
        {
            "organization": "maulanayusupp",
            "key": "maulanayusupp_executive-information",
            "name": "executive-information",
            "tags": [],
            "visibility": "public",
            "eligibilityStatus": "COMPLETED",
            "eligible": true,
            "isNew": false
        },
        {
            "organization": "sergeivasilenko-github",
            "key": "SergeiVasilenko_ExemplaryApp-android",
            "name": "ExemplaryApp",
            "tags": [],
            "visibility": "public",
            "isNew": false
        }
    ],
    "facets": [
        {
            "property": "languages",
            "values": [
                {
                    "val": "xml",
                    "count": 14844
                },
                {
                    "val": "web",
                    "count": 13244
                },
                {
                    "val": "java",
                    "count": 13148
                },
                {
                    "val": "css",
                    "count": 11599
                },
                {
                    "val": "js",
                    "count": 11509
                },
                {
                    "val": "cs",
                    "count": 6127
                },
                {
                    "val": "php",
                    "count": 2740
                },
                {
                    "val": "py",
                    "count": 2703
                },
                {
                    "val": "ts",
                    "count": 2054
                },
                {
                    "val": "c",
                    "count": 1733
                }
            ]
        },
        {
            "property": "ncloc",
            "values": [
                {
                    "val": "*-1000.0",
                    "count": 28144
                },
                {
                    "val": "1000.0-10000.0",
                    "count": 18883
                },
                {
                    "val": "10000.0-100000.0",
                    "count": 10812
                },
                {
                    "val": "100000.0-500000.0",
                    "count": 1998
                },
                {
                    "val": "500000.0-*",
                    "count": 378
                }
            ]
        }
    ]
}