{
    "paging": {
        "pageIndex": 663,
        "pageSize": 10,
        "total": 32068
    },
    "organizations": [
        {
            "key": "mambax7",
            "name": "Michael Beck"
        },
        {
            "key": "refactoring-kata",
            "name": "refactoring-kata"
        },
        {
            "key": "aashishtyagi-github",
            "name": "aashishtyagi"
        },
        {
            "key": "sristysumana",
            "name": "Sristy Sumana"
        },
        {
            "key": "lizethre-github",
            "name": "Lizeth Rios E"
        },
        {
            "key": "aumanjoa-github",
            "name": "aumanjoa"
        },
        {
            "key": "decentriccorp",
            "name": "Decentric"
        },
        {
            "key": "fluidattacks",
            "name": "Fluid Attacks"
        },
        {
            "key": "n3lreqvmncgy4pygv5frfpojdrjj6xh5pyo7lgrk6fnhwt62f5yq",
            "name": "n3lreqvmncgy4pygv5frfpojdrjj6xh5pyo7lgrk6fnhwt62f5yq"
        }
    ],
    "components": [
        {
            "organization": "aumanjoa-github",
            "key": "chronas-map",
            "name": "Chronas Map",
            "tags": [],
            "visibility": "public",
            "isNew": false
        },
        {
            "organization": "refactoring-kata",
            "key": "refactoring-kata_fastjson",
            "name": "fastjson",
            "tags": [],
            "visibility": "public",
            "isNew": false
        },
        {
            "organization": "decentriccorp",
            "key": "coval-un-ml",
            "name": "coval-un-ml",
            "tags": [],
            "visibility": "public",
            "isNew": false
        },
        {
            "organization": "sristysumana",
            "key": "sristysumana_django-rest-framework",
            "name": "django-rest-framework",
            "tags": [],
            "visibility": "public",
            "isNew": false
        },
        {
            "organization": "fluidattacks",
            "key": "fluidattacks_asserts",
            "name": "asserts",
            "tags": [],
            "visibility": "public",
            "isNew": false
        },
        {
            "organization": "n3lreqvmncgy4pygv5frfpojdrjj6xh5pyo7lgrk6fnhwt62f5yq",
            "key": "HiveApplication1",
            "name": "HiveApplication1",
            "tags": [],
            "visibility": "public",
            "isNew": false
        },
        {
            "organization": "mambax7",
            "key": "mambax7_smallworld",
            "name": "smallworld",
            "tags": [],
            "visibility": "public",
            "eligibilityStatus": "COMPLETED",
            "eligible": true,
            "isNew": false
        },
        {
            "organization": "mambax7",
            "key": "mambax7_smallworld-1",
            "name": "smallworld-1",
            "tags": [],
            "visibility": "public",
            "eligibilityStatus": "COMPLETED",
            "eligible": true,
            "isNew": false
        },
        {
            "organization": "aashishtyagi-github",
            "key": "IntRule:IntRule",
            "name": "IntRule",
            "tags": [],
            "visibility": "public",
            "isNew": false
        },
        {
            "organization": "lizethre-github",
            "key": "LizethRE_PerformanceEvaluations2",
            "name": "PerformanceEvaluations2",
            "tags": [],
            "visibility": "public",
            "isNew": false
        }
    ],
    "facets": [
        {
            "property": "languages",
            "values": [
                {
                    "val": "xml",
                    "count": 14842
                },
                {
                    "val": "web",
                    "count": 13244
                },
                {
                    "val": "java",
                    "count": 13146
                },
                {
                    "val": "css",
                    "count": 11600
                },
                {
                    "val": "js",
                    "count": 11509
                },
                {
                    "val": "cs",
                    "count": 6127
                },
                {
                    "val": "php",
                    "count": 2740
                },
                {
                    "val": "py",
                    "count": 2703
                },
                {
                    "val": "ts",
                    "count": 2054
                },
                {
                    "val": "c",
                    "count": 1733
                }
            ]
        },
        {
            "property": "ncloc",
            "values": [
                {
                    "val": "*-1000.0",
                    "count": 28145
                },
                {
                    "val": "1000.0-10000.0",
                    "count": 18881
                },
                {
                    "val": "10000.0-100000.0",
                    "count": 10811
                },
                {
                    "val": "100000.0-500000.0",
                    "count": 1998
                },
                {
                    "val": "500000.0-*",
                    "count": 378
                }
            ]
        }
    ]
}