{
    "paging": {
        "pageIndex": 83,
        "pageSize": 10,
        "total": 32064
    },
    "organizations": [
        {
            "key": "sumitrpathak",
            "name": "sumitrpathak"
        },
        {
            "key": "hammartest",
            "name": "hammartest"
        },
        {
            "key": "aplotn",
            "name": "Alex Plotnikov"
        },
        {
            "key": "sathiyap",
            "name": "sathiyap"
        },
        {
            "key": "nsnqhq",
            "name": "nsnqhq"
        },
        {
            "key": "vincentvdhaven",
            "name": "Vincent van der Haven"
        },
        {
            "key": "rileym1963",
            "name": "rileym1963"
        },
        {
            "key": "space-game-web-1968",
            "name": "space-game-web-1968"
        },
        {
            "key": "temptestorg",
            "name": "temptestorg"
        },
        {
            "key": "stenrosendahl0473",
            "name": "stenrosendahl0473"
        }
    ],
    "components": [
        {
            "organization": "aplotn",
            "key": "space-game-web-133",
            "name": "space-game-web-133",
            "tags": [],
            "visibility": "public",
            "isNew": false
        },
        {
            "organization": "nsnqhq",
            "key": "space-game-web-13372",
            "name": "space-game-web-13372",
            "tags": [],
            "visibility": "public",
            "isNew": false
        },
        {
            "organization": "sumitrpathak",
            "key": "space-game-web-1408",
            "name": "space-game-web-1408",
            "tags": [],
            "visibility": "public",
            "isNew": false
        },
        {
            "organization": "hammartest",
            "key": "space-game-web-1441",
            "name": "space-game-web-1441",
            "tags": [],
            "visibility": "public",
            "isNew": false
        },
        {
            "organization": "temptestorg",
            "key": "space-game-web-1565",
            "name": "space-game-web-1565",
            "tags": [],
            "visibility": "public",
            "isNew": false
        },
        {
            "organization": "sathiyap",
            "key": "space-game-web-16",
            "name": "space-game-web-16",
            "tags": [],
            "visibility": "public",
            "isNew": false
        },
        {
            "organization": "rileym1963",
            "key": "space-game-web-17029163",
            "name": "space-game-web-17029163",
            "tags": [],
            "visibility": "public",
            "isNew": false
        },
        {
            "organization": "stenrosendahl0473",
            "key": "space-game-web-1959",
            "name": "space-game-web-1959",
            "tags": [],
            "visibility": "public",
            "isNew": false
        },
        {
            "organization": "space-game-web-1968",
            "key": "space-game-web-1968",
            "name": "space-game-web-1968",
            "tags": [],
            "visibility": "public",
            "isNew": false
        },
        {
            "organization": "vincentvdhaven",
            "key": "space-game-web-1974",
            "name": "space-game-web-1974",
            "tags": [],
            "visibility": "public",
            "isNew": false
        }
    ],
    "facets": [
        {
            "property": "languages",
            "values": [
                {
                    "val": "xml",
                    "count": 14841
                },
                {
                    "val": "web",
                    "count": 13242
                },
                {
                    "val": "java",
                    "count": 13146
                },
                {
                    "val": "css",
                    "count": 11597
                },
                {
                    "val": "js",
                    "count": 11505
                },
                {
                    "val": "cs",
                    "count": 6126
                },
                {
                    "val": "php",
                    "count": 2740
                },
                {
                    "val": "py",
                    "count": 2703
                },
                {
                    "val": "ts",
                    "count": 2053
                },
                {
                    "val": "c",
                    "count": 1733
                }
            ]
        },
        {
            "property": "ncloc",
            "values": [
                {
                    "val": "*-1000.0",
                    "count": 28143
                },
                {
                    "val": "1000.0-10000.0",
                    "count": 18879
                },
                {
                    "val": "10000.0-100000.0",
                    "count": 10810
                },
                {
                    "val": "100000.0-500000.0",
                    "count": 1997
                },
                {
                    "val": "500000.0-*",
                    "count": 378
                }
            ]
        }
    ]
}