{
    "paging": {
        "pageIndex": 220,
        "pageSize": 10,
        "total": 32073
    },
    "organizations": [
        {
            "key": "apache",
            "name": "The Apache Software Foundation"
        }
    ],
    "components": [
        {
            "organization": "apache",
            "key": "apache_sling-parent",
            "name": "Apache Sling Parent Reactor",
            "tags": [
                "sling"
            ],
            "visibility": "public",
            "isNew": false
        },
        {
            "organization": "apache",
            "key": "apache_sling-org-apache-sling-pipes",
            "name": "Apache Sling Pipes",
            "tags": [
                "sling"
            ],
            "visibility": "public",
            "isNew": false
        },
        {
            "organization": "apache",
            "key": "apache_sling-org-apache-sling-provisioning-model",
            "name": "Apache Sling Provisioning Model",
            "tags": [
                "sling"
            ],
            "visibility": "public",
            "isNew": false
        },
        {
            "organization": "apache",
            "key": "apache_sling-org-apache-sling-query",
            "name": "Apache Sling Query",
            "tags": [
                "sling"
            ],
            "visibility": "public",
            "isNew": false
        },
        {
            "organization": "apache",
            "key": "apache_sling-org-apache-sling-resource-filter",
            "name": "Apache Sling Resource Filter",
            "tags": [
                "sling"
            ],
            "visibility": "public",
            "isNew": false
        },
        {
            "organization": "apache",
            "key": "apache_sling-org-apache-sling-resourcemerger",
            "name": "Apache Sling Resource Merger",
            "tags": [
                "sling"
            ],
            "visibility": "public",
            "isNew": false
        },
        {
            "organization": "apache",
            "key": "apache_sling-org-apache-sling-resourceresolver",
            "name": "Apache Sling Resource Resolver",
            "tags": [
                "sling"
            ],
            "visibility": "public",
            "isNew": false
        },
        {
            "organization": "apache",
            "key": "apache_sling-org-apache-sling-discovery-impl",
            "name": "Apache Sling Resource-Based Discovery Service",
            "tags": [
                "sling"
            ],
            "visibility": "public",
            "isNew": false
        },
        {
            "organization": "apache",
            "key": "apache_sling-org-apache-sling-rewriter",
            "name": "Apache Sling Rewriter",
            "tags": [
                "sling"
            ],
            "visibility": "public",
            "isNew": false
        },
        {
            "organization": "apache",
            "key": "apache_sling-org-apache-sling-scripting-bundle-tracker",
            "name": "Apache Sling Scripting Bundle Tracker",
            "tags": [
                "sling"
            ],
            "visibility": "public",
            "isNew": false
        }
    ],
    "facets": [
        {
            "property": "languages",
            "values": [
                {
                    "val": "xml",
                    "count": 14845
                },
                {
                    "val": "web",
                    "count": 13245
                },
                {
                    "val": "java",
                    "count": 13148
                },
                {
                    "val": "css",
                    "count": 11600
                },
                {
                    "val": "js",
                    "count": 11511
                },
                {
                    "val": "cs",
                    "count": 6127
                },
                {
                    "val": "php",
                    "count": 2740
                },
                {
                    "val": "py",
                    "count": 2703
                },
                {
                    "val": "ts",
                    "count": 2054
                },
                {
                    "val": "c",
                    "count": 1733
                }
            ]
        },
        {
            "property": "ncloc",
            "values": [
                {
                    "val": "*-1000.0",
                    "count": 28146
                },
                {
                    "val": "1000.0-10000.0",
                    "count": 18885
                },
                {
                    "val": "10000.0-100000.0",
                    "count": 10812
                },
                {
                    "val": "100000.0-500000.0",
                    "count": 1998
                },
                {
                    "val": "500000.0-*",
                    "count": 378
                }
            ]
        }
    ]
}