{
    "paging": {
        "pageIndex": 477,
        "pageSize": 10,
        "total": 32066
    },
    "organizations": [
        {
            "key": "renatopeg-github",
            "name": "RenatoPeG"
        },
        {
            "key": "vijayvani-github",
            "name": "vijayvani"
        },
        {
            "key": "kevindelcourt-github",
            "name": "KevinDelcourt"
        },
        {
            "key": "wvuk-sca",
            "name": "World Vision UK"
        },
        {
            "key": "chpfisterer",
            "name": "Christian Pfisterer"
        },
        {
            "key": "brendonmscott-github",
            "name": "Brendon Scott"
        },
        {
            "key": "metrumresearchgroup",
            "name": "metrumresearchgroup"
        },
        {
            "key": "shreeve-github",
            "name": "Steve Shreeve"
        },
        {
            "key": "lourdeszamora-github",
            "name": "Lourdes Zamora"
        },
        {
            "key": "vijayeluri-github",
            "name": "VijayEluri"
        }
    ],
    "components": [
        {
            "organization": "kevindelcourt-github",
            "key": "KevinDelcourt_cho7",
            "name": "cho7",
            "tags": [],
            "visibility": "public",
            "isNew": false
        },
        {
            "organization": "vijayvani-github",
            "key": "vijayvani_choco-solver",
            "name": "Choco-4.10.1-SNAPSHOT: an Open-Source Constraint Solver",
            "tags": [],
            "visibility": "public",
            "isNew": false
        },
        {
            "organization": "lourdeszamora-github",
            "key": "chocolatshalbav2",
            "name": "chocolatshalbav2",
            "tags": [],
            "visibility": "public",
            "isNew": false
        },
        {
            "organization": "metrumresearchgroup",
            "key": "metrumresearchgroup_chokhmah",
            "name": "chokhmah",
            "tags": [],
            "visibility": "public",
            "isNew": false
        },
        {
            "organization": "shreeve-github",
            "key": "chokidar",
            "name": "chokidar",
            "tags": [],
            "visibility": "public",
            "isNew": false
        },
        {
            "organization": "renatopeg-github",
            "key": "CholoFighter",
            "name": "CholoFighter",
            "tags": [],
            "visibility": "public",
            "isNew": false
        },
        {
            "organization": "brendonmscott-github",
            "key": "com.bscott.chore.tracker:chore-tracker-service",
            "name": "Chore Tracker Service",
            "tags": [],
            "visibility": "public",
            "isNew": false
        },
        {
            "organization": "wvuk-sca",
            "key": "Chosen",
            "name": "Chosen",
            "tags": [],
            "visibility": "public",
            "isNew": false
        },
        {
            "organization": "chpfisterer",
            "key": "ChPfisterer_mslearn-tailspin-spacegame-web",
            "name": "ChPfisterer_mslearn-tailspin-spacegame-web",
            "tags": [],
            "visibility": "public",
            "isNew": false
        },
        {
            "organization": "vijayeluri-github",
            "key": "VijayEluri_chris-box",
            "name": "CHRIS-Box",
            "tags": [],
            "visibility": "public",
            "isNew": false
        }
    ],
    "facets": [
        {
            "property": "languages",
            "values": [
                {
                    "val": "xml",
                    "count": 14842
                },
                {
                    "val": "web",
                    "count": 13243
                },
                {
                    "val": "java",
                    "count": 13146
                },
                {
                    "val": "css",
                    "count": 11599
                },
                {
                    "val": "js",
                    "count": 11508
                },
                {
                    "val": "cs",
                    "count": 6126
                },
                {
                    "val": "php",
                    "count": 2740
                },
                {
                    "val": "py",
                    "count": 2703
                },
                {
                    "val": "ts",
                    "count": 2054
                },
                {
                    "val": "c",
                    "count": 1733
                }
            ]
        },
        {
            "property": "ncloc",
            "values": [
                {
                    "val": "*-1000.0",
                    "count": 28146
                },
                {
                    "val": "1000.0-10000.0",
                    "count": 18880
                },
                {
                    "val": "10000.0-100000.0",
                    "count": 10810
                },
                {
                    "val": "100000.0-500000.0",
                    "count": 1998
                },
                {
                    "val": "500000.0-*",
                    "count": 378
                }
            ]
        }
    ]
}