{
    "paging": {
        "pageIndex": 914,
        "pageSize": 10,
        "total": 32066
    },
    "organizations": [
        {
            "key": "arley9511-bitbucket",
            "name": "Arley Fernandez"
        },
        {
            "key": "ia360-inc",
            "name": "IA360 Inc"
        },
        {
            "key": "maikokuipers-bitbucket",
            "name": "Maiko Kuipers"
        },
        {
            "key": "fedmask-github",
            "name": "fedmask"
        },
        {
            "key": "testdev",
            "name": "song-appliwebdev"
        },
        {
            "key": "freddytomsen-github",
            "name": "freddytomsen"
        },
        {
            "key": "paragontest",
            "name": "paragontest"
        },
        {
            "key": "luckytheraccoon-bitbucket",
            "name": "Pedro Lucas Ferreira"
        },
        {
            "key": "zohar7-github",
            "name": "Zohar7"
        }
    ],
    "components": [
        {
            "organization": "fedmask-github",
            "key": "fedmask_resp2",
            "name": "My project",
            "tags": [],
            "visibility": "public",
            "isNew": false
        },
        {
            "organization": "freddytomsen-github",
            "key": "freddytomsen_vue-test",
            "name": "My project",
            "tags": [],
            "visibility": "public",
            "isNew": false
        },
        {
            "organization": "ia360-inc",
            "key": "ia360-inc",
            "name": "My project",
            "tags": [],
            "visibility": "public",
            "isNew": false
        },
        {
            "organization": "testdev",
            "key": "keyweb",
            "name": "My project",
            "tags": [],
            "visibility": "public",
            "isNew": false
        },
        {
            "organization": "arley9511-bitbucket",
            "key": "legal-office",
            "name": "My project",
            "tags": [],
            "visibility": "public",
            "isNew": false
        },
        {
            "organization": "luckytheraccoon-bitbucket",
            "key": "luckytheraccoon_react",
            "name": "My project",
            "tags": [],
            "visibility": "public",
            "isNew": false
        },
        {
            "organization": "maikokuipers-bitbucket",
            "key": "maiko-project-conversations",
            "name": "My project",
            "tags": [],
            "visibility": "public",
            "isNew": false
        },
        {
            "organization": "zohar7-github",
            "key": "pylint_netwalk7",
            "name": "My project",
            "tags": [
                "1.0.0"
            ],
            "visibility": "public",
            "isNew": false
        },
        {
            "organization": "paragontest",
            "key": "taskkey1",
            "name": "My project",
            "tags": [],
            "visibility": "public",
            "isNew": false
        },
        {
            "organization": "testdev",
            "key": "testde",
            "name": "My project",
            "tags": [],
            "visibility": "public",
            "isNew": false
        }
    ],
    "facets": [
        {
            "property": "languages",
            "values": [
                {
                    "val": "xml",
                    "count": 14842
                },
                {
                    "val": "web",
                    "count": 13243
                },
                {
                    "val": "java",
                    "count": 13146
                },
                {
                    "val": "css",
                    "count": 11599
                },
                {
                    "val": "js",
                    "count": 11508
                },
                {
                    "val": "cs",
                    "count": 6126
                },
                {
                    "val": "php",
                    "count": 2740
                },
                {
                    "val": "py",
                    "count": 2703
                },
                {
                    "val": "ts",
                    "count": 2054
                },
                {
                    "val": "c",
                    "count": 1733
                }
            ]
        },
        {
            "property": "ncloc",
            "values": [
                {
                    "val": "*-1000.0",
                    "count": 28145
                },
                {
                    "val": "1000.0-10000.0",
                    "count": 18880
                },
                {
                    "val": "10000.0-100000.0",
                    "count": 10810
                },
                {
                    "val": "100000.0-500000.0",
                    "count": 1998
                },
                {
                    "val": "500000.0-*",
                    "count": 378
                }
            ]
        }
    ]
}