{
    "paging": {
        "pageIndex": 560,
        "pageSize": 10,
        "total": 32064
    },
    "organizations": [
        {
            "key": "1908-aug19-java",
            "name": "1908-aug19-java"
        },
        {
            "key": "conorhall96-github",
            "name": "Conor Hall"
        },
        {
            "key": "nlesc",
            "name": "Netherlands eScience Center"
        },
        {
            "key": "virteom-public",
            "name": "Virteom Public"
        },
        {
            "key": "moonlay-github",
            "name": "moonlay"
        },
        {
            "key": "mpgsepam",
            "name": "mpgsepam"
        },
        {
            "key": "marcwrobel",
            "name": "Marc Wrobel"
        },
        {
            "key": "kikachu-github",
            "name": "kikachu"
        },
        {
            "key": "abhishekkumarsingh3",
            "name": "abhishekkumarsingh3"
        },
        {
            "key": "vijayeluri-github",
            "name": "VijayEluri"
        }
    ],
    "components": [
        {
            "organization": "abhishekkumarsingh3",
            "key": "abhishekkumarsingh3_dempProject1",
            "name": "dempProject1",
            "tags": [],
            "visibility": "public",
            "eligibilityStatus": "COMPLETED",
            "eligible": true,
            "isNew": false
        },
        {
            "organization": "kikachu-github",
            "key": "kikachu_DiscountLocator2018",
            "name": "DiscountLocatorG1Git",
            "tags": [],
            "visibility": "public",
            "isNew": false
        },
        {
            "organization": "vijayeluri-github",
            "key": "VijayEluri_log-parser-plugin",
            "name": "Log Parser Plugin",
            "tags": [],
            "visibility": "public",
            "isNew": false
        },
        {
            "organization": "1908-aug19-java",
            "key": "1908-aug19-java_project2-joe-michael-backend",
            "name": "project-2-spring-backend",
            "tags": [],
            "visibility": "public",
            "isNew": false
        },
        {
            "organization": "virteom-public",
            "key": "bumperlane-public-dotnet:develop",
            "name": "BumperLane Public DotNet",
            "tags": [],
            "visibility": "public",
            "isNew": false
        },
        {
            "organization": "conorhall96-github",
            "key": "anubhav.calculatorapp",
            "name": "CalculatorApp",
            "tags": [],
            "visibility": "public",
            "isNew": false
        },
        {
            "organization": "marcwrobel",
            "key": "fr.marcwrobel:jbanking",
            "name": "jbanking",
            "tags": [],
            "visibility": "public",
            "isNew": false
        },
        {
            "organization": "moonlay-github",
            "key": "mojfw-plgn-both",
            "name": "mojfw-plgn-both",
            "tags": [],
            "visibility": "public",
            "isNew": false
        },
        {
            "organization": "mpgsepam",
            "key": "com.epam.shoppingcart:shoppingcartservice",
            "name": "ShoppingCart",
            "tags": [],
            "visibility": "public",
            "isNew": false
        },
        {
            "organization": "nlesc",
            "key": "nl.esciencecenter.xenon.grpc:xenon-grpc",
            "name": "xenon-grpc",
            "tags": [],
            "visibility": "public",
            "isNew": false
        }
    ],
    "facets": [
        {
            "property": "languages",
            "values": [
                {
                    "val": "xml",
                    "count": 14841
                },
                {
                    "val": "web",
                    "count": 13242
                },
                {
                    "val": "java",
                    "count": 13146
                },
                {
                    "val": "css",
                    "count": 11597
                },
                {
                    "val": "js",
                    "count": 11505
                },
                {
                    "val": "cs",
                    "count": 6126
                },
                {
                    "val": "php",
                    "count": 2740
                },
                {
                    "val": "py",
                    "count": 2703
                },
                {
                    "val": "ts",
                    "count": 2053
                },
                {
                    "val": "c",
                    "count": 1733
                }
            ]
        },
        {
            "property": "ncloc",
            "values": [
                {
                    "val": "*-1000.0",
                    "count": 28143
                },
                {
                    "val": "1000.0-10000.0",
                    "count": 18879
                },
                {
                    "val": "10000.0-100000.0",
                    "count": 10810
                },
                {
                    "val": "100000.0-500000.0",
                    "count": 1997
                },
                {
                    "val": "500000.0-*",
                    "count": 378
                }
            ]
        }
    ]
}