{
    "paging": {
        "pageIndex": 576,
        "pageSize": 10,
        "total": 32064
    },
    "organizations": [
        {
            "key": "cloudbluesonarcube",
            "name": "CloudBlue"
        },
        {
            "key": "sidgek-github",
            "name": "Sigbj\u00f8rn Kjensmo"
        },
        {
            "key": "brndnmtthws-github",
            "name": "Brenden Matthews"
        },
        {
            "key": "crydeb-github",
            "name": "CryDeb"
        },
        {
            "key": "danielruf-github",
            "name": "Daniel Ruf"
        },
        {
            "key": "kishanlalbj-github",
            "name": "kishanlal  B J"
        },
        {
            "key": "robtimus-github",
            "name": "Rob Spoor"
        }
    ],
    "components": [
        {
            "organization": "brndnmtthws-github",
            "key": "conky",
            "name": "Conky",
            "tags": [],
            "visibility": "public",
            "isNew": false
        },
        {
            "organization": "cloudbluesonarcube",
            "key": "django-rql",
            "name": "Connect Django RQL Filters",
            "tags": [],
            "visibility": "public",
            "isNew": false
        },
        {
            "organization": "sidgek-github",
            "key": "sigbjokj-tests",
            "name": "connect-android-sdk",
            "tags": [],
            "visibility": "public",
            "isNew": false
        },
        {
            "organization": "cloudbluesonarcube",
            "key": "cloudblue_connect-javascript-sdk",
            "name": "connect-javascript-sdk",
            "tags": [],
            "visibility": "public",
            "isNew": false
        },
        {
            "organization": "danielruf-github",
            "key": "connect-mongo",
            "name": "connect-mongo",
            "tags": [],
            "visibility": "public",
            "isNew": false
        },
        {
            "organization": "cloudbluesonarcube",
            "key": "connectphpsdk",
            "name": "connect-php-sdk",
            "tags": [],
            "visibility": "public",
            "isNew": false
        },
        {
            "organization": "cloudbluesonarcube",
            "key": "connectpythonsdk",
            "name": "connect-python-sdk",
            "tags": [],
            "visibility": "public",
            "isNew": false
        },
        {
            "organization": "robtimus-github",
            "key": "com.github.robtimus:connect-sdk-java-spring-boot-starter",
            "name": "connect-sdk-java-spring-boot-starter",
            "tags": [],
            "visibility": "public",
            "isNew": false
        },
        {
            "organization": "crydeb-github",
            "key": "CryDeb_hslu_fs19_swat-prg2",
            "name": "Connect4",
            "tags": [],
            "visibility": "public",
            "isNew": false
        },
        {
            "organization": "kishanlalbj-github",
            "key": "kishanlalbj_connect-book",
            "name": "connect_book",
            "tags": [],
            "visibility": "public",
            "isNew": false
        }
    ],
    "facets": [
        {
            "property": "languages",
            "values": [
                {
                    "val": "xml",
                    "count": 14841
                },
                {
                    "val": "web",
                    "count": 13242
                },
                {
                    "val": "java",
                    "count": 13146
                },
                {
                    "val": "css",
                    "count": 11597
                },
                {
                    "val": "js",
                    "count": 11505
                },
                {
                    "val": "cs",
                    "count": 6126
                },
                {
                    "val": "php",
                    "count": 2740
                },
                {
                    "val": "py",
                    "count": 2703
                },
                {
                    "val": "ts",
                    "count": 2053
                },
                {
                    "val": "c",
                    "count": 1733
                }
            ]
        },
        {
            "property": "ncloc",
            "values": [
                {
                    "val": "*-1000.0",
                    "count": 28144
                },
                {
                    "val": "1000.0-10000.0",
                    "count": 18879
                },
                {
                    "val": "10000.0-100000.0",
                    "count": 10810
                },
                {
                    "val": "100000.0-500000.0",
                    "count": 1997
                },
                {
                    "val": "500000.0-*",
                    "count": 378
                }
            ]
        }
    ]
}