{
    "paging": {
        "pageIndex": 699,
        "pageSize": 10,
        "total": 32068
    },
    "organizations": [
        {
            "key": "dorilas2020-space-game-web",
            "name": "dorilas2020-space-game-web"
        },
        {
            "key": "novytskamv-bitbucket",
            "name": "Mariia Novitska"
        },
        {
            "key": "ntnhonqt",
            "name": "ntnhonqt"
        },
        {
            "key": "revaturelabs-screenforce",
            "name": "Revature Labs"
        },
        {
            "key": "chpfisterer",
            "name": "Christian Pfisterer"
        }
    ],
    "components": [
        {
            "organization": "revaturelabs-screenforce",
            "key": "caliber-2-quality-audit-service:pr/59",
            "name": "caliber-quality-audit-service pr/59",
            "tags": [],
            "visibility": "public",
            "isNew": false
        },
        {
            "organization": "revaturelabs-screenforce",
            "key": "caliber-2-quality-audit-service:pr/60",
            "name": "caliber-quality-audit-service pr/60",
            "tags": [],
            "visibility": "public",
            "isNew": false
        },
        {
            "organization": "revaturelabs-screenforce",
            "key": "caliber-2-quality-audit-service:pr/61",
            "name": "caliber-quality-audit-service pr/61",
            "tags": [],
            "visibility": "public",
            "isNew": false
        },
        {
            "organization": "revaturelabs-screenforce",
            "key": "caliber-2-quality-audit-service:pr/62",
            "name": "caliber-quality-audit-service pr/62",
            "tags": [],
            "visibility": "public",
            "isNew": false
        },
        {
            "organization": "revaturelabs-screenforce",
            "key": "caliber-2-quality-audit-service:pr/63",
            "name": "caliber-quality-audit-service pr/63",
            "tags": [],
            "visibility": "public",
            "isNew": false
        },
        {
            "organization": "revaturelabs-screenforce",
            "key": "caliber-2-quality-audit-service:pr/64",
            "name": "caliber-quality-audit-service pr/64",
            "tags": [],
            "visibility": "public",
            "isNew": false
        },
        {
            "organization": "novytskamv-bitbucket",
            "key": "com.epam.chatbot:chatbot-authorization",
            "name": "chatbot-authorization",
            "tags": [],
            "visibility": "public",
            "isNew": false
        },
        {
            "organization": "chpfisterer",
            "key": "ChPfisterer_mslearn-tailspin-spacegame-web",
            "name": "ChPfisterer_mslearn-tailspin-spacegame-web",
            "tags": [],
            "visibility": "public",
            "isNew": false
        },
        {
            "organization": "ntnhonqt",
            "key": "Dating-API-010493",
            "name": "Dating-API-010493",
            "tags": [],
            "visibility": "public",
            "isNew": false
        },
        {
            "organization": "dorilas2020-space-game-web",
            "key": "dorilas2020-space-game-web",
            "name": "dorilas2020-space-game-web",
            "tags": [],
            "visibility": "public",
            "isNew": false
        }
    ],
    "facets": [
        {
            "property": "languages",
            "values": [
                {
                    "val": "xml",
                    "count": 14842
                },
                {
                    "val": "web",
                    "count": 13244
                },
                {
                    "val": "java",
                    "count": 13146
                },
                {
                    "val": "css",
                    "count": 11600
                },
                {
                    "val": "js",
                    "count": 11509
                },
                {
                    "val": "cs",
                    "count": 6127
                },
                {
                    "val": "php",
                    "count": 2740
                },
                {
                    "val": "py",
                    "count": 2703
                },
                {
                    "val": "ts",
                    "count": 2054
                },
                {
                    "val": "c",
                    "count": 1733
                }
            ]
        },
        {
            "property": "ncloc",
            "values": [
                {
                    "val": "*-1000.0",
                    "count": 28145
                },
                {
                    "val": "1000.0-10000.0",
                    "count": 18881
                },
                {
                    "val": "10000.0-100000.0",
                    "count": 10811
                },
                {
                    "val": "100000.0-500000.0",
                    "count": 1998
                },
                {
                    "val": "500000.0-*",
                    "count": 378
                }
            ]
        }
    ]
}