{
    "paging": {
        "pageIndex": 302,
        "pageSize": 10,
        "total": 32063
    },
    "organizations": [
        {
            "key": "sogetrel-bitbucket",
            "name": "Sogetrel"
        },
        {
            "key": "jordaos-github",
            "name": "Jord\u00e3o Souza"
        },
        {
            "key": "pcalchi-github",
            "name": "Isaac Martinez"
        },
        {
            "key": "plbossart-github",
            "name": "Pierre Bossart"
        },
        {
            "key": "spotbugs",
            "name": "spotbugs"
        },
        {
            "key": "tolasom-github",
            "name": "tolasom"
        },
        {
            "key": "kstan93-github",
            "name": "Kim Tan"
        },
        {
            "key": "brobinson15-github",
            "name": "Bennett Robinson"
        },
        {
            "key": "admjack-github",
            "name": "xiaoxiaolin"
        },
        {
            "key": "agudelotmateo-github",
            "name": "Mateo Agudelo"
        }
    ],
    "components": [
        {
            "organization": "plbossart-github",
            "key": "sof-10",
            "name": "sof-10",
            "tags": [],
            "visibility": "public",
            "isNew": false
        },
        {
            "organization": "agudelotmateo-github",
            "key": "matero",
            "name": "matero",
            "tags": [],
            "visibility": "public",
            "isNew": false
        },
        {
            "organization": "admjack-github",
            "key": "test-sql",
            "name": "pqc",
            "tags": [],
            "visibility": "public",
            "isNew": false
        },
        {
            "organization": "spotbugs",
            "key": "com.github.spotbugs:sonar-findbugs-plugin:run-sonar-in-master-branch",
            "name": "SonarQube SpotBugs Plugin run-sonar-in-master-branch",
            "tags": [],
            "visibility": "public",
            "isNew": false
        },
        {
            "organization": "pcalchi-github",
            "key": "OrlCC18",
            "name": "OrlCC18",
            "tags": [],
            "visibility": "public",
            "isNew": false
        },
        {
            "organization": "tolasom-github",
            "key": "Entry:Exit:Management:SystemTest",
            "name": "Entry and Exit Management System Test",
            "tags": [],
            "visibility": "public",
            "isNew": false
        },
        {
            "organization": "jordaos-github",
            "key": "io.reactivex.rxjava2:rxjava",
            "name": "rxjava",
            "tags": [],
            "visibility": "public",
            "isNew": false
        },
        {
            "organization": "brobinson15-github",
            "key": "streakergame",
            "name": "Streaker Game",
            "tags": [],
            "visibility": "public",
            "isNew": false
        },
        {
            "organization": "kstan93-github",
            "key": "databoss-405",
            "name": "databoss-405",
            "tags": [],
            "visibility": "public",
            "isNew": false
        },
        {
            "organization": "sogetrel-bitbucket",
            "key": "sim",
            "name": "Sogetrel.Bytel.CheckVoisinage",
            "tags": [],
            "visibility": "public",
            "isNew": false
        }
    ],
    "facets": [
        {
            "property": "languages",
            "values": [
                {
                    "val": "xml",
                    "count": 14840
                },
                {
                    "val": "web",
                    "count": 13241
                },
                {
                    "val": "java",
                    "count": 13146
                },
                {
                    "val": "css",
                    "count": 11596
                },
                {
                    "val": "js",
                    "count": 11504
                },
                {
                    "val": "cs",
                    "count": 6126
                },
                {
                    "val": "php",
                    "count": 2739
                },
                {
                    "val": "py",
                    "count": 2703
                },
                {
                    "val": "ts",
                    "count": 2053
                },
                {
                    "val": "c",
                    "count": 1733
                }
            ]
        },
        {
            "property": "ncloc",
            "values": [
                {
                    "val": "*-1000.0",
                    "count": 28140
                },
                {
                    "val": "1000.0-10000.0",
                    "count": 18880
                },
                {
                    "val": "10000.0-100000.0",
                    "count": 10809
                },
                {
                    "val": "100000.0-500000.0",
                    "count": 1996
                },
                {
                    "val": "500000.0-*",
                    "count": 378
                }
            ]
        }
    ]
}