{
    "paging": {
        "pageIndex": 174,
        "pageSize": 10,
        "total": 32073
    },
    "organizations": [
        {
            "key": "alex-test",
            "name": "alex-test"
        },
        {
            "key": "partsunlimitedkey",
            "name": "PartsUnlimitedKey"
        },
        {
            "key": "ropisoft",
            "name": "Ropi Soft"
        },
        {
            "key": "bsmulders",
            "name": "bsmulders"
        },
        {
            "key": "gii-is-psg2",
            "name": "Proceso Software y Gesti\u00f3n II"
        },
        {
            "key": "sakiappstrakt-github",
            "name": "November Five"
        },
        {
            "key": "primosolutions-bitbucket",
            "name": "Simon Taylor"
        },
        {
            "key": "pruebaceiba",
            "name": "CeibaPrueba"
        },
        {
            "key": "john-fredy-estupinan-gomez26512",
            "name": "John Fredy Estupi\u00f1\u00e1n G\u00f3mez"
        }
    ],
    "components": [
        {
            "organization": "sakiappstrakt-github",
            "key": "prox-0001-myproximus-ios",
            "name": "prox-0001-myproximus-ios",
            "tags": [],
            "visibility": "public",
            "isNew": false
        },
        {
            "organization": "pruebaceiba",
            "key": "pruebaceiba",
            "name": "pruebaceiba",
            "tags": [],
            "visibility": "public",
            "isNew": false
        },
        {
            "organization": "john-fredy-estupinan-gomez26512",
            "key": "PruebasAngular:273dc65ae2e4fa8a03e335c546c8f397a4bab37c",
            "name": "PruebasAngular",
            "tags": [],
            "visibility": "public",
            "isNew": false
        },
        {
            "organization": "primosolutions-bitbucket",
            "key": "com.primoevents:ps",
            "name": "ps",
            "tags": [],
            "visibility": "public",
            "isNew": false
        },
        {
            "organization": "ropisoft",
            "key": "io.ropi.psf:psf-parent",
            "name": "psf-parent",
            "tags": [],
            "visibility": "public",
            "isNew": false
        },
        {
            "organization": "gii-is-psg2",
            "key": "gii-is-psg2_PSG2-1819-G5-50",
            "name": "PSG2-1819-G5-50",
            "tags": [],
            "visibility": "public",
            "isNew": false
        },
        {
            "organization": "gii-is-psg2",
            "key": "gii-is-psg2_PSG2-1819-G6-62",
            "name": "PSG2-1819-G6-62",
            "tags": [],
            "visibility": "public",
            "isNew": false
        },
        {
            "organization": "bsmulders",
            "key": "bsmulders_psionlink",
            "name": "psionlink",
            "tags": [],
            "visibility": "public",
            "isNew": false
        },
        {
            "organization": "alex-test",
            "key": "pulse",
            "name": "pulse",
            "tags": [],
            "visibility": "public",
            "isNew": false
        },
        {
            "organization": "partsunlimitedkey",
            "key": "punlimited",
            "name": "punlimited",
            "tags": [],
            "visibility": "public",
            "isNew": false
        }
    ],
    "facets": [
        {
            "property": "languages",
            "values": [
                {
                    "val": "xml",
                    "count": 14845
                },
                {
                    "val": "web",
                    "count": 13245
                },
                {
                    "val": "java",
                    "count": 13148
                },
                {
                    "val": "css",
                    "count": 11600
                },
                {
                    "val": "js",
                    "count": 11511
                },
                {
                    "val": "cs",
                    "count": 6127
                },
                {
                    "val": "php",
                    "count": 2740
                },
                {
                    "val": "py",
                    "count": 2703
                },
                {
                    "val": "ts",
                    "count": 2054
                },
                {
                    "val": "c",
                    "count": 1733
                }
            ]
        },
        {
            "property": "ncloc",
            "values": [
                {
                    "val": "*-1000.0",
                    "count": 28145
                },
                {
                    "val": "1000.0-10000.0",
                    "count": 18885
                },
                {
                    "val": "10000.0-100000.0",
                    "count": 10812
                },
                {
                    "val": "100000.0-500000.0",
                    "count": 1998
                },
                {
                    "val": "500000.0-*",
                    "count": 378
                }
            ]
        }
    ]
}