{
    "paging": {
        "pageIndex": 343,
        "pageSize": 10,
        "total": 32067
    },
    "organizations": [
        {
            "key": "jacobperron-github",
            "name": "Jacob Perron"
        },
        {
            "key": "egore-github",
            "name": "Christoph Brill"
        },
        {
            "key": "holocrons-github",
            "name": "Holocrons"
        },
        {
            "key": "qarmin-1",
            "name": "Rafa\u0142"
        },
        {
            "key": "nanoframework",
            "name": "nanoFramework"
        },
        {
            "key": "bokchan-github",
            "name": "Andreas Bok Andersen"
        },
        {
            "key": "simonpoole-github",
            "name": "Simon Poole"
        },
        {
            "key": "bmordue-github",
            "name": "Ben Mordue"
        },
        {
            "key": "duality-solutions",
            "name": "Duality Blockchain Solutions LLC"
        },
        {
            "key": "sopra-team-17",
            "name": "SoPra-Team-17"
        }
    ],
    "components": [
        {
            "organization": "bmordue-github",
            "key": "me.bmordue.lgm:lgm",
            "name": "Lgm",
            "tags": [],
            "visibility": "public",
            "isNew": false
        },
        {
            "organization": "simonpoole-github",
            "key": "OpeningHoursFragment:lib",
            "name": "lib",
            "tags": [],
            "visibility": "public",
            "isNew": false
        },
        {
            "organization": "nanoframework",
            "key": "nanoframework_lib-nanoFramework.Graphics",
            "name": "lib-nanoFramework.Graphics",
            "tags": [],
            "visibility": "public",
            "eligibilityStatus": "COMPLETED",
            "eligible": false,
            "isNew": false
        },
        {
            "organization": "duality-solutions",
            "key": "libbdaptorrent",
            "name": "libbdaptorrent",
            "tags": [],
            "visibility": "public",
            "isNew": false
        },
        {
            "organization": "sopra-team-17",
            "key": "SoPra-Team-17_LibCommon",
            "name": "LibCommon",
            "tags": [],
            "visibility": "public",
            "eligibilityStatus": "COMPLETED",
            "eligible": false,
            "isNew": false
        },
        {
            "organization": "jacobperron-github",
            "key": "libcreate",
            "name": "libcreate",
            "tags": [],
            "visibility": "public",
            "isNew": false
        },
        {
            "organization": "bokchan-github",
            "key": "libdrizzle-redux",
            "name": "libdrizzle-redux",
            "tags": [],
            "visibility": "public",
            "isNew": false
        },
        {
            "organization": "qarmin-1",
            "key": "qarmin_libhandy",
            "name": "libhandy",
            "tags": [],
            "visibility": "public",
            "isNew": false
        },
        {
            "organization": "egore-github",
            "key": "de.egore911:libldt3",
            "name": "libldt3",
            "tags": [],
            "visibility": "public",
            "isNew": false
        },
        {
            "organization": "holocrons-github",
            "key": "Holocrons_liblogicalaccess",
            "name": "liblogicalaccess",
            "tags": [],
            "visibility": "public",
            "isNew": false
        }
    ],
    "facets": [
        {
            "property": "languages",
            "values": [
                {
                    "val": "xml",
                    "count": 14842
                },
                {
                    "val": "web",
                    "count": 13243
                },
                {
                    "val": "java",
                    "count": 13146
                },
                {
                    "val": "css",
                    "count": 11599
                },
                {
                    "val": "js",
                    "count": 11508
                },
                {
                    "val": "cs",
                    "count": 6126
                },
                {
                    "val": "php",
                    "count": 2740
                },
                {
                    "val": "py",
                    "count": 2703
                },
                {
                    "val": "ts",
                    "count": 2054
                },
                {
                    "val": "c",
                    "count": 1733
                }
            ]
        },
        {
            "property": "ncloc",
            "values": [
                {
                    "val": "*-1000.0",
                    "count": 28145
                },
                {
                    "val": "1000.0-10000.0",
                    "count": 18881
                },
                {
                    "val": "10000.0-100000.0",
                    "count": 10810
                },
                {
                    "val": "100000.0-500000.0",
                    "count": 1998
                },
                {
                    "val": "500000.0-*",
                    "count": 378
                }
            ]
        }
    ]
}