{
    "paging": {
        "pageIndex": 844,
        "pageSize": 10,
        "total": 32071
    },
    "organizations": [
        {
            "key": "dan323-github",
            "name": "dan323"
        },
        {
            "key": "vijayvani-github",
            "name": "vijayvani"
        },
        {
            "key": "ahmedtroudi-github",
            "name": "AhmedTroudi"
        },
        {
            "key": "kotkarabhishek",
            "name": "Abhishekkotkar"
        },
        {
            "key": "sandra-walters-github",
            "name": "Sandra Walters"
        },
        {
            "key": "shivam-miglani-github",
            "name": "Shivam Miglani"
        },
        {
            "key": "vandersozc-github",
            "name": "Vanderson Campanholi"
        },
        {
            "key": "jtwang99",
            "name": "JT Wang"
        },
        {
            "key": "thephenom1708",
            "name": "Kaivalya Mendki"
        },
        {
            "key": "neuromancer",
            "name": "neuromancer"
        }
    ],
    "components": [
        {
            "organization": "ahmedtroudi-github",
            "key": "com.sfm:elearningplatform",
            "name": "ELearning SFM",
            "tags": [],
            "visibility": "public",
            "isNew": false
        },
        {
            "organization": "kotkarabhishek",
            "key": "kotkarabhishek_ElectoChain",
            "name": "ElectoChain",
            "tags": [],
            "visibility": "public",
            "isNew": false
        },
        {
            "organization": "thephenom1708",
            "key": "thephenom1708_ElectoChain",
            "name": "ElectoChain",
            "tags": [],
            "visibility": "public",
            "isNew": false
        },
        {
            "organization": "dan323-github",
            "key": "com.dan323.elections:electoral-system-sim",
            "name": "electoral-system-sim",
            "tags": [],
            "visibility": "public",
            "isNew": false
        },
        {
            "organization": "vandersozc-github",
            "key": "com.orcamentoeletrico:orcamento",
            "name": "Electric-Budget",
            "tags": [],
            "visibility": "public",
            "isNew": false
        },
        {
            "organization": "vijayvani-github",
            "key": "vijayvani_electron",
            "name": "Electron",
            "tags": [],
            "visibility": "public",
            "isNew": false
        },
        {
            "organization": "jtwang99",
            "key": "jtwang99_electron-api-demos",
            "name": "electron-api-demos",
            "tags": [],
            "visibility": "public",
            "eligibilityStatus": "COMPLETED",
            "eligible": true,
            "isNew": false
        },
        {
            "organization": "neuromancer",
            "key": "neuromancer_Electron-Cash-SLP",
            "name": "Electron-Cash-SLP",
            "tags": [],
            "visibility": "public",
            "isNew": false
        },
        {
            "organization": "shivam-miglani-github",
            "key": "electron-js-analysis",
            "name": "electron-js-analysis",
            "tags": [],
            "visibility": "public",
            "isNew": false
        },
        {
            "organization": "sandra-walters-github",
            "key": "sandra-walters_electron-quick-start",
            "name": "electron-quick-start",
            "tags": [],
            "visibility": "public",
            "isNew": false
        }
    ],
    "facets": [
        {
            "property": "languages",
            "values": [
                {
                    "val": "xml",
                    "count": 14844
                },
                {
                    "val": "web",
                    "count": 13244
                },
                {
                    "val": "java",
                    "count": 13148
                },
                {
                    "val": "css",
                    "count": 11599
                },
                {
                    "val": "js",
                    "count": 11509
                },
                {
                    "val": "cs",
                    "count": 6127
                },
                {
                    "val": "php",
                    "count": 2740
                },
                {
                    "val": "py",
                    "count": 2703
                },
                {
                    "val": "ts",
                    "count": 2054
                },
                {
                    "val": "c",
                    "count": 1733
                }
            ]
        },
        {
            "property": "ncloc",
            "values": [
                {
                    "val": "*-1000.0",
                    "count": 28144
                },
                {
                    "val": "1000.0-10000.0",
                    "count": 18883
                },
                {
                    "val": "10000.0-100000.0",
                    "count": 10812
                },
                {
                    "val": "100000.0-500000.0",
                    "count": 1998
                },
                {
                    "val": "500000.0-*",
                    "count": 378
                }
            ]
        }
    ]
}