{
    "paging": {
        "pageIndex": 29,
        "pageSize": 10,
        "total": 32073
    },
    "organizations": [
        {
            "key": "shellhub-io",
            "name": "ShellHub"
        },
        {
            "key": "doculibre",
            "name": "doculibre"
        },
        {
            "key": "okucheruk-github",
            "name": "Oleksii Kucheruk"
        },
        {
            "key": "cnjun-github",
            "name": "cnJun"
        },
        {
            "key": "franciscorolando-github",
            "name": "FranciscoRolando"
        },
        {
            "key": "jafernandeztg",
            "name": "jafernandeztg"
        },
        {
            "key": "bcgov-sonarcloud",
            "name": "Province of British Columbia"
        },
        {
            "key": "hukoeth-github",
            "name": "Uli "
        },
        {
            "key": "softfly-github",
            "name": "Grzegorz Ziemski"
        },
        {
            "key": "pwei1018",
            "name": "Patrick Wei"
        }
    ],
    "components": [
        {
            "organization": "bcgov-sonarcloud",
            "key": "bcgov_sbc-auth",
            "name": "sbc-auth",
            "tags": [],
            "visibility": "public",
            "isNew": false
        },
        {
            "organization": "pwei1018",
            "key": "pwei1018_sbc-auth",
            "name": "sbc-auth",
            "tags": [],
            "visibility": "public",
            "isNew": false
        },
        {
            "organization": "doculibre",
            "key": "constellio",
            "name": "sdk",
            "tags": [],
            "visibility": "public",
            "isNew": false
        },
        {
            "organization": "cnjun-github",
            "key": "com.sdk4:sdk4-java-boot",
            "name": "sdk4-java-boot",
            "tags": [],
            "visibility": "public",
            "isNew": false
        },
        {
            "organization": "jafernandeztg",
            "key": "jafernandeztg_SeguridadTest_WAPP",
            "name": "SeguridadTest_WAPP",
            "tags": [],
            "visibility": "public",
            "isNew": false
        },
        {
            "organization": "hukoeth-github",
            "key": "hukoeth_server",
            "name": "server",
            "tags": [],
            "visibility": "public",
            "isNew": false
        },
        {
            "organization": "okucheruk-github",
            "key": "okucheruk_FileHub",
            "name": "server",
            "tags": [],
            "visibility": "public",
            "isNew": false
        },
        {
            "organization": "softfly-github",
            "key": "softfly_serversidetest",
            "name": "serversidetest",
            "tags": [],
            "visibility": "public",
            "isNew": false
        },
        {
            "organization": "franciscorolando-github",
            "key": "MBN-SGRH",
            "name": "SGRH-web",
            "tags": [],
            "visibility": "public",
            "isNew": false
        },
        {
            "organization": "shellhub-io",
            "key": "shellhub",
            "name": "shellhub",
            "tags": [],
            "visibility": "public",
            "isNew": false
        }
    ],
    "facets": [
        {
            "property": "languages",
            "values": [
                {
                    "val": "xml",
                    "count": 14845
                },
                {
                    "val": "web",
                    "count": 13245
                },
                {
                    "val": "java",
                    "count": 13148
                },
                {
                    "val": "css",
                    "count": 11600
                },
                {
                    "val": "js",
                    "count": 11511
                },
                {
                    "val": "cs",
                    "count": 6127
                },
                {
                    "val": "php",
                    "count": 2740
                },
                {
                    "val": "py",
                    "count": 2703
                },
                {
                    "val": "ts",
                    "count": 2054
                },
                {
                    "val": "c",
                    "count": 1733
                }
            ]
        },
        {
            "property": "ncloc",
            "values": [
                {
                    "val": "*-1000.0",
                    "count": 28146
                },
                {
                    "val": "1000.0-10000.0",
                    "count": 18885
                },
                {
                    "val": "10000.0-100000.0",
                    "count": 10812
                },
                {
                    "val": "100000.0-500000.0",
                    "count": 1998
                },
                {
                    "val": "500000.0-*",
                    "count": 378
                }
            ]
        }
    ]
}