{
    "paging": {
        "pageIndex": 326,
        "pageSize": 10,
        "total": 32063
    },
    "organizations": [
        {
            "key": "databiosphere",
            "name": "DataBiosphere"
        },
        {
            "key": "wearetherobots-github",
            "name": "wearetherobots-github"
        },
        {
            "key": "maartenx-github",
            "name": "MaartenX"
        },
        {
            "key": "exclamationlabs",
            "name": "Exclamation Labs"
        },
        {
            "key": "guilhermears-github",
            "name": "GuilhermeARS"
        }
    ],
    "components": [
        {
            "organization": "maartenx-github",
            "key": "ConnectQl",
            "name": "ConnectQl",
            "tags": [],
            "visibility": "public",
            "isNew": false
        },
        {
            "organization": "exclamationlabs",
            "key": "ExclamationLabs_connector-box-rest",
            "name": "ConnId Box Identity connector",
            "tags": [],
            "visibility": "public",
            "isNew": false
        },
        {
            "organization": "guilhermears-github",
            "key": "conportaufgbrpesqporta",
            "name": "conporta022018",
            "tags": [],
            "visibility": "public",
            "isNew": false
        },
        {
            "organization": "wearetherobots-github",
            "key": "conseg_minutas_10",
            "name": "conseg_minutas_10",
            "tags": [],
            "visibility": "public",
            "isNew": false
        },
        {
            "organization": "wearetherobots-github",
            "key": "conseg_personal_10",
            "name": "conseg_personal_10",
            "tags": [],
            "visibility": "public",
            "isNew": false
        },
        {
            "organization": "wearetherobots-github",
            "key": "conseg_request_10",
            "name": "conseg_request_10",
            "tags": [],
            "visibility": "public",
            "isNew": false
        },
        {
            "organization": "wearetherobots-github",
            "key": "conseg_supervision_10",
            "name": "conseg_supervision_10",
            "tags": [],
            "visibility": "public",
            "isNew": false
        },
        {
            "organization": "wearetherobots-github",
            "key": "conseg_ventas_10",
            "name": "conseg_ventas_10",
            "tags": [],
            "visibility": "public",
            "isNew": false
        },
        {
            "organization": "databiosphere",
            "key": "org.broadinstitute:consent-parent",
            "name": "Consent Management Services",
            "tags": [],
            "visibility": "public",
            "isNew": false
        },
        {
            "organization": "databiosphere",
            "key": "org.broadinstitute:consent-ontology",
            "name": "Consent Management: Ontology Services",
            "tags": [],
            "visibility": "public",
            "isNew": false
        }
    ],
    "facets": [
        {
            "property": "languages",
            "values": [
                {
                    "val": "xml",
                    "count": 14840
                },
                {
                    "val": "web",
                    "count": 13241
                },
                {
                    "val": "java",
                    "count": 13146
                },
                {
                    "val": "css",
                    "count": 11596
                },
                {
                    "val": "js",
                    "count": 11504
                },
                {
                    "val": "cs",
                    "count": 6126
                },
                {
                    "val": "php",
                    "count": 2739
                },
                {
                    "val": "py",
                    "count": 2703
                },
                {
                    "val": "ts",
                    "count": 2053
                },
                {
                    "val": "c",
                    "count": 1733
                }
            ]
        },
        {
            "property": "ncloc",
            "values": [
                {
                    "val": "*-1000.0",
                    "count": 28143
                },
                {
                    "val": "1000.0-10000.0",
                    "count": 18879
                },
                {
                    "val": "10000.0-100000.0",
                    "count": 10810
                },
                {
                    "val": "100000.0-500000.0",
                    "count": 1996
                },
                {
                    "val": "500000.0-*",
                    "count": 378
                }
            ]
        }
    ]
}