{
    "paging": {
        "pageIndex": 580,
        "pageSize": 10,
        "total": 32068
    },
    "organizations": [
        {
            "key": "openimis",
            "name": "openimis"
        },
        {
            "key": "jakartaee",
            "name": "jakartaee"
        },
        {
            "key": "nextstep-org",
            "name": "nextstep-org"
        },
        {
            "key": "aayaffe",
            "name": "aayaffe"
        },
        {
            "key": "damo-private",
            "name": "damo-private"
        },
        {
            "key": "yantrun",
            "name": "Yantrun"
        },
        {
            "key": "buywetwok-github",
            "name": "buywetwok"
        },
        {
            "key": "javaddd",
            "name": "Javad"
        },
        {
            "key": "clivern-github",
            "name": "Clivern"
        },
        {
            "key": "onap",
            "name": "Open Network Automation Platform (ONAP)"
        }
    ],
    "components": [
        {
            "organization": "onap",
            "key": "onap_aai-data-router",
            "name": "aai-data-router",
            "tags": [],
            "visibility": "public",
            "isNew": false
        },
        {
            "organization": "yantrun",
            "key": "Yantrun_amun",
            "name": "amun",
            "tags": [],
            "visibility": "public",
            "eligibilityStatus": "COMPLETED",
            "eligible": true,
            "isNew": false
        },
        {
            "organization": "jakartaee",
            "key": "org.apache.tomee:tomee-project",
            "name": "Apache OpenEJB",
            "tags": [],
            "visibility": "public",
            "isNew": false
        },
        {
            "organization": "buywetwok-github",
            "key": "rcloneExplorer:app",
            "name": "app",
            "tags": [],
            "visibility": "public",
            "isNew": false
        },
        {
            "organization": "openimis",
            "key": "Claim_Android_App",
            "name": "claimManagement",
            "tags": [],
            "visibility": "public",
            "isNew": false
        },
        {
            "organization": "damo-private",
            "key": "damovisa.WeatherView.sq1",
            "name": "damovisa.WeatherView.sq1",
            "tags": [],
            "visibility": "public",
            "isNew": false
        },
        {
            "organization": "nextstep-org",
            "key": "digital_service",
            "name": "Digital Readiness Assessment Service",
            "tags": [],
            "visibility": "public",
            "isNew": false
        },
        {
            "organization": "clivern-github",
            "key": "Clivern_envsubst",
            "name": "envsubst",
            "tags": [],
            "visibility": "public",
            "eligibilityStatus": "COMPLETED",
            "eligible": true,
            "isNew": false
        },
        {
            "organization": "javaddd",
            "key": "javaddd_express",
            "name": "express",
            "tags": [],
            "visibility": "public",
            "isNew": false
        },
        {
            "organization": "aayaffe",
            "key": "aayaffe_freeboard-server",
            "name": "freeboard-server",
            "tags": [],
            "visibility": "public",
            "eligibilityStatus": "COMPLETED",
            "eligible": true,
            "isNew": true
        }
    ],
    "facets": [
        {
            "property": "languages",
            "values": [
                {
                    "val": "xml",
                    "count": 14842
                },
                {
                    "val": "web",
                    "count": 13244
                },
                {
                    "val": "java",
                    "count": 13146
                },
                {
                    "val": "css",
                    "count": 11600
                },
                {
                    "val": "js",
                    "count": 11509
                },
                {
                    "val": "cs",
                    "count": 6127
                },
                {
                    "val": "php",
                    "count": 2740
                },
                {
                    "val": "py",
                    "count": 2703
                },
                {
                    "val": "ts",
                    "count": 2054
                },
                {
                    "val": "c",
                    "count": 1733
                }
            ]
        },
        {
            "property": "ncloc",
            "values": [
                {
                    "val": "*-1000.0",
                    "count": 28145
                },
                {
                    "val": "1000.0-10000.0",
                    "count": 18881
                },
                {
                    "val": "10000.0-100000.0",
                    "count": 10811
                },
                {
                    "val": "100000.0-500000.0",
                    "count": 1998
                },
                {
                    "val": "500000.0-*",
                    "count": 378
                }
            ]
        }
    ]
}