{
    "paging": {
        "pageIndex": 46,
        "pageSize": 10,
        "total": 32065
    },
    "organizations": [
        {
            "key": "toparvion",
            "name": "Vladimir Plizga"
        },
        {
            "key": "oliverneff",
            "name": "Oliver Neff"
        },
        {
            "key": "sonar-uex",
            "name": "Sonar-UEx"
        },
        {
            "key": "info-plus",
            "name": "MANH CUONG TRAN"
        },
        {
            "key": "stefan-wallin50841",
            "name": "Stefan Wallin"
        },
        {
            "key": "worksapplications",
            "name": "WorksApplications"
        },
        {
            "key": "tabtihocine-github",
            "name": "tabtihocine"
        }
    ],
    "components": [
        {
            "organization": "sonar-uex",
            "key": "Sonar-UEx_analisis_bWAPP",
            "name": "analisis_bWAPP",
            "tags": [],
            "visibility": "public",
            "isNew": false
        },
        {
            "organization": "toparvion",
            "key": "Toparvion_analog",
            "name": "analog",
            "tags": [],
            "visibility": "public",
            "eligibilityStatus": "COMPLETED",
            "eligible": false,
            "isNew": false
        },
        {
            "organization": "tabtihocine-github",
            "key": "com.AnalyseVideo:AnalyseVideo",
            "name": "AnalyseVideo",
            "tags": [],
            "visibility": "public",
            "isNew": false
        },
        {
            "organization": "oliverneff",
            "key": "OliverNeff_static-code-analysis-core",
            "name": "analysis :: core",
            "tags": [],
            "visibility": "public",
            "isNew": false
        },
        {
            "organization": "oliverneff",
            "key": "de.hda.code:analysis",
            "name": "analysis :: parent",
            "tags": [],
            "visibility": "public",
            "isNew": false
        },
        {
            "organization": "stefan-wallin50841",
            "key": "Analysis-Backend",
            "name": "Analysis-Backend",
            "tags": [],
            "visibility": "public",
            "isNew": false
        },
        {
            "organization": "worksapplications",
            "key": "com.worksap.nlp:analysis-chikkar",
            "name": "analysis-chikkar",
            "tags": [],
            "visibility": "public",
            "isNew": false
        },
        {
            "organization": "worksapplications",
            "key": "com.worksap.nlp:analysis-chikkar7.1",
            "name": "analysis-chikkar",
            "tags": [],
            "visibility": "public",
            "isNew": false
        },
        {
            "organization": "info-plus",
            "key": "info-plus_rbk",
            "name": "analysis-rbk",
            "tags": [],
            "visibility": "public",
            "isNew": false
        },
        {
            "organization": "worksapplications",
            "key": "com.worksap.nlp:analysis-sudachi-elasticsearch6.2",
            "name": "analysis-sudachi",
            "tags": [],
            "visibility": "public",
            "isNew": false
        }
    ],
    "facets": [
        {
            "property": "languages",
            "values": [
                {
                    "val": "xml",
                    "count": 14841
                },
                {
                    "val": "web",
                    "count": 13243
                },
                {
                    "val": "java",
                    "count": 13146
                },
                {
                    "val": "css",
                    "count": 11598
                },
                {
                    "val": "js",
                    "count": 11507
                },
                {
                    "val": "cs",
                    "count": 6126
                },
                {
                    "val": "php",
                    "count": 2739
                },
                {
                    "val": "py",
                    "count": 2703
                },
                {
                    "val": "ts",
                    "count": 2054
                },
                {
                    "val": "c",
                    "count": 1733
                }
            ]
        },
        {
            "property": "ncloc",
            "values": [
                {
                    "val": "*-1000.0",
                    "count": 28145
                },
                {
                    "val": "1000.0-10000.0",
                    "count": 18880
                },
                {
                    "val": "10000.0-100000.0",
                    "count": 10810
                },
                {
                    "val": "100000.0-500000.0",
                    "count": 1997
                },
                {
                    "val": "500000.0-*",
                    "count": 378
                }
            ]
        }
    ]
}