{
    "paging": {
        "pageIndex": 135,
        "pageSize": 10,
        "total": 32068
    },
    "organizations": [
        {
            "key": "gregtrevellick-github",
            "name": "Greg Trevellick"
        },
        {
            "key": "suits09",
            "name": "Suits09"
        },
        {
            "key": "testorganize",
            "name": "testorganize"
        },
        {
            "key": "yiqunpeng-github",
            "name": "Yiqun Peng"
        },
        {
            "key": "vstsdemo",
            "name": "vstsdemo"
        },
        {
            "key": "checkmarx-ltd",
            "name": "checkmarx-ltd"
        },
        {
            "key": "nkdagility",
            "name": "naked Agility Limited"
        },
        {
            "key": "getartyheesh86-vsts",
            "name": "getartyheesh86-vsts"
        },
        {
            "key": "higorbarbosa-github",
            "name": "higor barbosa"
        },
        {
            "key": "swellaby",
            "name": "Swellaby"
        }
    ],
    "components": [
        {
            "organization": "yiqunpeng-github",
            "key": "vt",
            "name": "vt",
            "tags": [],
            "visibility": "public",
            "isNew": false
        },
        {
            "organization": "testorganize",
            "key": "VsVseg1_SchoolManagementSystem-GroupK",
            "name": "VsVseg1_SchoolManagementSystem-GroupK",
            "tags": [],
            "visibility": "public",
            "isNew": false
        },
        {
            "organization": "getartyheesh86-vsts",
            "key": "VSTSProject86",
            "name": "VSTSProject86",
            "tags": [],
            "visibility": "public",
            "isNew": false
        },
        {
            "organization": "higorbarbosa-github",
            "key": "higorbarbosa_vstspocnet",
            "name": "vstspocnet",
            "tags": [],
            "visibility": "public",
            "isNew": false
        },
        {
            "organization": "suits09",
            "key": "VSTSDevopsPOC",
            "name": "VSTSDevopsPOC",
            "tags": [],
            "visibility": "public",
            "isNew": false
        },
        {
            "organization": "vstsdemo",
            "key": "vstsdemo",
            "name": "vstsdemo",
            "tags": [],
            "visibility": "public",
            "isNew": false
        },
        {
            "organization": "gregtrevellick-github",
            "key": "GregTrevellick_VstsDashboardWidgetProjectTemplate",
            "name": "VstsDashboardWidgetProjectTemplate",
            "tags": [],
            "visibility": "public",
            "isNew": false
        },
        {
            "organization": "swellaby",
            "key": "swellaby:vsts-traffic-monitor",
            "name": "vsts-traffic-monitor",
            "tags": [],
            "visibility": "public",
            "isNew": false
        },
        {
            "organization": "nkdagility",
            "key": "vsts-sync-migrator:master",
            "name": "vsts-sync-migrator",
            "tags": [
                "vsts",
                "migrations"
            ],
            "visibility": "public",
            "isNew": false
        },
        {
            "organization": "checkmarx-ltd",
            "key": "checkmarx-ltd_VSTS-Plugin",
            "name": "VSTS-Plugin",
            "tags": [],
            "visibility": "public",
            "eligibilityStatus": "COMPLETED",
            "eligible": false,
            "isNew": false
        }
    ],
    "facets": [
        {
            "property": "languages",
            "values": [
                {
                    "val": "xml",
                    "count": 14842
                },
                {
                    "val": "web",
                    "count": 13244
                },
                {
                    "val": "java",
                    "count": 13146
                },
                {
                    "val": "css",
                    "count": 11600
                },
                {
                    "val": "js",
                    "count": 11509
                },
                {
                    "val": "cs",
                    "count": 6127
                },
                {
                    "val": "php",
                    "count": 2740
                },
                {
                    "val": "py",
                    "count": 2703
                },
                {
                    "val": "ts",
                    "count": 2054
                },
                {
                    "val": "c",
                    "count": 1733
                }
            ]
        },
        {
            "property": "ncloc",
            "values": [
                {
                    "val": "*-1000.0",
                    "count": 28145
                },
                {
                    "val": "1000.0-10000.0",
                    "count": 18881
                },
                {
                    "val": "10000.0-100000.0",
                    "count": 10811
                },
                {
                    "val": "100000.0-500000.0",
                    "count": 1998
                },
                {
                    "val": "500000.0-*",
                    "count": 378
                }
            ]
        }
    ]
}