{
    "paging": {
        "pageIndex": 555,
        "pageSize": 10,
        "total": 32065
    },
    "organizations": [
        {
            "key": "gumgamga-github",
            "name": "Gumga Tecnologia da Informa\u00e7\u00e3o S/A"
        },
        {
            "key": "sweihmws2018-19",
            "name": "sweihmws2018-19"
        },
        {
            "key": "franciscog123-github",
            "name": "franciscog123"
        },
        {
            "key": "gucong3000-github",
            "name": "\u5218\u797a"
        },
        {
            "key": "guru-invest",
            "name": "guru-invest"
        },
        {
            "key": "vincentrouvreau-github",
            "name": "Vincent Rouvreau"
        },
        {
            "key": "guemuno",
            "name": "guemuno"
        },
        {
            "key": "lunavictor068-github",
            "name": "Victor Luna"
        }
    ],
    "components": [
        {
            "organization": "lunavictor068-github",
            "key": "lunavictor068_guava",
            "name": "Guava: Google Core Libraries for Java",
            "tags": [],
            "visibility": "public",
            "isNew": false
        },
        {
            "organization": "vincentrouvreau-github",
            "key": "GUDHISonarCloud",
            "name": "GUDHISonarCloud",
            "tags": [],
            "visibility": "public",
            "isNew": false
        },
        {
            "organization": "guemuno",
            "key": "a86e6dd42d44be5a3ec9a0fc7cce804942744f44",
            "name": "guemuno_mslearn-tailspin-spacegame-web",
            "tags": [],
            "visibility": "public",
            "isNew": false
        },
        {
            "organization": "franciscog123-github",
            "key": "guerrerof1904HardwareStore",
            "name": "guerrerof1904HardwareStore",
            "tags": [],
            "visibility": "public",
            "isNew": false
        },
        {
            "organization": "sweihmws2018-19",
            "key": "alexa-skills-kit-samples:guidelines",
            "name": "guidelines",
            "tags": [],
            "visibility": "public",
            "isNew": false
        },
        {
            "organization": "sweihmws2018-19",
            "key": "fr21:guidelines",
            "name": "GuideLines",
            "tags": [],
            "visibility": "public",
            "isNew": false
        },
        {
            "organization": "gucong3000-github",
            "key": "gulp-reporter",
            "name": "gulp-reporter",
            "tags": [],
            "visibility": "public",
            "isNew": false
        },
        {
            "organization": "gumgamga-github",
            "key": "io.gumga:gumga-backend-all",
            "name": "Gumga Framework Backend",
            "tags": [],
            "visibility": "public",
            "isNew": false
        },
        {
            "organization": "gumgamga-github",
            "key": "io.gumga:gumga-backend-all:develop",
            "name": "Gumga Framework Backend develop",
            "tags": [],
            "visibility": "public",
            "isNew": false
        },
        {
            "organization": "guru-invest",
            "key": "guru-invest_guru.api.preregistry",
            "name": "guru.api.preregistry",
            "tags": [],
            "visibility": "public",
            "isNew": false
        }
    ],
    "facets": [
        {
            "property": "languages",
            "values": [
                {
                    "val": "xml",
                    "count": 14841
                },
                {
                    "val": "web",
                    "count": 13243
                },
                {
                    "val": "java",
                    "count": 13146
                },
                {
                    "val": "css",
                    "count": 11598
                },
                {
                    "val": "js",
                    "count": 11507
                },
                {
                    "val": "cs",
                    "count": 6126
                },
                {
                    "val": "php",
                    "count": 2739
                },
                {
                    "val": "py",
                    "count": 2703
                },
                {
                    "val": "ts",
                    "count": 2054
                },
                {
                    "val": "c",
                    "count": 1733
                }
            ]
        },
        {
            "property": "ncloc",
            "values": [
                {
                    "val": "*-1000.0",
                    "count": 28145
                },
                {
                    "val": "1000.0-10000.0",
                    "count": 18880
                },
                {
                    "val": "10000.0-100000.0",
                    "count": 10810
                },
                {
                    "val": "100000.0-500000.0",
                    "count": 1997
                },
                {
                    "val": "500000.0-*",
                    "count": 378
                }
            ]
        }
    ]
}