{
    "paging": {
        "pageIndex": 594,
        "pageSize": 10,
        "total": 32063
    },
    "organizations": [
        {
            "key": "navit",
            "name": "NAV"
        },
        {
            "key": "igornb-github",
            "name": "IgorNB"
        },
        {
            "key": "vaisman-github",
            "name": "Vasili Svirski"
        },
        {
            "key": "hmarine-github",
            "name": "hmarine"
        },
        {
            "key": "ahmedmeid-github",
            "name": "Ahmed Eid"
        },
        {
            "key": "yteruel31-github",
            "name": "yteruel31"
        },
        {
            "key": "revaturelabs-screenforce",
            "name": "Revature Labs"
        },
        {
            "key": "martin-bucinskas",
            "name": "Martin Bucinskas"
        },
        {
            "key": "eugene_filipyev_windmill-bitbuck",
            "name": "Eugene Filipyev"
        },
        {
            "key": "kvjavaxxv",
            "name": "SoftServe ITA Kv-025.Java"
        }
    ],
    "components": [
        {
            "organization": "revaturelabs-screenforce",
            "key": "assignforce-batch-service",
            "name": "AssignForceBatchService",
            "tags": [],
            "visibility": "public",
            "isNew": false
        },
        {
            "organization": "kvjavaxxv",
            "key": "academy.softserve:AuraCore:endpoints_integration_test",
            "name": "Aura Core endpoints_integration_test",
            "tags": [],
            "visibility": "public",
            "isNew": false
        },
        {
            "organization": "yteruel31-github",
            "key": "yteruel31_Calculate",
            "name": "Calculate",
            "tags": [],
            "visibility": "public",
            "isNew": false
        },
        {
            "organization": "igornb-github",
            "key": "com.lig:chatty",
            "name": "chatty",
            "tags": [],
            "visibility": "public",
            "isNew": false
        },
        {
            "organization": "eugene_filipyev_windmill-bitbuck",
            "key": "ci-cd",
            "name": "ci-cd",
            "tags": [],
            "visibility": "public",
            "isNew": false
        },
        {
            "organization": "ahmedmeid-github",
            "key": "se.alten.challenge:cvgs",
            "name": "Cvgs",
            "tags": [],
            "visibility": "public",
            "isNew": false
        },
        {
            "organization": "martin-bucinskas",
            "key": "martin-bucinskas_cyclops",
            "name": "cyclops",
            "tags": [],
            "visibility": "public",
            "isNew": false
        },
        {
            "organization": "hmarine-github",
            "key": "ca.mcgill.ecse428:foodme",
            "name": "foodme",
            "tags": [],
            "visibility": "public",
            "isNew": false
        },
        {
            "organization": "navit",
            "key": "navikt_fp-formidling",
            "name": "FP-FORMIDLING :: Root",
            "tags": [],
            "visibility": "public",
            "isNew": false
        },
        {
            "organization": "vaisman-github",
            "key": "google-cloud-intellij",
            "name": "google-cloud-intellij",
            "tags": [],
            "visibility": "public",
            "isNew": false
        }
    ],
    "facets": [
        {
            "property": "languages",
            "values": [
                {
                    "val": "xml",
                    "count": 14841
                },
                {
                    "val": "web",
                    "count": 13242
                },
                {
                    "val": "java",
                    "count": 13146
                },
                {
                    "val": "css",
                    "count": 11597
                },
                {
                    "val": "js",
                    "count": 11505
                },
                {
                    "val": "cs",
                    "count": 6126
                },
                {
                    "val": "php",
                    "count": 2739
                },
                {
                    "val": "py",
                    "count": 2703
                },
                {
                    "val": "ts",
                    "count": 2053
                },
                {
                    "val": "c",
                    "count": 1733
                }
            ]
        },
        {
            "property": "ncloc",
            "values": [
                {
                    "val": "*-1000.0",
                    "count": 28144
                },
                {
                    "val": "1000.0-10000.0",
                    "count": 18878
                },
                {
                    "val": "10000.0-100000.0",
                    "count": 10810
                },
                {
                    "val": "100000.0-500000.0",
                    "count": 1997
                },
                {
                    "val": "500000.0-*",
                    "count": 378
                }
            ]
        }
    ]
}