{
    "paging": {
        "pageIndex": 221,
        "pageSize": 10,
        "total": 32070
    },
    "organizations": [
        {
            "key": "java_1804",
            "name": "java"
        },
        {
            "key": "domenicoverde",
            "name": "DomenicoVerde"
        },
        {
            "key": "esposito-matteo190320202155",
            "name": "Matteo Esposito"
        },
        {
            "key": "sophiaquach16-github",
            "name": "sophiaquach16"
        },
        {
            "key": "claro",
            "name": "claro"
        },
        {
            "key": "unne-sonar-corpus",
            "name": "UNNE Sonar Corpus"
        },
        {
            "key": "ksterg-github",
            "name": "ksterg"
        },
        {
            "key": "jhaloyn",
            "name": "Jhaloyn"
        },
        {
            "key": "lucavaiana",
            "name": "Luca Vaiana"
        }
    ],
    "components": [
        {
            "organization": "claro",
            "key": "claro-video",
            "name": "Front_Claro",
            "tags": [],
            "visibility": "public",
            "isNew": false
        },
        {
            "organization": "esposito-matteo190320202155",
            "key": "Esposito-Matteo_bookkeeper",
            "name": "Apache BookKeeper :: Parent",
            "tags": [],
            "visibility": "public",
            "eligibilityStatus": "COMPLETED",
            "eligible": false,
            "isNew": true
        },
        {
            "organization": "lucavaiana",
            "key": "LucaVaiana_bookkeeper",
            "name": "Apache BookKeeper :: Parent",
            "tags": [],
            "visibility": "public",
            "eligibilityStatus": "COMPLETED",
            "eligible": false,
            "isNew": true
        },
        {
            "organization": "java_1804",
            "key": "zest-java_180410",
            "name": "zest-java",
            "tags": [],
            "visibility": "public",
            "isNew": false
        },
        {
            "organization": "unne-sonar-corpus",
            "key": "unne.sonar:apache-ant",
            "name": "Apache Ant",
            "tags": [],
            "visibility": "public",
            "isNew": false
        },
        {
            "organization": "sophiaquach16-github",
            "key": "android-wikipedia-390",
            "name": "android-wikipedia-390",
            "tags": [],
            "visibility": "public",
            "isNew": false
        },
        {
            "organization": "domenicoverde",
            "key": "DomenicoVerde_Bookkeeper",
            "name": "Apache BookKeeper :: Parent",
            "tags": [],
            "visibility": "public",
            "isNew": true
        },
        {
            "organization": "ksterg-github",
            "key": "youtube-dl",
            "name": "youtube-dl",
            "tags": [],
            "visibility": "public",
            "isNew": false
        },
        {
            "organization": "jhaloyn",
            "key": "Jhaloyn_bookkeeper",
            "name": "Apache BookKeeper :: Parent",
            "tags": [],
            "visibility": "public",
            "eligibilityStatus": "COMPLETED",
            "eligible": false,
            "isNew": true
        },
        {
            "organization": "unne-sonar-corpus",
            "key": "unne.sonar:jext",
            "name": "jExt",
            "tags": [],
            "visibility": "public",
            "isNew": false
        }
    ],
    "facets": [
        {
            "property": "languages",
            "values": [
                {
                    "val": "xml",
                    "count": 14843
                },
                {
                    "val": "web",
                    "count": 13244
                },
                {
                    "val": "java",
                    "count": 13147
                },
                {
                    "val": "css",
                    "count": 11599
                },
                {
                    "val": "js",
                    "count": 11509
                },
                {
                    "val": "cs",
                    "count": 6127
                },
                {
                    "val": "php",
                    "count": 2740
                },
                {
                    "val": "py",
                    "count": 2703
                },
                {
                    "val": "ts",
                    "count": 2054
                },
                {
                    "val": "c",
                    "count": 1733
                }
            ]
        },
        {
            "property": "ncloc",
            "values": [
                {
                    "val": "*-1000.0",
                    "count": 28145
                },
                {
                    "val": "1000.0-10000.0",
                    "count": 18882
                },
                {
                    "val": "10000.0-100000.0",
                    "count": 10812
                },
                {
                    "val": "100000.0-500000.0",
                    "count": 1998
                },
                {
                    "val": "500000.0-*",
                    "count": 378
                }
            ]
        }
    ]
}