{
    "paging": {
        "pageIndex": 264,
        "pageSize": 10,
        "total": 32068
    },
    "organizations": [
        {
            "key": "mikebrowntsbod-github",
            "name": "Michael Brown"
        },
        {
            "key": "isakody-github",
            "name": "Isabel Codina"
        },
        {
            "key": "swa",
            "name": "swa"
        },
        {
            "key": "bmcaesaraugusta-bitbucket",
            "name": "David L\u00f3pez"
        },
        {
            "key": "ebolon",
            "name": "ebolon"
        },
        {
            "key": "tcatshoek-github",
            "name": "TCatshoek"
        },
        {
            "key": "artyomegorov-bitbucket",
            "name": "Artyom"
        },
        {
            "key": "onap",
            "name": "Open Network Automation Platform (ONAP)"
        }
    ],
    "components": [
        {
            "organization": "artyomegorov-bitbucket",
            "key": "new_frontend",
            "name": "new_frontend",
            "tags": [],
            "visibility": "public",
            "isNew": false
        },
        {
            "organization": "onap",
            "key": "onap_policy-engine",
            "name": "policy-engine",
            "tags": [],
            "visibility": "public",
            "isNew": false
        },
        {
            "organization": "mikebrowntsbod-github",
            "key": "designReviewCommittee",
            "name": "designReviewCommittee",
            "tags": [],
            "visibility": "public",
            "isNew": false
        },
        {
            "organization": "ebolon",
            "key": "org.eclipse.vorto:vorto-eclipse-plugin",
            "name": "vorto-eclipse-plugin",
            "tags": [],
            "visibility": "public",
            "isNew": false
        },
        {
            "organization": "bmcaesaraugusta-bitbucket",
            "key": "bmp-caesaraugusta",
            "name": "BMP Caesaraugusta",
            "tags": [],
            "visibility": "public",
            "isNew": false
        },
        {
            "organization": "swa",
            "key": "key2bit3",
            "name": "key2bit3",
            "tags": [],
            "visibility": "public",
            "isNew": false
        },
        {
            "organization": "swa",
            "key": "key2fixbit",
            "name": "key2fixbit",
            "tags": [],
            "visibility": "public",
            "isNew": false
        },
        {
            "organization": "swa",
            "key": "key2",
            "name": "key2",
            "tags": [],
            "visibility": "public",
            "isNew": false
        },
        {
            "organization": "tcatshoek-github",
            "key": "phaser_key",
            "name": "phaser_key",
            "tags": [],
            "visibility": "public",
            "isNew": false
        },
        {
            "organization": "isakody-github",
            "key": "isakody_toggldesktop",
            "name": "toggldesktop",
            "tags": [],
            "visibility": "public",
            "isNew": false
        }
    ],
    "facets": [
        {
            "property": "languages",
            "values": [
                {
                    "val": "xml",
                    "count": 14842
                },
                {
                    "val": "web",
                    "count": 13244
                },
                {
                    "val": "java",
                    "count": 13146
                },
                {
                    "val": "css",
                    "count": 11600
                },
                {
                    "val": "js",
                    "count": 11509
                },
                {
                    "val": "cs",
                    "count": 6127
                },
                {
                    "val": "php",
                    "count": 2740
                },
                {
                    "val": "py",
                    "count": 2703
                },
                {
                    "val": "ts",
                    "count": 2054
                },
                {
                    "val": "c",
                    "count": 1733
                }
            ]
        },
        {
            "property": "ncloc",
            "values": [
                {
                    "val": "*-1000.0",
                    "count": 28145
                },
                {
                    "val": "1000.0-10000.0",
                    "count": 18881
                },
                {
                    "val": "10000.0-100000.0",
                    "count": 10811
                },
                {
                    "val": "100000.0-500000.0",
                    "count": 1998
                },
                {
                    "val": "500000.0-*",
                    "count": 378
                }
            ]
        }
    ]
}