{
    "paging": {
        "pageIndex": 823,
        "pageSize": 10,
        "total": 32064
    },
    "organizations": [
        {
            "key": "dkpos",
            "name": "dkpos"
        },
        {
            "key": "sopra-fs20-group02",
            "name": "sopra-fs20-group02"
        },
        {
            "key": "csc307-soundy",
            "name": "CSC 307 Group"
        },
        {
            "key": "corentinleffy-github",
            "name": "LEFFY"
        },
        {
            "key": "turniere",
            "name": "turniere"
        },
        {
            "key": "fhhagenberg-sqe",
            "name": "fhhagenberg-sqe"
        },
        {
            "key": "uvms-github",
            "name": "Union Vms"
        },
        {
            "key": "peerplays-network",
            "name": "Peerplays"
        }
    ],
    "components": [
        {
            "organization": "peerplays-network",
            "key": "peerplays-network_peerplays",
            "name": "peerplays",
            "tags": [],
            "visibility": "public",
            "isNew": false
        },
        {
            "organization": "turniere",
            "key": "turniere-website",
            "name": "turniere",
            "tags": [],
            "visibility": "public",
            "isNew": false
        },
        {
            "organization": "fhhagenberg-sqe",
            "key": "project-sqelevator-mcm-team-6-1",
            "name": "ElevatorCC - Team 6",
            "tags": [],
            "visibility": "public",
            "isNew": false
        },
        {
            "organization": "corentinleffy-github",
            "key": "fyt-android",
            "name": "fyt-android",
            "tags": [],
            "visibility": "public",
            "isNew": false
        },
        {
            "organization": "sopra-fs20-group02",
            "key": "sopra-fs20-group02_sopra-fs20-group02-server",
            "name": "soprafs20",
            "tags": [],
            "visibility": "public",
            "eligibilityStatus": "COMPLETED",
            "eligible": false,
            "isNew": false
        },
        {
            "organization": "csc307-soundy",
            "key": "csc307-soundy",
            "name": "Soundy",
            "tags": [],
            "visibility": "public",
            "isNew": false
        },
        {
            "organization": "csc307-soundy",
            "key": "csc307-soundy:development",
            "name": "Soundy development",
            "tags": [
                "javafx"
            ],
            "visibility": "public",
            "isNew": false
        },
        {
            "organization": "uvms-github",
            "key": "fish.focus.uvms.commons:commons-les",
            "name": "commons-les",
            "tags": [],
            "visibility": "public",
            "isNew": false
        },
        {
            "organization": "uvms-github",
            "key": "fish.focus.uvms.commons:commons-les:PR",
            "name": "commons-les PR",
            "tags": [],
            "visibility": "public",
            "isNew": false
        },
        {
            "organization": "dkpos",
            "key": "gt.dakaik:DkPOSWS",
            "name": "DkPOSWS",
            "tags": [],
            "visibility": "public",
            "isNew": false
        }
    ],
    "facets": [
        {
            "property": "languages",
            "values": [
                {
                    "val": "xml",
                    "count": 14842
                },
                {
                    "val": "web",
                    "count": 13243
                },
                {
                    "val": "java",
                    "count": 13146
                },
                {
                    "val": "css",
                    "count": 11598
                },
                {
                    "val": "js",
                    "count": 11506
                },
                {
                    "val": "cs",
                    "count": 6126
                },
                {
                    "val": "php",
                    "count": 2740
                },
                {
                    "val": "py",
                    "count": 2703
                },
                {
                    "val": "ts",
                    "count": 2053
                },
                {
                    "val": "c",
                    "count": 1733
                }
            ]
        },
        {
            "property": "ncloc",
            "values": [
                {
                    "val": "*-1000.0",
                    "count": 28144
                },
                {
                    "val": "1000.0-10000.0",
                    "count": 18878
                },
                {
                    "val": "10000.0-100000.0",
                    "count": 10810
                },
                {
                    "val": "100000.0-500000.0",
                    "count": 1998
                },
                {
                    "val": "500000.0-*",
                    "count": 378
                }
            ]
        }
    ]
}