{
    "paging": {
        "pageIndex": 374,
        "pageSize": 10,
        "total": 32065
    },
    "organizations": [
        {
            "key": "de314",
            "name": "David Esposito"
        },
        {
            "key": "endeavourhealth-discovery",
            "name": "Endeavour Health Charitable Trust - Discovery"
        },
        {
            "key": "ashrainbow-github",
            "name": "ashrainbow"
        },
        {
            "key": "synergy",
            "name": "Synergy Sports"
        },
        {
            "key": "tr",
            "name": "tr"
        },
        {
            "key": "folio-org",
            "name": "folio-org"
        },
        {
            "key": "sebastiencaille-github",
            "name": "sebastiencaille"
        },
        {
            "key": "data-provider",
            "name": "data-provider"
        }
    ],
    "components": [
        {
            "organization": "tr",
            "key": "com.tr.apt:data-access-journal",
            "name": "data-access-journal",
            "tags": [],
            "visibility": "public",
            "isNew": false
        },
        {
            "organization": "synergy",
            "key": "data-core",
            "name": "data-core",
            "tags": [],
            "visibility": "public",
            "isNew": false
        },
        {
            "organization": "de314",
            "key": "de314_api-camp-data-library",
            "name": "data-embedded-library",
            "tags": [],
            "visibility": "public",
            "isNew": false
        },
        {
            "organization": "ashrainbow-github",
            "key": "ashrainbow_Data-Fellowship",
            "name": "Data-Fellowship",
            "tags": [],
            "visibility": "public",
            "isNew": false
        },
        {
            "organization": "sebastiencaille-github",
            "key": "ch.skymarshall.dataflowmgr:data-flow-manager",
            "name": "data-flow-manager",
            "tags": [],
            "visibility": "public",
            "isNew": false
        },
        {
            "organization": "endeavourhealth-discovery",
            "key": "endeavourhealth-discovery_DataGenerator",
            "name": "data-generator",
            "tags": [],
            "visibility": "public",
            "isNew": false
        },
        {
            "organization": "folio-org",
            "key": "org.folio:data-import-processing-core",
            "name": "data-import-processing-core",
            "tags": [],
            "visibility": "public",
            "isNew": false
        },
        {
            "organization": "data-provider",
            "key": "data-provider-axios",
            "name": "data-provider-axios",
            "tags": [],
            "visibility": "public",
            "isNew": false
        },
        {
            "organization": "data-provider",
            "key": "data-provider-core",
            "name": "data-provider-core",
            "tags": [],
            "visibility": "public",
            "isNew": false
        },
        {
            "organization": "synergy",
            "key": "data-sport",
            "name": "data-sport",
            "tags": [],
            "visibility": "public",
            "isNew": false
        }
    ],
    "facets": [
        {
            "property": "languages",
            "values": [
                {
                    "val": "xml",
                    "count": 14842
                },
                {
                    "val": "web",
                    "count": 13243
                },
                {
                    "val": "java",
                    "count": 13146
                },
                {
                    "val": "css",
                    "count": 11599
                },
                {
                    "val": "js",
                    "count": 11507
                },
                {
                    "val": "cs",
                    "count": 6126
                },
                {
                    "val": "php",
                    "count": 2740
                },
                {
                    "val": "py",
                    "count": 2703
                },
                {
                    "val": "ts",
                    "count": 2054
                },
                {
                    "val": "c",
                    "count": 1733
                }
            ]
        },
        {
            "property": "ncloc",
            "values": [
                {
                    "val": "*-1000.0",
                    "count": 28145
                },
                {
                    "val": "1000.0-10000.0",
                    "count": 18879
                },
                {
                    "val": "10000.0-100000.0",
                    "count": 10810
                },
                {
                    "val": "100000.0-500000.0",
                    "count": 1998
                },
                {
                    "val": "500000.0-*",
                    "count": 378
                }
            ]
        }
    ]
}