{
    "paging": {
        "pageIndex": 851,
        "pageSize": 10,
        "total": 32066
    },
    "organizations": [
        {
            "key": "folio-org",
            "name": "folio-org"
        },
        {
            "key": "softheory-bitbucket",
            "name": "Softheory Agencia"
        }
    ],
    "components": [
        {
            "organization": "folio-org",
            "key": "org.folio:mod-circulation-storage",
            "name": "mod-circulation-storage",
            "tags": [
                "circ",
                "dev-core-functional"
            ],
            "visibility": "public",
            "isNew": false
        },
        {
            "organization": "softheory-bitbucket",
            "key": "Mod-Cmr",
            "name": "Mod-Cmr",
            "tags": [],
            "visibility": "public",
            "isNew": false
        },
        {
            "organization": "folio-org",
            "key": "org.folio:mod-codex-inventory",
            "name": "mod-codex-inventory",
            "tags": [
                "codex",
                "dev-core-functional"
            ],
            "visibility": "public",
            "isNew": false
        },
        {
            "organization": "folio-org",
            "key": "org.folio:mod-codex-mux",
            "name": "mod-codex-mux",
            "tags": [
                "codex",
                "dev-core-functional"
            ],
            "visibility": "public",
            "isNew": false
        },
        {
            "organization": "softheory-bitbucket",
            "key": "Mod-comercial",
            "name": "Mod-comercial",
            "tags": [],
            "visibility": "public",
            "isNew": false
        },
        {
            "organization": "softheory-bitbucket",
            "key": "Mod-contabilidad",
            "name": "Mod-contabilidad",
            "tags": [],
            "visibility": "public",
            "isNew": false
        },
        {
            "organization": "folio-org",
            "key": "org.folio:mod-courses",
            "name": "mod-courses",
            "tags": [
                "courses",
                "dev-index-data"
            ],
            "visibility": "public",
            "isNew": false
        },
        {
            "organization": "softheory-bitbucket",
            "key": "Mod-cursos",
            "name": "Mod-cursos",
            "tags": [],
            "visibility": "public",
            "isNew": false
        },
        {
            "organization": "folio-org",
            "key": "org.folio:mod-custom-fields",
            "name": "mod-custom-fields",
            "tags": [
                "utility",
                "dev-spitfire"
            ],
            "visibility": "public",
            "isNew": false
        },
        {
            "organization": "folio-org",
            "key": "org.folio:mod-data-export",
            "name": "mod-data-export",
            "tags": [],
            "visibility": "public",
            "isNew": false
        }
    ],
    "facets": [
        {
            "property": "languages",
            "values": [
                {
                    "val": "xml",
                    "count": 14842
                },
                {
                    "val": "web",
                    "count": 13243
                },
                {
                    "val": "java",
                    "count": 13146
                },
                {
                    "val": "css",
                    "count": 11599
                },
                {
                    "val": "js",
                    "count": 11508
                },
                {
                    "val": "cs",
                    "count": 6126
                },
                {
                    "val": "php",
                    "count": 2740
                },
                {
                    "val": "py",
                    "count": 2703
                },
                {
                    "val": "ts",
                    "count": 2054
                },
                {
                    "val": "c",
                    "count": 1733
                }
            ]
        },
        {
            "property": "ncloc",
            "values": [
                {
                    "val": "*-1000.0",
                    "count": 28145
                },
                {
                    "val": "1000.0-10000.0",
                    "count": 18880
                },
                {
                    "val": "10000.0-100000.0",
                    "count": 10810
                },
                {
                    "val": "100000.0-500000.0",
                    "count": 1998
                },
                {
                    "val": "500000.0-*",
                    "count": 378
                }
            ]
        }
    ]
}