{
    "paging": {
        "pageIndex": 15,
        "pageSize": 10,
        "total": 32066
    },
    "organizations": [
        {
            "key": "alamoengine-tools",
            "name": "Alamo Engine Tools"
        },
        {
            "key": "scm-manager",
            "name": "SCM-Manager"
        },
        {
            "key": "codelibs",
            "name": "CodeLibs"
        },
        {
            "key": "scipion-em",
            "name": "scipion-em"
        },
        {
            "key": "miraheze",
            "name": "Miraheze"
        },
        {
            "key": "knowagelabs",
            "name": "KnowageLabs"
        },
        {
            "key": "folio-org",
            "name": "folio-org"
        },
        {
            "key": "argoproj",
            "name": "Argo Project"
        },
        {
            "key": "unleash",
            "name": "Unleash"
        }
    ],
    "components": [
        {
            "organization": "folio-org",
            "key": "com.indexdata:mod-authtoken",
            "name": "mod-authtoken",
            "tags": [
                "core",
                "dev-core-platform"
            ],
            "visibility": "public",
            "isNew": false
        },
        {
            "organization": "knowagelabs",
            "key": "it.eng.knowage:knowagebirtreportengine",
            "name": "knowagebirtreportengine",
            "tags": [],
            "visibility": "public",
            "isNew": false
        },
        {
            "organization": "miraheze",
            "key": "miraheze_CreateWiki",
            "name": "CreateWiki",
            "tags": [],
            "visibility": "public",
            "isNew": false
        },
        {
            "organization": "knowagelabs",
            "key": "it.eng.knowage:knowage",
            "name": "knowage",
            "tags": [],
            "visibility": "public",
            "isNew": false
        },
        {
            "organization": "scipion-em",
            "key": "scipion-em_scipion-app",
            "name": "scipion-app",
            "tags": [],
            "visibility": "public",
            "eligibilityStatus": "COMPLETED",
            "eligible": true,
            "isNew": false
        },
        {
            "organization": "argoproj",
            "key": "argoproj_argo-cd",
            "name": "argo-cd",
            "tags": [],
            "visibility": "public",
            "eligibilityStatus": "COMPLETED",
            "eligible": true,
            "isNew": false
        },
        {
            "organization": "unleash",
            "key": "Unleash_unleash-frontend",
            "name": "unleash-frontend",
            "tags": [],
            "visibility": "public",
            "eligibilityStatus": "COMPLETED",
            "eligible": true,
            "isNew": false
        },
        {
            "organization": "alamoengine-tools",
            "key": "AlamoEngine-Tools_PetroglyphTools",
            "name": "PetroglyphTools",
            "tags": [],
            "visibility": "public",
            "eligibilityStatus": "COMPLETED",
            "eligible": false,
            "isNew": false
        },
        {
            "organization": "scm-manager",
            "key": "sonia.scm:scm",
            "name": "scm",
            "tags": [],
            "visibility": "public",
            "isNew": false
        },
        {
            "organization": "codelibs",
            "key": "org.codelibs.fess:fess",
            "name": "Fess",
            "tags": [],
            "visibility": "public",
            "isNew": false
        }
    ],
    "facets": [
        {
            "property": "languages",
            "values": [
                {
                    "val": "xml",
                    "count": 14842
                },
                {
                    "val": "web",
                    "count": 13243
                },
                {
                    "val": "java",
                    "count": 13146
                },
                {
                    "val": "css",
                    "count": 11599
                },
                {
                    "val": "js",
                    "count": 11508
                },
                {
                    "val": "cs",
                    "count": 6126
                },
                {
                    "val": "php",
                    "count": 2740
                },
                {
                    "val": "py",
                    "count": 2703
                },
                {
                    "val": "ts",
                    "count": 2054
                },
                {
                    "val": "c",
                    "count": 1733
                }
            ]
        },
        {
            "property": "ncloc",
            "values": [
                {
                    "val": "*-1000.0",
                    "count": 28145
                },
                {
                    "val": "1000.0-10000.0",
                    "count": 18880
                },
                {
                    "val": "10000.0-100000.0",
                    "count": 10810
                },
                {
                    "val": "100000.0-500000.0",
                    "count": 1998
                },
                {
                    "val": "500000.0-*",
                    "count": 378
                }
            ]
        }
    ]
}