{
    "paging": {
        "pageIndex": 435,
        "pageSize": 10,
        "total": 32064
    },
    "organizations": [
        {
            "key": "add-ons",
            "name": "Add-ons for Kodi\u2122"
        },
        {
            "key": "ast-decorators",
            "name": "AST Decorators"
        },
        {
            "key": "indrabasak-github",
            "name": "Indra Basak"
        },
        {
            "key": "agfsapi4j",
            "name": "agfsapi4j"
        },
        {
            "key": "uvms-github",
            "name": "Union Vms"
        },
        {
            "key": "isuc",
            "name": "Ingenieria del Software UC"
        },
        {
            "key": "entando",
            "name": "Entando"
        },
        {
            "key": "on-the-road-github",
            "name": "on-the-road"
        },
        {
            "key": "hazai000-github",
            "name": "jzang"
        },
        {
            "key": "jasperfennet-github",
            "name": "jasperfennet"
        }
    ],
    "components": [
        {
            "organization": "hazai000-github",
            "key": "code-review-elixir",
            "name": "code-review-elixir",
            "tags": [],
            "visibility": "public",
            "isNew": false
        },
        {
            "organization": "on-the-road-github",
            "key": "study-core",
            "name": "core",
            "tags": [],
            "visibility": "public",
            "isNew": false
        },
        {
            "organization": "isuc",
            "key": "App-Ocio-Grupo2",
            "name": "App-Ocio-Grupo2",
            "tags": [],
            "visibility": "public",
            "isNew": false
        },
        {
            "organization": "ast-decorators",
            "key": "ast-decorators_ast-decorators",
            "name": "ast-decorators",
            "tags": [],
            "visibility": "public",
            "eligibilityStatus": "COMPLETED",
            "eligible": true,
            "isNew": false
        },
        {
            "organization": "entando",
            "key": "entando_pda-core-engine",
            "name": "Entando BPM engine core integration for Entando PDA",
            "tags": [],
            "visibility": "public",
            "isNew": false
        },
        {
            "organization": "add-ons",
            "key": "add-ons_plugin.audio.vrt.radio",
            "name": "plugin.audio.vrt.radio",
            "tags": [],
            "visibility": "public",
            "eligibilityStatus": "COMPLETED",
            "eligible": true,
            "isNew": false
        },
        {
            "organization": "jasperfennet-github",
            "key": "jasperfennet_CAPSETRACK-Restaurant",
            "name": "restaurant",
            "tags": [],
            "visibility": "public",
            "isNew": false
        },
        {
            "organization": "indrabasak-github",
            "key": "com.basaki:spring-tls-example",
            "name": "Spring Boot Example with TLS",
            "tags": [],
            "visibility": "public",
            "isNew": false
        },
        {
            "organization": "uvms-github",
            "key": "eu.europa.ec.fisheries.uvms.plugins:uploader",
            "name": "uploader",
            "tags": [],
            "visibility": "public",
            "isNew": false
        },
        {
            "organization": "agfsapi4j",
            "key": "com.github.agfsapi4j:agfsapi4j",
            "name": "agfsapi4j",
            "tags": [],
            "visibility": "public",
            "isNew": false
        }
    ],
    "facets": [
        {
            "property": "languages",
            "values": [
                {
                    "val": "xml",
                    "count": 14842
                },
                {
                    "val": "web",
                    "count": 13243
                },
                {
                    "val": "java",
                    "count": 13146
                },
                {
                    "val": "css",
                    "count": 11598
                },
                {
                    "val": "js",
                    "count": 11506
                },
                {
                    "val": "cs",
                    "count": 6126
                },
                {
                    "val": "php",
                    "count": 2740
                },
                {
                    "val": "py",
                    "count": 2703
                },
                {
                    "val": "ts",
                    "count": 2053
                },
                {
                    "val": "c",
                    "count": 1733
                }
            ]
        },
        {
            "property": "ncloc",
            "values": [
                {
                    "val": "*-1000.0",
                    "count": 28144
                },
                {
                    "val": "1000.0-10000.0",
                    "count": 18878
                },
                {
                    "val": "10000.0-100000.0",
                    "count": 10810
                },
                {
                    "val": "100000.0-500000.0",
                    "count": 1998
                },
                {
                    "val": "500000.0-*",
                    "count": 378
                }
            ]
        }
    ]
}