{
    "paging": {
        "pageIndex": 861,
        "pageSize": 10,
        "total": 32066
    },
    "organizations": [
        {
            "key": "alexph9-github",
            "name": "Alex Puebla"
        },
        {
            "key": "dpb-upm-github",
            "name": "Daniel P\u00e9rez"
        },
        {
            "key": "buyen3",
            "name": "Buyen3"
        },
        {
            "key": "atorreclla-github",
            "name": "ATorreclla"
        },
        {
            "key": "angelicaguaman-github",
            "name": "Ang\u00e9lica Guam\u00e1n"
        },
        {
            "key": "robertome-github",
            "name": "robertome"
        },
        {
            "key": "sonar-m4r1",
            "name": "Mary-Tarapuez"
        },
        {
            "key": "miw-upm-github",
            "name": "M\u00e1ster en Ingenier\u00eda Web"
        }
    ],
    "components": [
        {
            "organization": "sonar-m4r1",
            "key": "es.upm.miw:apaw-ep-tarapuezmary",
            "name": "es.upm.miw.apaw-ep-tarapuezmary",
            "tags": [],
            "visibility": "public",
            "isNew": false
        },
        {
            "organization": "sonar-m4r1",
            "key": "es.upm.miw:apaw-ep-template",
            "name": "es.upm.miw.apaw-ep-template",
            "tags": [],
            "visibility": "public",
            "isNew": false
        },
        {
            "organization": "miw-upm-github",
            "key": "es.upm.miw:apaw-ep-themes",
            "name": "es.upm.miw.apaw-ep-themes",
            "tags": [],
            "visibility": "public",
            "isNew": false
        },
        {
            "organization": "buyen3",
            "key": "es.upm.miw:apaw-ep-y-bao-yl-hu",
            "name": "es.upm.miw.apaw-ep-y-bao-yl-hu",
            "tags": [],
            "visibility": "public",
            "isNew": false
        },
        {
            "organization": "angelicaguaman-github",
            "key": "es.upm.miw:APAW-EPC2-Angelica-Guaman",
            "name": "es.upm.miw.APAW-EPC2-Angelica-Guaman",
            "tags": [],
            "visibility": "public",
            "isNew": false
        },
        {
            "organization": "miw-upm-github",
            "key": "es.upm.miw:apaw-practice",
            "name": "es.upm.miw.apaw-practice",
            "tags": [],
            "visibility": "public",
            "isNew": false
        },
        {
            "organization": "robertome-github",
            "key": "es.upm.miw.apaw:APAW-ECP2-RobertoMartin",
            "name": "es.upm.miw.apaw.APAW-ECP2-RobertoMartin",
            "tags": [],
            "visibility": "public",
            "isNew": false
        },
        {
            "organization": "atorreclla-github",
            "key": "es.upm.miw:APAW.Ecp2.agustin.torrecilla",
            "name": "es.upm.miw.APAW.Ecp2.agustin.torrecilla",
            "tags": [],
            "visibility": "public",
            "isNew": false
        },
        {
            "organization": "alexph9-github",
            "key": "es.upm.miw:APAW.ECP2.Alejandro.Puebla",
            "name": "es.upm.miw.APAW.ECP2.Alejandro.Puebla",
            "tags": [],
            "visibility": "public",
            "isNew": false
        },
        {
            "organization": "dpb-upm-github",
            "key": "es.upm.miw:APAW.ECP2.DanielPerez",
            "name": "es.upm.miw.APAW.ECP2.DanielPerez",
            "tags": [],
            "visibility": "public",
            "isNew": false
        }
    ],
    "facets": [
        {
            "property": "languages",
            "values": [
                {
                    "val": "xml",
                    "count": 14842
                },
                {
                    "val": "web",
                    "count": 13243
                },
                {
                    "val": "java",
                    "count": 13146
                },
                {
                    "val": "css",
                    "count": 11599
                },
                {
                    "val": "js",
                    "count": 11508
                },
                {
                    "val": "cs",
                    "count": 6126
                },
                {
                    "val": "php",
                    "count": 2740
                },
                {
                    "val": "py",
                    "count": 2703
                },
                {
                    "val": "ts",
                    "count": 2054
                },
                {
                    "val": "c",
                    "count": 1733
                }
            ]
        },
        {
            "property": "ncloc",
            "values": [
                {
                    "val": "*-1000.0",
                    "count": 28145
                },
                {
                    "val": "1000.0-10000.0",
                    "count": 18880
                },
                {
                    "val": "10000.0-100000.0",
                    "count": 10810
                },
                {
                    "val": "100000.0-500000.0",
                    "count": 1998
                },
                {
                    "val": "500000.0-*",
                    "count": 378
                }
            ]
        }
    ]
}