{
    "paging": {
        "pageIndex": 304,
        "pageSize": 10,
        "total": 32068
    },
    "organizations": [
        {
            "key": "pablo-reyes-github",
            "name": "Pablo-Reyes"
        },
        {
            "key": "marvin-palma-github",
            "name": "Marvin Palma"
        },
        {
            "key": "nwsgdev",
            "name": "nwsgdev"
        },
        {
            "key": "pam-azdevops",
            "name": "pam-azdevops"
        },
        {
            "key": "onurcan6",
            "name": "onurcan6"
        },
        {
            "key": "firstorg",
            "name": "firstorg"
        },
        {
            "key": "parts-unlimitedpw",
            "name": "parts-unlimitedpw"
        },
        {
            "key": "nickdevops",
            "name": "nickdevops"
        },
        {
            "key": "paolaorg",
            "name": "paolaorg"
        },
        {
            "key": "omarsoto100",
            "name": "omarsoto100"
        }
    ],
    "components": [
        {
            "organization": "nickdevops",
            "key": "partsunlimited.nussn",
            "name": "partsunlimited.nussn",
            "tags": [],
            "visibility": "public",
            "isNew": false
        },
        {
            "organization": "nwsgdev",
            "key": "partsunlimited.nw",
            "name": "partsunlimited.nw",
            "tags": [],
            "visibility": "public",
            "isNew": false
        },
        {
            "organization": "omarsoto100",
            "key": "partsunlimited.omarsoto",
            "name": "partsunlimited.omarsoto",
            "tags": [],
            "visibility": "public",
            "isNew": false
        },
        {
            "organization": "onurcan6",
            "key": "partsunlimited.onurcan",
            "name": "partsunlimited.onurcan",
            "tags": [],
            "visibility": "public",
            "isNew": false
        },
        {
            "organization": "pablo-reyes-github",
            "key": "PartsUnlimited.pabloReyes",
            "name": "PartsUnlimited.pabloReyes",
            "tags": [],
            "visibility": "public",
            "isNew": false
        },
        {
            "organization": "marvin-palma-github",
            "key": "partsunlimited.palma",
            "name": "partsunlimited.palma",
            "tags": [],
            "visibility": "public",
            "isNew": false
        },
        {
            "organization": "pam-azdevops",
            "key": "partsunlimited.pam",
            "name": "partsunlimited.pam",
            "tags": [],
            "visibility": "public",
            "isNew": false
        },
        {
            "organization": "paolaorg",
            "key": "partsunlimited.PAOLA",
            "name": "partsunlimited.PAOLA",
            "tags": [],
            "visibility": "public",
            "isNew": false
        },
        {
            "organization": "parts-unlimitedpw",
            "key": "partsunlimited.paul",
            "name": "partsunlimited.paul",
            "tags": [],
            "visibility": "public",
            "isNew": false
        },
        {
            "organization": "firstorg",
            "key": "partsunlimited.paulg",
            "name": "partsunlimited.paulg",
            "tags": [],
            "visibility": "public",
            "isNew": false
        }
    ],
    "facets": [
        {
            "property": "languages",
            "values": [
                {
                    "val": "xml",
                    "count": 14842
                },
                {
                    "val": "web",
                    "count": 13244
                },
                {
                    "val": "java",
                    "count": 13146
                },
                {
                    "val": "css",
                    "count": 11600
                },
                {
                    "val": "js",
                    "count": 11509
                },
                {
                    "val": "cs",
                    "count": 6127
                },
                {
                    "val": "php",
                    "count": 2740
                },
                {
                    "val": "py",
                    "count": 2703
                },
                {
                    "val": "ts",
                    "count": 2054
                },
                {
                    "val": "c",
                    "count": 1733
                }
            ]
        },
        {
            "property": "ncloc",
            "values": [
                {
                    "val": "*-1000.0",
                    "count": 28145
                },
                {
                    "val": "1000.0-10000.0",
                    "count": 18881
                },
                {
                    "val": "10000.0-100000.0",
                    "count": 10811
                },
                {
                    "val": "100000.0-500000.0",
                    "count": 1998
                },
                {
                    "val": "500000.0-*",
                    "count": 378
                }
            ]
        }
    ]
}