{
    "paging": {
        "pageIndex": 969,
        "pageSize": 10,
        "total": 32068
    },
    "organizations": [
        {
            "key": "nguyentienthao96",
            "name": "Nguy\u1ec5n Ti\u1ebfn Th\u1ea1o"
        },
        {
            "key": "bergerhealer",
            "name": "bergerhealer"
        },
        {
            "key": "vijayvani-github",
            "name": "vijayvani"
        },
        {
            "key": "sportheroes",
            "name": "sportheroes"
        },
        {
            "key": "geraldox100",
            "name": "Geraldo Ferraz"
        },
        {
            "key": "augusteen-github",
            "name": "Augusteen"
        },
        {
            "key": "luuquynam112312",
            "name": "luuquynam"
        },
        {
            "key": "mikespub-org",
            "name": "Mike's Pub Organization"
        },
        {
            "key": "dyfer0992-github",
            "name": "Diego F. Trejos Espinosa"
        }
    ],
    "components": [
        {
            "organization": "mikespub-org",
            "key": "mikespub-org_bjodah-pyemf",
            "name": "bjodah-pyemf",
            "tags": [],
            "visibility": "public",
            "eligibilityStatus": "COMPLETED",
            "eligible": true,
            "isNew": false
        },
        {
            "organization": "sportheroes",
            "key": "bk-ms-apps",
            "name": "bk-ms-apps",
            "tags": [],
            "visibility": "public",
            "isNew": false
        },
        {
            "organization": "bergerhealer",
            "key": "com.bergerkiller.bukkit:BKCommonLib",
            "name": "BKCommonLib",
            "tags": [],
            "visibility": "public",
            "isNew": false
        },
        {
            "organization": "vijayvani-github",
            "key": "vijayvani_BKCommonLib",
            "name": "BKCommonLib",
            "tags": [],
            "visibility": "public",
            "isNew": false
        },
        {
            "organization": "nguyentienthao96",
            "key": "nguyentienthao96_bkm3t",
            "name": "bkm3t",
            "tags": [],
            "visibility": "public",
            "eligibilityStatus": "COMPLETED",
            "eligible": true,
            "isNew": false
        },
        {
            "organization": "luuquynam112312",
            "key": "luuquynam_BKNAPNAM",
            "name": "BKNAPNAM",
            "tags": [],
            "visibility": "public",
            "isNew": false
        },
        {
            "organization": "luuquynam112312",
            "key": "luuquynam_BKNNAM",
            "name": "BKNNAM",
            "tags": [],
            "visibility": "public",
            "isNew": false
        },
        {
            "organization": "geraldox100",
            "key": "br.com.geraldoferraz.bks:bks",
            "name": "BKS - BOOKS",
            "tags": [],
            "visibility": "public",
            "isNew": false
        },
        {
            "organization": "augusteen-github",
            "key": "augusteen_bkusers",
            "name": "bkusers",
            "tags": [],
            "visibility": "public",
            "isNew": false
        },
        {
            "organization": "dyfer0992-github",
            "key": "bl0651_calidad_software",
            "name": "bl0651_calidad_software",
            "tags": [],
            "visibility": "public",
            "isNew": false
        }
    ],
    "facets": [
        {
            "property": "languages",
            "values": [
                {
                    "val": "xml",
                    "count": 14842
                },
                {
                    "val": "web",
                    "count": 13244
                },
                {
                    "val": "java",
                    "count": 13146
                },
                {
                    "val": "css",
                    "count": 11600
                },
                {
                    "val": "js",
                    "count": 11509
                },
                {
                    "val": "cs",
                    "count": 6127
                },
                {
                    "val": "php",
                    "count": 2740
                },
                {
                    "val": "py",
                    "count": 2703
                },
                {
                    "val": "ts",
                    "count": 2054
                },
                {
                    "val": "c",
                    "count": 1733
                }
            ]
        },
        {
            "property": "ncloc",
            "values": [
                {
                    "val": "*-1000.0",
                    "count": 28145
                },
                {
                    "val": "1000.0-10000.0",
                    "count": 18881
                },
                {
                    "val": "10000.0-100000.0",
                    "count": 10811
                },
                {
                    "val": "100000.0-500000.0",
                    "count": 1998
                },
                {
                    "val": "500000.0-*",
                    "count": 378
                }
            ]
        }
    ]
}