{
    "paging": {
        "pageIndex": 762,
        "pageSize": 10,
        "total": 32073
    },
    "organizations": [
        {
            "key": "homeground",
            "name": "HomeGround"
        },
        {
            "key": "rifhice-github",
            "name": "Kevin giordani"
        },
        {
            "key": "nikrolls",
            "name": "Nik Rolls"
        },
        {
            "key": "gabs",
            "name": "Gabriel Aguido Fraga"
        },
        {
            "key": "elaissoussi",
            "name": "EL AISSOUSSI Monsif"
        },
        {
            "key": "bassages-github",
            "name": "bassages"
        },
        {
            "key": "awarecan-github",
            "name": "Jason Hu"
        }
    ],
    "components": [
        {
            "organization": "awarecan-github",
            "key": "io.home-assistant.sonar-test",
            "name": "Home Assistant Sonar Scanner Test Project",
            "tags": [],
            "visibility": "public",
            "isNew": false
        },
        {
            "organization": "rifhice-github",
            "key": "my:home-api",
            "name": "home-api",
            "tags": [],
            "visibility": "public",
            "isNew": false
        },
        {
            "organization": "elaissoussi",
            "key": "elaissoussi_home-beauty",
            "name": "home-beauty",
            "tags": [],
            "visibility": "public",
            "eligibilityStatus": "COMPLETED",
            "eligible": true,
            "isNew": false
        },
        {
            "organization": "rifhice-github",
            "key": "my:home-client",
            "name": "home-client",
            "tags": [],
            "visibility": "public",
            "isNew": false
        },
        {
            "organization": "gabs",
            "key": "kaapiel_Android-Home-Finances",
            "name": "Home-Finances-Android",
            "tags": [],
            "visibility": "public",
            "isNew": false
        },
        {
            "organization": "homeground",
            "key": "vn.sporthub:home-ground-server",
            "name": "home-ground-server",
            "tags": [],
            "visibility": "public",
            "isNew": false
        },
        {
            "organization": "rifhice-github",
            "key": "my:home-hub",
            "name": "home-hub",
            "tags": [],
            "visibility": "public",
            "isNew": false
        },
        {
            "organization": "bassages-github",
            "key": "home-sensors",
            "name": "home-sensors",
            "tags": [],
            "visibility": "public",
            "isNew": false
        },
        {
            "organization": "bassages-github",
            "key": "home-server:home-server-backend",
            "name": "home-server-backend",
            "tags": [],
            "visibility": "public",
            "isNew": false
        },
        {
            "organization": "nikrolls",
            "key": "nikrolls_homeassistant-goldair-climate",
            "name": "homeassistant-goldair-climate",
            "tags": [],
            "visibility": "public",
            "eligibilityStatus": "COMPLETED",
            "eligible": true,
            "isNew": false
        }
    ],
    "facets": [
        {
            "property": "languages",
            "values": [
                {
                    "val": "xml",
                    "count": 14845
                },
                {
                    "val": "web",
                    "count": 13245
                },
                {
                    "val": "java",
                    "count": 13148
                },
                {
                    "val": "css",
                    "count": 11600
                },
                {
                    "val": "js",
                    "count": 11511
                },
                {
                    "val": "cs",
                    "count": 6127
                },
                {
                    "val": "php",
                    "count": 2740
                },
                {
                    "val": "py",
                    "count": 2703
                },
                {
                    "val": "ts",
                    "count": 2054
                },
                {
                    "val": "c",
                    "count": 1733
                }
            ]
        },
        {
            "property": "ncloc",
            "values": [
                {
                    "val": "*-1000.0",
                    "count": 28146
                },
                {
                    "val": "1000.0-10000.0",
                    "count": 18885
                },
                {
                    "val": "10000.0-100000.0",
                    "count": 10812
                },
                {
                    "val": "100000.0-500000.0",
                    "count": 1998
                },
                {
                    "val": "500000.0-*",
                    "count": 378
                }
            ]
        }
    ]
}