{
    "paging": {
        "pageIndex": 753,
        "pageSize": 10,
        "total": 32063
    },
    "organizations": [
        {
            "key": "isc-projects",
            "name": "Internet Systems Consortium"
        },
        {
            "key": "powerdns",
            "name": "PowerDNS"
        },
        {
            "key": "modib-github",
            "name": "modib"
        },
        {
            "key": "gagri-github",
            "name": "gagri"
        },
        {
            "key": "dns-oarc",
            "name": "DNS-OARC"
        },
        {
            "key": "grimaldi",
            "name": "grimaldi"
        },
        {
            "key": "gitlabpm",
            "name": "gitlabpm"
        },
        {
            "key": "openpojo-dnscontrol",
            "name": "OpenPojo"
        }
    ],
    "components": [
        {
            "organization": "modib-github",
            "key": "modib_dns-over-https",
            "name": "dns-over-https",
            "tags": [],
            "visibility": "public",
            "isNew": false
        },
        {
            "organization": "dns-oarc",
            "key": "dns-oarc:dnscap",
            "name": "dnscap",
            "tags": [],
            "visibility": "public",
            "isNew": false
        },
        {
            "organization": "openpojo-dnscontrol",
            "key": "com.openpojo:dnscontrol",
            "name": "dnscontrol",
            "tags": [],
            "visibility": "public",
            "isNew": false
        },
        {
            "organization": "powerdns",
            "key": "dnsdist-master",
            "name": "dnsdist-master",
            "tags": [],
            "visibility": "public",
            "isNew": false
        },
        {
            "organization": "gitlabpm",
            "key": "dnsfjalsfhulsf87s897g7y7we8hru",
            "name": "dnsfjalsfhulsf87s897g7y7we8hru",
            "tags": [],
            "visibility": "public",
            "isNew": false
        },
        {
            "organization": "isc-projects",
            "key": "isc-projects_dnsgen",
            "name": "dnsgen",
            "tags": [],
            "visibility": "public",
            "isNew": false
        },
        {
            "organization": "grimaldi",
            "key": "dnsJava2.1.5",
            "name": "dnsJava2.1.5",
            "tags": [],
            "visibility": "public",
            "isNew": false
        },
        {
            "organization": "gagri-github",
            "key": "dnsJava2.1.5_gg",
            "name": "dnsJava2.1.5",
            "tags": [],
            "visibility": "public",
            "isNew": false
        },
        {
            "organization": "gagri-github",
            "key": "dnsJava2.1.6_ga",
            "name": "dnsJava2.1.6",
            "tags": [],
            "visibility": "public",
            "isNew": false
        },
        {
            "organization": "gagri-github",
            "key": "dnsJava2.1.7_gaia",
            "name": "dnsJava2.1.7",
            "tags": [],
            "visibility": "public",
            "isNew": false
        }
    ],
    "facets": [
        {
            "property": "languages",
            "values": [
                {
                    "val": "xml",
                    "count": 14841
                },
                {
                    "val": "web",
                    "count": 13242
                },
                {
                    "val": "java",
                    "count": 13146
                },
                {
                    "val": "css",
                    "count": 11597
                },
                {
                    "val": "js",
                    "count": 11505
                },
                {
                    "val": "cs",
                    "count": 6126
                },
                {
                    "val": "php",
                    "count": 2739
                },
                {
                    "val": "py",
                    "count": 2703
                },
                {
                    "val": "ts",
                    "count": 2053
                },
                {
                    "val": "c",
                    "count": 1733
                }
            ]
        },
        {
            "property": "ncloc",
            "values": [
                {
                    "val": "*-1000.0",
                    "count": 28143
                },
                {
                    "val": "1000.0-10000.0",
                    "count": 18878
                },
                {
                    "val": "10000.0-100000.0",
                    "count": 10810
                },
                {
                    "val": "100000.0-500000.0",
                    "count": 1997
                },
                {
                    "val": "500000.0-*",
                    "count": 378
                }
            ]
        }
    ]
}