{
    "paging": {
        "pageIndex": 541,
        "pageSize": 10,
        "total": 32072
    },
    "organizations": [
        {
            "key": "socrtx-github",
            "name": "Karlos"
        },
        {
            "key": "alexdelpuerto-github",
            "name": "Alex del Puerto"
        },
        {
            "key": "alexandracabreralituma-github",
            "name": "AlexandraCabreraLituma"
        },
        {
            "key": "drachodran-github",
            "name": "drachodran"
        },
        {
            "key": "mikdan-github",
            "name": "mikdan"
        },
        {
            "key": "borja94-github",
            "name": "borja94"
        },
        {
            "key": "garymsilva-github",
            "name": "Gary M. Silva"
        },
        {
            "key": "davidblasvazquez-github",
            "name": "David.bv"
        },
        {
            "key": "miw-upm-github",
            "name": "M\u00e1ster en Ingenier\u00eda Web"
        }
    ],
    "components": [
        {
            "organization": "garymsilva-github",
            "key": "garymsilva_es-na-palma-da-mao-mobile-vnext",
            "name": "es-na-palma-da-mao-mobile-vnext",
            "tags": [],
            "visibility": "public",
            "isNew": false
        },
        {
            "organization": "drachodran-github",
            "key": "es.drachodran.apaw:APAW-PF2--Cesar_Gayo",
            "name": "es.drachodran.apaw.APAW-PF2--Cesar_Gayo",
            "tags": [],
            "visibility": "public",
            "isNew": false
        },
        {
            "organization": "miw-upm-github",
            "key": "es.upm.miw:apaw",
            "name": "es.upm.miw.apaw",
            "tags": [],
            "visibility": "public",
            "isNew": false
        },
        {
            "organization": "miw-upm-github",
            "key": "es.upm.miw:apaw-api-themes",
            "name": "es.upm.miw.apaw-api-themes",
            "tags": [],
            "visibility": "public",
            "isNew": false
        },
        {
            "organization": "socrtx-github",
            "key": "es.upm.miw:APAW-ECP1-Karlos",
            "name": "es.upm.miw.APAW-ECP1-Karlos",
            "tags": [],
            "visibility": "public",
            "isNew": false
        },
        {
            "organization": "alexdelpuerto-github",
            "key": "es.upm.miw:APAW-ECP2-alejandrodelPuerto",
            "name": "es.upm.miw.APAW-ECP2-alejandrodelPuerto",
            "tags": [],
            "visibility": "public",
            "isNew": false
        },
        {
            "organization": "alexandracabreralituma-github",
            "key": "es.upm.miw:APAW-ECP2-AlexandraCabrera",
            "name": "es.upm.miw.APAW-ECP2-AlexandraCabrera",
            "tags": [],
            "visibility": "public",
            "isNew": false
        },
        {
            "organization": "borja94-github",
            "key": "es.upm.miw:APAW-ECP2-BORJA-GUZMAN",
            "name": "es.upm.miw.APAW-ECP2-BORJA-GUZMAN",
            "tags": [],
            "visibility": "public",
            "isNew": false
        },
        {
            "organization": "mikdan-github",
            "key": "es.upm.miw:APAW-ECP2-DanHuang",
            "name": "es.upm.miw.APAW-ECP2-DanHuang",
            "tags": [],
            "visibility": "public",
            "isNew": false
        },
        {
            "organization": "davidblasvazquez-github",
            "key": "es.upm.miw:APAW-ECP2-DavidBlas",
            "name": "es.upm.miw.APAW-ECP2-DavidBlas",
            "tags": [],
            "visibility": "public",
            "isNew": false
        }
    ],
    "facets": [
        {
            "property": "languages",
            "values": [
                {
                    "val": "xml",
                    "count": 14844
                },
                {
                    "val": "web",
                    "count": 13244
                },
                {
                    "val": "java",
                    "count": 13148
                },
                {
                    "val": "css",
                    "count": 11600
                },
                {
                    "val": "js",
                    "count": 11510
                },
                {
                    "val": "cs",
                    "count": 6127
                },
                {
                    "val": "php",
                    "count": 2740
                },
                {
                    "val": "py",
                    "count": 2703
                },
                {
                    "val": "ts",
                    "count": 2054
                },
                {
                    "val": "c",
                    "count": 1733
                }
            ]
        },
        {
            "property": "ncloc",
            "values": [
                {
                    "val": "*-1000.0",
                    "count": 28145
                },
                {
                    "val": "1000.0-10000.0",
                    "count": 18884
                },
                {
                    "val": "10000.0-100000.0",
                    "count": 10812
                },
                {
                    "val": "100000.0-500000.0",
                    "count": 1998
                },
                {
                    "val": "500000.0-*",
                    "count": 378
                }
            ]
        }
    ]
}