{
    "paging": {
        "pageIndex": 247,
        "pageSize": 10,
        "total": 32063
    },
    "organizations": [
        {
            "key": "ngenerics-github",
            "name": "ngenerics"
        },
        {
            "key": "karandeep29-github",
            "name": "karandeep29"
        },
        {
            "key": "munkytacos-bitbucket",
            "name": "Kay White"
        },
        {
            "key": "newsirfin-github",
            "name": "NewSirfin"
        },
        {
            "key": "laristra",
            "name": "laristra"
        },
        {
            "key": "matteofiorellotelnext-bitbucket",
            "name": "matteo.fiorello@telnext.com"
        },
        {
            "key": "nesqwik-github",
            "name": "Nesqwik"
        },
        {
            "key": "amygos-github",
            "name": "Matteo Valentini"
        },
        {
            "key": "seulgiwendy-github",
            "name": "Hwijun Jeong"
        },
        {
            "key": "etrich-github",
            "name": "etrich"
        }
    ],
    "components": [
        {
            "organization": "seulgiwendy-github",
            "key": "com.educhoice:motherchoice",
            "name": "motherchoice",
            "tags": [],
            "visibility": "public",
            "isNew": false
        },
        {
            "organization": "amygos-github",
            "key": "icaro-test",
            "name": "icaro-test",
            "tags": [],
            "visibility": "public",
            "isNew": false
        },
        {
            "organization": "ngenerics-github",
            "key": "ngenerics-github",
            "name": "NGenerics",
            "tags": [],
            "visibility": "public",
            "isNew": false
        },
        {
            "organization": "munkytacos-bitbucket",
            "key": "testing-mt-vc",
            "name": "VanillaCraft",
            "tags": [],
            "visibility": "public",
            "isNew": false
        },
        {
            "organization": "matteofiorellotelnext-bitbucket",
            "key": "TelnextIosTest",
            "name": "LamborghiniIos",
            "tags": [],
            "visibility": "public",
            "isNew": false
        },
        {
            "organization": "newsirfin-github",
            "key": "mySirfin",
            "name": "mySirfin",
            "tags": [],
            "visibility": "public",
            "isNew": false
        },
        {
            "organization": "karandeep29-github",
            "key": "ridaiveer",
            "name": "ridaiveer",
            "tags": [],
            "visibility": "public",
            "isNew": false
        },
        {
            "organization": "laristra",
            "key": "flecsi:/adding_hpx",
            "name": "flecsi /adding_hpx",
            "tags": [],
            "visibility": "public",
            "isNew": false
        },
        {
            "organization": "nesqwik-github",
            "key": "Gamification-Front-Web:develop",
            "name": "Gamification-Front-Web develop",
            "tags": [],
            "visibility": "public",
            "isNew": false
        },
        {
            "organization": "etrich-github",
            "key": "test11",
            "name": "test11",
            "tags": [],
            "visibility": "public",
            "isNew": false
        }
    ],
    "facets": [
        {
            "property": "languages",
            "values": [
                {
                    "val": "xml",
                    "count": 14840
                },
                {
                    "val": "web",
                    "count": 13241
                },
                {
                    "val": "java",
                    "count": 13146
                },
                {
                    "val": "css",
                    "count": 11596
                },
                {
                    "val": "js",
                    "count": 11504
                },
                {
                    "val": "cs",
                    "count": 6126
                },
                {
                    "val": "php",
                    "count": 2739
                },
                {
                    "val": "py",
                    "count": 2703
                },
                {
                    "val": "ts",
                    "count": 2053
                },
                {
                    "val": "c",
                    "count": 1733
                }
            ]
        },
        {
            "property": "ncloc",
            "values": [
                {
                    "val": "*-1000.0",
                    "count": 28140
                },
                {
                    "val": "1000.0-10000.0",
                    "count": 18880
                },
                {
                    "val": "10000.0-100000.0",
                    "count": 10809
                },
                {
                    "val": "100000.0-500000.0",
                    "count": 1996
                },
                {
                    "val": "500000.0-*",
                    "count": 378
                }
            ]
        }
    ]
}