{
    "paging": {
        "pageIndex": 845,
        "pageSize": 10,
        "total": 32072
    },
    "organizations": [
        {
            "key": "usamamali-github",
            "name": "usamamali"
        },
        {
            "key": "csys-fresher-batch-2019",
            "name": "ChainsysTraining"
        },
        {
            "key": "pavlovmilen",
            "name": "Milen Pavlov"
        },
        {
            "key": "leif-boelskift22244",
            "name": "Leif Boelskift"
        },
        {
            "key": "ldap-account-manager",
            "name": "LAM"
        },
        {
            "key": "ghyslainbruno",
            "name": "Ghyslain BRUNO"
        },
        {
            "key": "cesardl-github",
            "name": "Cesardl"
        },
        {
            "key": "tk-codes-github",
            "name": "Keerthikan TK"
        },
        {
            "key": "lc",
            "name": "lc"
        }
    ],
    "components": [
        {
            "organization": "tk-codes-github",
            "key": "lazo-test",
            "name": "lazo-test",
            "tags": [],
            "visibility": "public",
            "isNew": false
        },
        {
            "organization": "usamamali-github",
            "key": "com.lazy.email:lazy-email",
            "name": "lazy-email-backend",
            "tags": [],
            "visibility": "public",
            "isNew": false
        },
        {
            "organization": "ghyslainbruno",
            "key": "lazyker-back",
            "name": "Lazyker Back",
            "tags": [],
            "visibility": "public",
            "isNew": false
        },
        {
            "organization": "ghyslainbruno",
            "key": "lazyker-front",
            "name": "Lazyker Front",
            "tags": [],
            "visibility": "public",
            "isNew": false
        },
        {
            "organization": "leif-boelskift22244",
            "key": "LBO-SQ-TEST-1",
            "name": "LBO-SQ-TEST-1",
            "tags": [],
            "visibility": "public",
            "isNew": false
        },
        {
            "organization": "pavlovmilen",
            "key": "pavlovmilen_LCI",
            "name": "LCI",
            "tags": [],
            "visibility": "public",
            "eligibilityStatus": "COMPLETED",
            "eligible": false,
            "isNew": false
        },
        {
            "organization": "lc",
            "key": "lcshuffle",
            "name": "lcshuffle",
            "tags": [],
            "visibility": "public",
            "isNew": false
        },
        {
            "organization": "ldap-account-manager",
            "key": "lam",
            "name": "LDAP Account Manager",
            "tags": [],
            "visibility": "public",
            "isNew": false
        },
        {
            "organization": "csys-fresher-batch-2019",
            "key": "csys-fresher-batch-2019_libraryapp-chinraj",
            "name": "LDM",
            "tags": [],
            "visibility": "public",
            "isNew": false
        },
        {
            "organization": "cesardl-github",
            "key": "com.javachap.lead-sample-webapp",
            "name": "Lead Sample Application",
            "tags": [],
            "visibility": "public",
            "isNew": false
        }
    ],
    "facets": [
        {
            "property": "languages",
            "values": [
                {
                    "val": "xml",
                    "count": 14844
                },
                {
                    "val": "web",
                    "count": 13244
                },
                {
                    "val": "java",
                    "count": 13148
                },
                {
                    "val": "css",
                    "count": 11600
                },
                {
                    "val": "js",
                    "count": 11510
                },
                {
                    "val": "cs",
                    "count": 6127
                },
                {
                    "val": "php",
                    "count": 2740
                },
                {
                    "val": "py",
                    "count": 2703
                },
                {
                    "val": "ts",
                    "count": 2054
                },
                {
                    "val": "c",
                    "count": 1733
                }
            ]
        },
        {
            "property": "ncloc",
            "values": [
                {
                    "val": "*-1000.0",
                    "count": 28145
                },
                {
                    "val": "1000.0-10000.0",
                    "count": 18884
                },
                {
                    "val": "10000.0-100000.0",
                    "count": 10812
                },
                {
                    "val": "100000.0-500000.0",
                    "count": 1998
                },
                {
                    "val": "500000.0-*",
                    "count": 378
                }
            ]
        }
    ]
}