{
    "paging": {
        "pageIndex": 671,
        "pageSize": 10,
        "total": 32072
    },
    "organizations": [
        {
            "key": "andersonlfeitosa",
            "name": "Anderson Lobo Feitosa"
        },
        {
            "key": "keepthings",
            "name": "KeepThings"
        },
        {
            "key": "steinko-github",
            "name": "Stein Korsveien"
        },
        {
            "key": "saalin",
            "name": "saalin"
        },
        {
            "key": "kvjavaxxx",
            "name": "SoftServe ITA Kv-030.Java"
        },
        {
            "key": "jesus-alberto-rivera-mina",
            "name": "Jesus Rivera"
        },
        {
            "key": "concurrencykit",
            "name": "Concurrency Kit"
        },
        {
            "key": "progetto",
            "name": "progetto"
        },
        {
            "key": "andrey-alvarado-corrales73914",
            "name": "Andrey Alvarado Corrales"
        },
        {
            "key": "atagulalan-github",
            "name": "atagulalan"
        }
    ],
    "components": [
        {
            "organization": "atagulalan-github",
            "key": "sliconfWebKey",
            "name": "sliconf-web",
            "tags": [],
            "visibility": "public",
            "isNew": false
        },
        {
            "organization": "progetto",
            "key": "progettomodelli",
            "name": "Apache Commons Codec",
            "tags": [],
            "visibility": "public",
            "isNew": false
        },
        {
            "organization": "kvjavaxxx",
            "key": "ua.softserve.academy.kv030:auth-service:DAO_layer_update",
            "name": "auth-service DAO_layer_update",
            "tags": [],
            "visibility": "public",
            "isNew": false
        },
        {
            "organization": "jesus-alberto-rivera-mina",
            "key": "Jesus-Alberto-Rivera-Mina_biblio_teca",
            "name": "biblio_teca",
            "tags": [],
            "visibility": "public",
            "isNew": false
        },
        {
            "organization": "concurrencykit",
            "key": "concurrencykit_ck",
            "name": "ck",
            "tags": [],
            "visibility": "public",
            "isNew": false
        },
        {
            "organization": "andrey-alvarado-corrales73914",
            "key": "demo-dominicana",
            "name": "demo-dominicana",
            "tags": [],
            "visibility": "public",
            "isNew": false
        },
        {
            "organization": "andersonlfeitosa",
            "key": "investments",
            "name": "investments",
            "tags": [],
            "visibility": "public",
            "isNew": false
        },
        {
            "organization": "keepthings",
            "key": "KeepThings_KeepThingsWeb",
            "name": "KeepThingsWeb",
            "tags": [],
            "visibility": "public",
            "isNew": false
        },
        {
            "organization": "saalin",
            "key": "longleaf",
            "name": "longleaf",
            "tags": [],
            "visibility": "public",
            "isNew": false
        },
        {
            "organization": "steinko-github",
            "key": "steinKo.ATM:Parent",
            "name": "Parent",
            "tags": [],
            "visibility": "public",
            "isNew": false
        }
    ],
    "facets": [
        {
            "property": "languages",
            "values": [
                {
                    "val": "xml",
                    "count": 14844
                },
                {
                    "val": "web",
                    "count": 13245
                },
                {
                    "val": "java",
                    "count": 13148
                },
                {
                    "val": "css",
                    "count": 11600
                },
                {
                    "val": "js",
                    "count": 11510
                },
                {
                    "val": "cs",
                    "count": 6127
                },
                {
                    "val": "php",
                    "count": 2740
                },
                {
                    "val": "py",
                    "count": 2703
                },
                {
                    "val": "ts",
                    "count": 2054
                },
                {
                    "val": "c",
                    "count": 1733
                }
            ]
        },
        {
            "property": "ncloc",
            "values": [
                {
                    "val": "*-1000.0",
                    "count": 28145
                },
                {
                    "val": "1000.0-10000.0",
                    "count": 18884
                },
                {
                    "val": "10000.0-100000.0",
                    "count": 10812
                },
                {
                    "val": "100000.0-500000.0",
                    "count": 1998
                },
                {
                    "val": "500000.0-*",
                    "count": 378
                }
            ]
        }
    ]
}