{
    "paging": {
        "pageIndex": 900,
        "pageSize": 10,
        "total": 32073
    },
    "organizations": [
        {
            "key": "dgroup-github",
            "name": "Yurii Dubinka"
        },
        {
            "key": "mayten-devops",
            "name": "Mayur Tendulkar DevOps Org"
        },
        {
            "key": "daseka-github",
            "name": "Daseka"
        },
        {
            "key": "projetpai-owner",
            "name": "Projetpai-owner"
        },
        {
            "key": "knorrke-github",
            "name": "Knorrke"
        },
        {
            "key": "default",
            "name": "Attic"
        },
        {
            "key": "testing-sonarqube",
            "name": "testing-sonarqube"
        },
        {
            "key": "mbcfab",
            "name": "mbcfab"
        },
        {
            "key": "mayur9991-github",
            "name": "Mayur Patel"
        },
        {
            "key": "mbdemo",
            "name": "mbdemo"
        }
    ],
    "components": [
        {
            "organization": "testing-sonarqube",
            "key": "mayan-edms",
            "name": "mayan-edms",
            "tags": [],
            "visibility": "public",
            "isNew": false
        },
        {
            "organization": "mayten-devops",
            "key": "mayten-devops-key",
            "name": "mayten-devops-key",
            "tags": [],
            "visibility": "public",
            "isNew": false
        },
        {
            "organization": "mayur9991-github",
            "key": "info.mayurpatel.web:mayurpatel",
            "name": "mayurpatel",
            "tags": [],
            "visibility": "public",
            "isNew": false
        },
        {
            "organization": "default",
            "key": "org.mazarineblue:MazarineBlue",
            "name": "MazarineBlue",
            "tags": [
                "java8"
            ],
            "visibility": "public",
            "isNew": false
        },
        {
            "organization": "daseka-github",
            "key": "ZoneTwo",
            "name": "Maze",
            "tags": [],
            "visibility": "public",
            "isNew": false
        },
        {
            "organization": "knorrke-github",
            "key": "MazeRunner:MazeRunner",
            "name": "MazeRunner",
            "tags": [],
            "visibility": "public",
            "isNew": false
        },
        {
            "organization": "mbcfab",
            "key": "MBCAPP",
            "name": "MBCAPP",
            "tags": [],
            "visibility": "public",
            "isNew": false
        },
        {
            "organization": "mbdemo",
            "key": "mbdemo",
            "name": "mbdemo",
            "tags": [],
            "visibility": "public",
            "isNew": false
        },
        {
            "organization": "dgroup-github",
            "key": "io.github.dgroup:mbox4j",
            "name": "mbox4j",
            "tags": [],
            "visibility": "public",
            "isNew": false
        },
        {
            "organization": "projetpai-owner",
            "key": "mybodypartner-rest",
            "name": "mbp-rest-service",
            "tags": [],
            "visibility": "public",
            "isNew": false
        }
    ],
    "facets": [
        {
            "property": "languages",
            "values": [
                {
                    "val": "xml",
                    "count": 14845
                },
                {
                    "val": "web",
                    "count": 13245
                },
                {
                    "val": "java",
                    "count": 13148
                },
                {
                    "val": "css",
                    "count": 11600
                },
                {
                    "val": "js",
                    "count": 11511
                },
                {
                    "val": "cs",
                    "count": 6127
                },
                {
                    "val": "php",
                    "count": 2740
                },
                {
                    "val": "py",
                    "count": 2703
                },
                {
                    "val": "ts",
                    "count": 2054
                },
                {
                    "val": "c",
                    "count": 1733
                }
            ]
        },
        {
            "property": "ncloc",
            "values": [
                {
                    "val": "*-1000.0",
                    "count": 28145
                },
                {
                    "val": "1000.0-10000.0",
                    "count": 18885
                },
                {
                    "val": "10000.0-100000.0",
                    "count": 10812
                },
                {
                    "val": "100000.0-500000.0",
                    "count": 1998
                },
                {
                    "val": "500000.0-*",
                    "count": 378
                }
            ]
        }
    ]
}