{
    "paging": {
        "pageIndex": 521,
        "pageSize": 10,
        "total": 32066
    },
    "organizations": [
        {
            "key": "jcornaz-github",
            "name": "Jonathan Cornaz"
        },
        {
            "key": "eadventurous",
            "name": "Egor Ivkov"
        },
        {
            "key": "dylanvgils-github",
            "name": "Dylan van Gils"
        },
        {
            "key": "cs17b022-github",
            "name": "CS17B022"
        },
        {
            "key": "drmorales4",
            "name": "drmorales4"
        },
        {
            "key": "kaizimmerm-github",
            "name": "Kai Zimmermann"
        },
        {
            "key": "ilestis-github",
            "name": "Jay Payne"
        },
        {
            "key": "anndy201-github",
            "name": "anndy201"
        },
        {
            "key": "pfultz2-github",
            "name": "Paul Fultz II"
        }
    ],
    "components": [
        {
            "organization": "dylanvgils-github",
            "key": "Minor.Nijn",
            "name": "Minor.Nijn",
            "tags": [],
            "visibility": "public",
            "isNew": false
        },
        {
            "organization": "jcornaz-github",
            "key": "jcornaz_miop",
            "name": "miop",
            "tags": [
                "kotlin",
                "multi-platform",
                "library"
            ],
            "visibility": "public",
            "isNew": false
        },
        {
            "organization": "pfultz2-github",
            "key": "pfultz2_MIOpen",
            "name": "MIOpen",
            "tags": [],
            "visibility": "public",
            "isNew": false
        },
        {
            "organization": "kaizimmerm-github",
            "key": "com.microsoft:protection",
            "name": "MIP service :: Parent",
            "tags": [],
            "visibility": "public",
            "isNew": false
        },
        {
            "organization": "kaizimmerm-github",
            "key": "kaizimmerm_protection-service",
            "name": "MIP service :: Parent",
            "tags": [
                "azure"
            ],
            "visibility": "public",
            "isNew": false
        },
        {
            "organization": "cs17b022-github",
            "key": "CS17B022_mips-assembler",
            "name": "mips-assembler",
            "tags": [],
            "visibility": "public",
            "isNew": false
        },
        {
            "organization": "drmorales4",
            "key": "drmorales4_MiRepositorio",
            "name": "MiRepositorio",
            "tags": [
                "0.0.1-beta.0",
                "java"
            ],
            "visibility": "public",
            "eligibilityStatus": "COMPLETED",
            "eligible": false,
            "isNew": false
        },
        {
            "organization": "anndy201-github",
            "key": "YG_2017047",
            "name": "mis-pom",
            "tags": [],
            "visibility": "public",
            "isNew": false
        },
        {
            "organization": "ilestis-github",
            "key": "ilestis_miscellany",
            "name": "miscellany",
            "tags": [],
            "visibility": "public",
            "isNew": false
        },
        {
            "organization": "eadventurous",
            "key": "eadventurous_mist-engine",
            "name": "mist-engine",
            "tags": [],
            "visibility": "public",
            "isNew": false
        }
    ],
    "facets": [
        {
            "property": "languages",
            "values": [
                {
                    "val": "xml",
                    "count": 14842
                },
                {
                    "val": "web",
                    "count": 13243
                },
                {
                    "val": "java",
                    "count": 13146
                },
                {
                    "val": "css",
                    "count": 11599
                },
                {
                    "val": "js",
                    "count": 11508
                },
                {
                    "val": "cs",
                    "count": 6126
                },
                {
                    "val": "php",
                    "count": 2740
                },
                {
                    "val": "py",
                    "count": 2703
                },
                {
                    "val": "ts",
                    "count": 2054
                },
                {
                    "val": "c",
                    "count": 1733
                }
            ]
        },
        {
            "property": "ncloc",
            "values": [
                {
                    "val": "*-1000.0",
                    "count": 28145
                },
                {
                    "val": "1000.0-10000.0",
                    "count": 18880
                },
                {
                    "val": "10000.0-100000.0",
                    "count": 10810
                },
                {
                    "val": "100000.0-500000.0",
                    "count": 1998
                },
                {
                    "val": "500000.0-*",
                    "count": 378
                }
            ]
        }
    ]
}