{
    "paging": {
        "pageIndex": 166,
        "pageSize": 10,
        "total": 32073
    },
    "organizations": [
        {
            "key": "arjunsundaram4",
            "name": "Arjun Sundaram"
        },
        {
            "key": "java_1804",
            "name": "java"
        },
        {
            "key": "idowuakinde",
            "name": "Idowu Akinde"
        },
        {
            "key": "esig",
            "name": "esig"
        },
        {
            "key": "nextstep-org",
            "name": "nextstep-org"
        },
        {
            "key": "discimagechef",
            "name": "DiscImageChef"
        },
        {
            "key": "notamethod",
            "name": "notamethod"
        },
        {
            "key": "h3r0ld-github",
            "name": "Herold Krist\u00f3f"
        },
        {
            "key": "r3alcl0ud-github",
            "name": "Perry Berman"
        }
    ],
    "components": [
        {
            "organization": "nextstep-org",
            "key": "digital_ux",
            "name": "Digital Readiness Assessment UX",
            "tags": [],
            "visibility": "public",
            "isNew": false
        },
        {
            "organization": "esig",
            "key": "eu.europa.ec.joinup.sd-dss:sd-dss",
            "name": "Digital Signature Services",
            "tags": [],
            "visibility": "public",
            "isNew": false
        },
        {
            "organization": "arjunsundaram4",
            "key": "arjunsundaram4_Digital-Course-FIle-System",
            "name": "Digital-Course-FIle-System",
            "tags": [],
            "visibility": "public",
            "eligibilityStatus": "COMPLETED",
            "eligible": true,
            "isNew": false
        },
        {
            "organization": "java_1804",
            "key": "directory-kerby_180410",
            "name": "directory-kerby",
            "tags": [],
            "visibility": "public",
            "isNew": false
        },
        {
            "organization": "java_1804",
            "key": "directory-server_180410",
            "name": "directory-server",
            "tags": [],
            "visibility": "public",
            "isNew": false
        },
        {
            "organization": "discimagechef",
            "key": "discimagechef_DiscImageChef",
            "name": "Aaru",
            "tags": [],
            "visibility": "public",
            "isNew": false
        },
        {
            "organization": "idowuakinde",
            "key": "idowuakinde_Discipuli",
            "name": "Discipuli",
            "tags": [],
            "visibility": "public",
            "eligibilityStatus": "COMPLETED",
            "eligible": true,
            "isNew": false
        },
        {
            "organization": "r3alcl0ud-github",
            "key": "io.discloader:discloader",
            "name": "DiscLoader",
            "tags": [],
            "visibility": "public",
            "isNew": false
        },
        {
            "organization": "h3r0ld-github",
            "key": "DiscreenKT",
            "name": "DiscreenKT",
            "tags": [],
            "visibility": "public",
            "isNew": false
        },
        {
            "organization": "notamethod",
            "key": "org.dpr:diskong",
            "name": "Diskong",
            "tags": [],
            "visibility": "public",
            "isNew": false
        }
    ],
    "facets": [
        {
            "property": "languages",
            "values": [
                {
                    "val": "xml",
                    "count": 14845
                },
                {
                    "val": "web",
                    "count": 13245
                },
                {
                    "val": "java",
                    "count": 13148
                },
                {
                    "val": "css",
                    "count": 11600
                },
                {
                    "val": "js",
                    "count": 11511
                },
                {
                    "val": "cs",
                    "count": 6127
                },
                {
                    "val": "php",
                    "count": 2740
                },
                {
                    "val": "py",
                    "count": 2703
                },
                {
                    "val": "ts",
                    "count": 2054
                },
                {
                    "val": "c",
                    "count": 1733
                }
            ]
        },
        {
            "property": "ncloc",
            "values": [
                {
                    "val": "*-1000.0",
                    "count": 28146
                },
                {
                    "val": "1000.0-10000.0",
                    "count": 18885
                },
                {
                    "val": "10000.0-100000.0",
                    "count": 10812
                },
                {
                    "val": "100000.0-500000.0",
                    "count": 1998
                },
                {
                    "val": "500000.0-*",
                    "count": 378
                }
            ]
        }
    ]
}