{
    "paging": {
        "pageIndex": 529,
        "pageSize": 10,
        "total": 32075
    },
    "organizations": [
        {
            "key": "amolpatil0790",
            "name": "amolpatil0790"
        },
        {
            "key": "sonarcloudorga",
            "name": "sonarcloudorga"
        },
        {
            "key": "gonzaebarreto",
            "name": "gonzaebarreto"
        },
        {
            "key": "anfranmz",
            "name": "anfranmz"
        },
        {
            "key": "pascalhoebeke0136",
            "name": "pascalhoebeke0136"
        },
        {
            "key": "paul-minnella11704",
            "name": "Paul Minnella"
        },
        {
            "key": "gmaz202003",
            "name": "gmaz202003"
        },
        {
            "key": "nicholas",
            "name": "nicholas"
        },
        {
            "key": "christoforos",
            "name": "christoforos"
        }
    ],
    "components": [
        {
            "organization": "sonarcloudorga",
            "key": "sonarcloudproj",
            "name": "sonarcloudproj",
            "tags": [],
            "visibility": "public",
            "isNew": false
        },
        {
            "organization": "gmaz202003",
            "key": "partsunlimited.gm",
            "name": "SonarCloudProject",
            "tags": [],
            "visibility": "public",
            "isNew": false
        },
        {
            "organization": "nicholas",
            "key": "partsunlimited.nicholas",
            "name": "sonarcloudproject9393",
            "tags": [],
            "visibility": "public",
            "isNew": false
        },
        {
            "organization": "amolpatil0790",
            "key": "SonarCloudProjectMyPartsUnlimited",
            "name": "SonarCloudProjectMyPartsUnlimited",
            "tags": [],
            "visibility": "public",
            "isNew": false
        },
        {
            "organization": "amolpatil0790",
            "key": "sonarcloud.mypartsunlimitedproject.SonarCloudProjectMyPartsUnlimited",
            "name": "SonarCloudProjectMyPartsUnlimited",
            "tags": [],
            "visibility": "public",
            "isNew": false
        },
        {
            "organization": "gonzaebarreto",
            "key": "gonzaebarreto_sonarcloudtest",
            "name": "Sonarcloudtest",
            "tags": [],
            "visibility": "public",
            "isNew": false
        },
        {
            "organization": "pascalhoebeke0136",
            "key": "partsunlimited.PascalHoebeke",
            "name": "SonarCloudTest",
            "tags": [],
            "visibility": "public",
            "isNew": false
        },
        {
            "organization": "christoforos",
            "key": "partsunlimited.lalakis",
            "name": "SonarCloudTest",
            "tags": [],
            "visibility": "public",
            "isNew": false
        },
        {
            "organization": "paul-minnella11704",
            "key": "SonarCloudTestBuildPullRequest",
            "name": "SonarCloudTest for PullRequest",
            "tags": [],
            "visibility": "public",
            "isNew": false
        },
        {
            "organization": "anfranmz",
            "key": "anfranmz",
            "name": "SonarCloudValidation",
            "tags": [],
            "visibility": "public",
            "isNew": true
        }
    ],
    "facets": [
        {
            "property": "languages",
            "values": [
                {
                    "val": "xml",
                    "count": 14846
                },
                {
                    "val": "web",
                    "count": 13246
                },
                {
                    "val": "java",
                    "count": 13149
                },
                {
                    "val": "css",
                    "count": 11600
                },
                {
                    "val": "js",
                    "count": 11511
                },
                {
                    "val": "cs",
                    "count": 6127
                },
                {
                    "val": "php",
                    "count": 2740
                },
                {
                    "val": "py",
                    "count": 2704
                },
                {
                    "val": "ts",
                    "count": 2054
                },
                {
                    "val": "c",
                    "count": 1733
                }
            ]
        },
        {
            "property": "ncloc",
            "values": [
                {
                    "val": "*-1000.0",
                    "count": 28146
                },
                {
                    "val": "1000.0-10000.0",
                    "count": 18886
                },
                {
                    "val": "10000.0-100000.0",
                    "count": 10813
                },
                {
                    "val": "100000.0-500000.0",
                    "count": 1998
                },
                {
                    "val": "500000.0-*",
                    "count": 378
                }
            ]
        }
    ]
}