{
    "paging": {
        "pageIndex": 181,
        "pageSize": 10,
        "total": 32063
    },
    "organizations": [
        {
            "key": "jpruebas",
            "name": "jPruebas"
        },
        {
            "key": "unmannedsystems-ucla-github",
            "name": "unmannedsystems-ucla"
        },
        {
            "key": "kvjavaxxx",
            "name": "SoftServe ITA Kv-030.Java"
        },
        {
            "key": "gerardryan1989-github",
            "name": "GerardRyan1989"
        },
        {
            "key": "kjy",
            "name": "kjy"
        },
        {
            "key": "crowsofwar-github",
            "name": "Crows Of War"
        },
        {
            "key": "samueligt-github",
            "name": "Samuel Alves"
        },
        {
            "key": "tbaudier-github",
            "name": "tbaudier"
        },
        {
            "key": "awesomebakery",
            "name": "AwesomeBakery"
        }
    ],
    "components": [
        {
            "organization": "unmannedsystems-ucla-github",
            "key": "suas_2018",
            "name": "suas_2018",
            "tags": [],
            "visibility": "public",
            "isNew": false
        },
        {
            "organization": "kvjavaxxx",
            "key": "ua.softserve.academy.kv030:auth-service:users_administration",
            "name": "auth-service users_administration",
            "tags": [],
            "visibility": "public",
            "isNew": false
        },
        {
            "organization": "kvjavaxxx",
            "key": "ua.softserve.academy.kv030:auth-service:add_metadata_tests",
            "name": "auth-service add_metadata_tests",
            "tags": [],
            "visibility": "public",
            "isNew": false
        },
        {
            "organization": "samueligt-github",
            "key": "backontrack:master",
            "name": "BackOnTrack",
            "tags": [],
            "visibility": "public",
            "isNew": false
        },
        {
            "organization": "gerardryan1989-github",
            "key": "sonar.Car_Rental_System",
            "name": "sonar.Car_Rental_System",
            "tags": [],
            "visibility": "public",
            "isNew": false
        },
        {
            "organization": "crowsofwar-github",
            "key": "com.crowsofwar.avatarmod:AvatarMod:crows/icons",
            "name": "AvatarMod crows/icons",
            "tags": [],
            "visibility": "public",
            "isNew": false
        },
        {
            "organization": "kjy",
            "key": "MLManager-master",
            "name": "MLManager-master",
            "tags": [],
            "visibility": "public",
            "isNew": false
        },
        {
            "organization": "jpruebas",
            "key": "com.divinapastora.test.reactdivinapastora",
            "name": "com.divinapastora.test.reactdivinapastora",
            "tags": [],
            "visibility": "public",
            "isNew": false
        },
        {
            "organization": "awesomebakery",
            "key": "project-awesomebakery:start_cleanup",
            "name": "project-awesomebakery start_cleanup",
            "tags": [],
            "visibility": "public",
            "isNew": false
        },
        {
            "organization": "tbaudier-github",
            "key": "open-vv",
            "name": "open-vv",
            "tags": [],
            "visibility": "public",
            "isNew": false
        }
    ],
    "facets": [
        {
            "property": "languages",
            "values": [
                {
                    "val": "xml",
                    "count": 14840
                },
                {
                    "val": "web",
                    "count": 13241
                },
                {
                    "val": "java",
                    "count": 13146
                },
                {
                    "val": "css",
                    "count": 11596
                },
                {
                    "val": "js",
                    "count": 11504
                },
                {
                    "val": "cs",
                    "count": 6126
                },
                {
                    "val": "php",
                    "count": 2739
                },
                {
                    "val": "py",
                    "count": 2703
                },
                {
                    "val": "ts",
                    "count": 2053
                },
                {
                    "val": "c",
                    "count": 1733
                }
            ]
        },
        {
            "property": "ncloc",
            "values": [
                {
                    "val": "*-1000.0",
                    "count": 28140
                },
                {
                    "val": "1000.0-10000.0",
                    "count": 18880
                },
                {
                    "val": "10000.0-100000.0",
                    "count": 10809
                },
                {
                    "val": "100000.0-500000.0",
                    "count": 1996
                },
                {
                    "val": "500000.0-*",
                    "count": 378
                }
            ]
        }
    ]
}