{
    "paging": {
        "pageIndex": 890,
        "pageSize": 10,
        "total": 32063
    },
    "organizations": [
        {
            "key": "kalivarapureshma",
            "name": "KalivarapuReshma"
        },
        {
            "key": "aglomer",
            "name": "aglomer"
        },
        {
            "key": "vijayvani-github",
            "name": "vijayvani"
        },
        {
            "key": "prezistor-bitbucket",
            "name": "Klinika"
        },
        {
            "key": "schulzdl-github",
            "name": "SchulzDL"
        },
        {
            "key": "agnosticcoder-tailspin",
            "name": "agnosticcoder-tailspin"
        },
        {
            "key": "spinningtail",
            "name": "spinningtail"
        },
        {
            "key": "vijayeluri-github",
            "name": "VijayEluri"
        }
    ],
    "components": [
        {
            "organization": "prezistor-bitbucket",
            "key": "AgiTest2",
            "name": "AgiTest2",
            "tags": [],
            "visibility": "public",
            "isNew": false
        },
        {
            "organization": "aglomer",
            "key": "aglomer-uaa",
            "name": "aglomer-uaa",
            "tags": [],
            "visibility": "public",
            "isNew": false
        },
        {
            "organization": "aglomer",
            "key": "aglomer-uas",
            "name": "aglomer-uas",
            "tags": [],
            "visibility": "public",
            "isNew": false
        },
        {
            "organization": "vijayvani-github",
            "key": "vijayvani_ace-library",
            "name": "AgMIP Crop Experiment (ACE) Library",
            "tags": [],
            "visibility": "public",
            "isNew": false
        },
        {
            "organization": "kalivarapureshma",
            "key": "KalivarapuReshma_agni",
            "name": "agni",
            "tags": [],
            "visibility": "public",
            "isNew": false
        },
        {
            "organization": "agnosticcoder-tailspin",
            "key": "agnosticcoder-tailspin",
            "name": "agnosticcoder-tailspin",
            "tags": [],
            "visibility": "public",
            "isNew": false
        },
        {
            "organization": "spinningtail",
            "key": "agoraV2",
            "name": "agoraV2",
            "tags": [],
            "visibility": "public",
            "isNew": false
        },
        {
            "organization": "spinningtail",
            "key": "agoraV2_AgoraLegacy",
            "name": "agoraV2_AgoraLegacy",
            "tags": [],
            "visibility": "public",
            "isNew": false
        },
        {
            "organization": "schulzdl-github",
            "key": "AGP-Maker_v3.x",
            "name": "AGP-Maker3",
            "tags": [],
            "visibility": "public",
            "isNew": false
        },
        {
            "organization": "vijayeluri-github",
            "key": "VijayEluri_agraph-java-client",
            "name": "agraph-java-client",
            "tags": [],
            "visibility": "public",
            "isNew": false
        }
    ],
    "facets": [
        {
            "property": "languages",
            "values": [
                {
                    "val": "xml",
                    "count": 14841
                },
                {
                    "val": "web",
                    "count": 13242
                },
                {
                    "val": "java",
                    "count": 13146
                },
                {
                    "val": "css",
                    "count": 11597
                },
                {
                    "val": "js",
                    "count": 11505
                },
                {
                    "val": "cs",
                    "count": 6126
                },
                {
                    "val": "php",
                    "count": 2739
                },
                {
                    "val": "py",
                    "count": 2703
                },
                {
                    "val": "ts",
                    "count": 2053
                },
                {
                    "val": "c",
                    "count": 1733
                }
            ]
        },
        {
            "property": "ncloc",
            "values": [
                {
                    "val": "*-1000.0",
                    "count": 28144
                },
                {
                    "val": "1000.0-10000.0",
                    "count": 18878
                },
                {
                    "val": "10000.0-100000.0",
                    "count": 10810
                },
                {
                    "val": "100000.0-500000.0",
                    "count": 1997
                },
                {
                    "val": "500000.0-*",
                    "count": 378
                }
            ]
        }
    ]
}