{
    "paging": {
        "pageIndex": 590,
        "pageSize": 10,
        "total": 32067
    },
    "organizations": [
        {
            "key": "betorvs",
            "name": "Roberto Scudeller"
        },
        {
            "key": "isomer",
            "name": "Isomer"
        },
        {
            "key": "consdatacom",
            "name": "Consdata"
        },
        {
            "key": "spongebugs",
            "name": "spongebugs"
        },
        {
            "key": "viadee",
            "name": "viadee"
        },
        {
            "key": "brunoyamasaki-bitbucket",
            "name": "Bruno Yamasaki"
        },
        {
            "key": "danielhwe-github",
            "name": "Daniel Wehrle"
        },
        {
            "key": "mc1arke-github",
            "name": "Michael Clarke"
        },
        {
            "key": "ashutosh1598-github",
            "name": "Ashutosh Kumar Verma"
        },
        {
            "key": "bonivan-github",
            "name": "bonivan"
        }
    ],
    "components": [
        {
            "organization": "spongebugs",
            "key": "spongebugs-sonar",
            "name": "SonarQube",
            "tags": [],
            "visibility": "public",
            "isNew": false
        },
        {
            "organization": "bonivan-github",
            "key": "bonivan_sonar-intellij-plugin",
            "name": "SonarQube Community Plugin for Intellij",
            "tags": [],
            "visibility": "public",
            "isNew": false
        },
        {
            "organization": "danielhwe-github",
            "key": "org.sonarsource.dotnet:sonar-fxcop-plugin",
            "name": "SonarQube FxCop Plugin",
            "tags": [],
            "visibility": "public",
            "isNew": false
        },
        {
            "organization": "mc1arke-github",
            "key": "mc1arke_sonarqube-community-branch-plugin",
            "name": "sonarqube-community-branch-plugin",
            "tags": [],
            "visibility": "public",
            "eligibilityStatus": "COMPLETED",
            "eligible": false,
            "isNew": false
        },
        {
            "organization": "consdatacom",
            "key": "Consdata_sonarqube-companion",
            "name": "sonarqube-companion",
            "tags": [],
            "visibility": "public",
            "isNew": false
        },
        {
            "organization": "ashutosh1598-github",
            "key": "se.kth:sonarqube-repair",
            "name": "sonarqube-repair",
            "tags": [],
            "visibility": "public",
            "isNew": false
        },
        {
            "organization": "isomer",
            "key": "isomerpages_sonarqube-test",
            "name": "sonarqube-test",
            "tags": [],
            "visibility": "public",
            "isNew": false
        },
        {
            "organization": "betorvs",
            "key": "betorvs_sonarqube-to-gitlab-webhook",
            "name": "sonarqube-to-gitlab-webhook",
            "tags": [],
            "visibility": "public",
            "isNew": false
        },
        {
            "organization": "brunoyamasaki-bitbucket",
            "key": "SonarQubePagamentos",
            "name": "SonarQubePagamentos",
            "tags": [],
            "visibility": "public",
            "isNew": false
        },
        {
            "organization": "viadee",
            "key": "com.viadee:sonarQuest",
            "name": "SonarQuest",
            "tags": [],
            "visibility": "public",
            "isNew": false
        }
    ],
    "facets": [
        {
            "property": "languages",
            "values": [
                {
                    "val": "xml",
                    "count": 14842
                },
                {
                    "val": "web",
                    "count": 13243
                },
                {
                    "val": "java",
                    "count": 13146
                },
                {
                    "val": "css",
                    "count": 11599
                },
                {
                    "val": "js",
                    "count": 11508
                },
                {
                    "val": "cs",
                    "count": 6126
                },
                {
                    "val": "php",
                    "count": 2740
                },
                {
                    "val": "py",
                    "count": 2703
                },
                {
                    "val": "ts",
                    "count": 2054
                },
                {
                    "val": "c",
                    "count": 1733
                }
            ]
        },
        {
            "property": "ncloc",
            "values": [
                {
                    "val": "*-1000.0",
                    "count": 28145
                },
                {
                    "val": "1000.0-10000.0",
                    "count": 18881
                },
                {
                    "val": "10000.0-100000.0",
                    "count": 10810
                },
                {
                    "val": "100000.0-500000.0",
                    "count": 1998
                },
                {
                    "val": "500000.0-*",
                    "count": 378
                }
            ]
        }
    ]
}