{
    "paging": {
        "pageIndex": 986,
        "pageSize": 10,
        "total": 32068
    },
    "organizations": [
        {
            "key": "wearelautre",
            "name": "WeAreLautre"
        },
        {
            "key": "andriana008-bitbucket",
            "name": "Andriana"
        },
        {
            "key": "aidanwhiteley-github",
            "name": "Aidan Whiteley"
        },
        {
            "key": "reviewplatformdevteam",
            "name": "ReviewPlatformDevTeam"
        },
        {
            "key": "kamil0414",
            "name": "kamil0414"
        },
        {
            "key": "imatlin",
            "name": "Igor Matlin"
        },
        {
            "key": "ajmengistu",
            "name": "Aderajew Mengistu"
        },
        {
            "key": "stc12team",
            "name": "stc12team"
        },
        {
            "key": "dryus-bitbucket",
            "name": "Andrii Smoliak"
        },
        {
            "key": "ivan_frejuk-bitbucket",
            "name": "Frejuk Ivan"
        }
    ],
    "components": [
        {
            "organization": "kamil0414",
            "key": "kamil0414_books",
            "name": "books",
            "tags": [],
            "visibility": "public",
            "isNew": false
        },
        {
            "organization": "aidanwhiteley-github",
            "key": "com.aidanwhiteley:books",
            "name": "Books Microservice",
            "tags": [],
            "visibility": "public",
            "isNew": false
        },
        {
            "organization": "stc12team",
            "key": "bookSharing",
            "name": "bookSharingProject",
            "tags": [],
            "visibility": "public",
            "isNew": false
        },
        {
            "organization": "wearelautre",
            "key": "wearelautre_bookshelf-ui",
            "name": "bookshelf-ui",
            "tags": [],
            "visibility": "public",
            "isNew": false
        },
        {
            "organization": "reviewplatformdevteam",
            "key": "ReviewPlatformDevTeam_BooksReviewPlatform",
            "name": "BooksReviewPlatform",
            "tags": [],
            "visibility": "public",
            "eligibilityStatus": "COMPLETED",
            "eligible": false,
            "isNew": false
        },
        {
            "organization": "imatlin",
            "key": "BS",
            "name": "Bookstore",
            "tags": [],
            "visibility": "public",
            "isNew": false
        },
        {
            "organization": "ivan_frejuk-bitbucket",
            "key": "BookStore",
            "name": "BookStore",
            "tags": [],
            "visibility": "public",
            "isNew": false
        },
        {
            "organization": "ajmengistu",
            "key": "ajmengistu_backend-react-spring-ecommerce-bookstore",
            "name": "bookstore",
            "tags": [],
            "visibility": "public",
            "eligibilityStatus": "COMPLETED",
            "eligible": false,
            "isNew": false
        },
        {
            "organization": "andriana008-bitbucket",
            "key": "book01",
            "name": "BookStore",
            "tags": [],
            "visibility": "public",
            "isNew": false
        },
        {
            "organization": "dryus-bitbucket",
            "key": "bookStore",
            "name": "bookStore",
            "tags": [],
            "visibility": "public",
            "isNew": false
        }
    ],
    "facets": [
        {
            "property": "languages",
            "values": [
                {
                    "val": "xml",
                    "count": 14842
                },
                {
                    "val": "web",
                    "count": 13244
                },
                {
                    "val": "java",
                    "count": 13146
                },
                {
                    "val": "css",
                    "count": 11600
                },
                {
                    "val": "js",
                    "count": 11509
                },
                {
                    "val": "cs",
                    "count": 6127
                },
                {
                    "val": "php",
                    "count": 2740
                },
                {
                    "val": "py",
                    "count": 2703
                },
                {
                    "val": "ts",
                    "count": 2054
                },
                {
                    "val": "c",
                    "count": 1733
                }
            ]
        },
        {
            "property": "ncloc",
            "values": [
                {
                    "val": "*-1000.0",
                    "count": 28145
                },
                {
                    "val": "1000.0-10000.0",
                    "count": 18881
                },
                {
                    "val": "10000.0-100000.0",
                    "count": 10811
                },
                {
                    "val": "100000.0-500000.0",
                    "count": 1998
                },
                {
                    "val": "500000.0-*",
                    "count": 378
                }
            ]
        }
    ]
}