{
    "paging": {
        "pageIndex": 424,
        "pageSize": 10,
        "total": 32073
    },
    "organizations": [
        {
            "key": "secondsun-github",
            "name": "Hoyt Summers Pittman"
        },
        {
            "key": "vijayvani-github",
            "name": "vijayvani"
        },
        {
            "key": "thevenerablebede-github",
            "name": "TheVenerableBede"
        },
        {
            "key": "mwalliczek-github",
            "name": "mwalliczek"
        },
        {
            "key": "metatavu-oy",
            "name": "Metatavu Oy"
        },
        {
            "key": "unidata_org",
            "name": "Unidata"
        },
        {
            "key": "vijayeluri-github",
            "name": "VijayEluri"
        }
    ],
    "components": [
        {
            "organization": "vijayvani-github",
            "key": "vijayvani_neoswing",
            "name": "NeoSwing",
            "tags": [],
            "visibility": "public",
            "isNew": false
        },
        {
            "organization": "vijayvani-github",
            "key": "vijayvani_net.loadbang.osc",
            "name": "net.loadbang.osc",
            "tags": [],
            "visibility": "public",
            "isNew": false
        },
        {
            "organization": "secondsun-github",
            "key": "snes-dev-tools:net.saga.snes.dev",
            "name": "net.saga.snes.dev",
            "tags": [],
            "visibility": "public",
            "isNew": false
        },
        {
            "organization": "metatavu-oy",
            "key": "fi.metatavu.enfuser-ngsi-server:enfuser-ngsi-server",
            "name": "NetCDF NGSI Server",
            "tags": [],
            "visibility": "public",
            "isNew": false
        },
        {
            "organization": "unidata_org",
            "key": "edu.ucar.unidata:ncj",
            "name": "netcdf-java",
            "tags": [],
            "visibility": "public",
            "isNew": false
        },
        {
            "organization": "vijayvani-github",
            "key": "vijayvani_netconf-java",
            "name": "netconf-java",
            "tags": [],
            "visibility": "public",
            "isNew": false
        },
        {
            "organization": "vijayeluri-github",
            "key": "VijayEluri_netflow-parser",
            "name": "netflow-app",
            "tags": [],
            "visibility": "public",
            "isNew": false
        },
        {
            "organization": "thevenerablebede-github",
            "key": "NetGoat2",
            "name": "NetGoat2",
            "tags": [],
            "visibility": "public",
            "isNew": false
        },
        {
            "organization": "mwalliczek-github",
            "key": "mwalliczek_netimond",
            "name": "netimond",
            "tags": [],
            "visibility": "public",
            "isNew": false
        },
        {
            "organization": "vijayeluri-github",
            "key": "VijayEluri_netty",
            "name": "Netty",
            "tags": [],
            "visibility": "public",
            "isNew": false
        }
    ],
    "facets": [
        {
            "property": "languages",
            "values": [
                {
                    "val": "xml",
                    "count": 14845
                },
                {
                    "val": "web",
                    "count": 13245
                },
                {
                    "val": "java",
                    "count": 13148
                },
                {
                    "val": "css",
                    "count": 11600
                },
                {
                    "val": "js",
                    "count": 11511
                },
                {
                    "val": "cs",
                    "count": 6127
                },
                {
                    "val": "php",
                    "count": 2740
                },
                {
                    "val": "py",
                    "count": 2703
                },
                {
                    "val": "ts",
                    "count": 2054
                },
                {
                    "val": "c",
                    "count": 1733
                }
            ]
        },
        {
            "property": "ncloc",
            "values": [
                {
                    "val": "*-1000.0",
                    "count": 28146
                },
                {
                    "val": "1000.0-10000.0",
                    "count": 18885
                },
                {
                    "val": "10000.0-100000.0",
                    "count": 10812
                },
                {
                    "val": "100000.0-500000.0",
                    "count": 1998
                },
                {
                    "val": "500000.0-*",
                    "count": 378
                }
            ]
        }
    ]
}