{
    "paging": {
        "pageIndex": 87,
        "pageSize": 10,
        "total": 32067
    },
    "organizations": [
        {
            "key": "jakeeyturner-github",
            "name": "Jake"
        },
        {
            "key": "se-jaeger-github",
            "name": "Sebastian J\u00e4ger"
        },
        {
            "key": "lehauchicha-github",
            "name": "LehaUchicha"
        },
        {
            "key": "beauchef-github",
            "name": "Jean-Fran\u00e7ois Beauchef"
        },
        {
            "key": "martinheinz-github",
            "name": "MartinHeinz"
        },
        {
            "key": "guodaxia-code",
            "name": "guodaxia-code"
        },
        {
            "key": "rakes7-github",
            "name": "rakes7"
        },
        {
            "key": "ibm-blockchain",
            "name": "IBM Blockchain"
        },
        {
            "key": "joshuaji-github",
            "name": "Xu Ji (Joshua)"
        },
        {
            "key": "paulorenato",
            "name": "Paulo Renato"
        }
    ],
    "components": [
        {
            "organization": "se-jaeger-github",
            "key": "Blockchain",
            "name": "Blockchain",
            "tags": [],
            "visibility": "public",
            "isNew": false
        },
        {
            "organization": "ibm-blockchain",
            "key": "IBM-Blockchain_blockchain-vscode-extension",
            "name": "blockchain-vscode-extension",
            "tags": [],
            "visibility": "public",
            "isNew": false
        },
        {
            "organization": "jakeeyturner-github",
            "key": "Jakeeyturner_blockchain-vscode-extension",
            "name": "blockchain-vscode-extension",
            "tags": [],
            "visibility": "public",
            "isNew": false
        },
        {
            "organization": "joshuaji-github",
            "key": "blokish23",
            "name": "Blockish",
            "tags": [],
            "visibility": "public",
            "isNew": false
        },
        {
            "organization": "beauchef-github",
            "key": "beauchef_gei-776",
            "name": "blog",
            "tags": [],
            "visibility": "public",
            "isNew": false
        },
        {
            "organization": "rakes7-github",
            "key": "demoJIHP",
            "name": "Blog",
            "tags": [],
            "visibility": "public",
            "isNew": false
        },
        {
            "organization": "guodaxia-code",
            "key": "guodaxia-code_blog",
            "name": "blog",
            "tags": [],
            "visibility": "public",
            "eligibilityStatus": "COMPLETED",
            "eligible": true,
            "isNew": false
        },
        {
            "organization": "martinheinz-github",
            "key": "MartinHeinz_blog-frontend",
            "name": "blog-frontend",
            "tags": [],
            "visibility": "public",
            "isNew": false
        },
        {
            "organization": "lehauchicha-github",
            "key": "LehaUchicha_blog-server",
            "name": "blog-server",
            "tags": [],
            "visibility": "public",
            "isNew": false
        },
        {
            "organization": "paulorenato",
            "key": "blog.test",
            "name": "blog.test",
            "tags": [],
            "visibility": "public",
            "isNew": false
        }
    ],
    "facets": [
        {
            "property": "languages",
            "values": [
                {
                    "val": "xml",
                    "count": 14842
                },
                {
                    "val": "web",
                    "count": 13243
                },
                {
                    "val": "java",
                    "count": 13146
                },
                {
                    "val": "css",
                    "count": 11599
                },
                {
                    "val": "js",
                    "count": 11508
                },
                {
                    "val": "cs",
                    "count": 6126
                },
                {
                    "val": "php",
                    "count": 2740
                },
                {
                    "val": "py",
                    "count": 2703
                },
                {
                    "val": "ts",
                    "count": 2054
                },
                {
                    "val": "c",
                    "count": 1733
                }
            ]
        },
        {
            "property": "ncloc",
            "values": [
                {
                    "val": "*-1000.0",
                    "count": 28145
                },
                {
                    "val": "1000.0-10000.0",
                    "count": 18881
                },
                {
                    "val": "10000.0-100000.0",
                    "count": 10810
                },
                {
                    "val": "100000.0-500000.0",
                    "count": 1998
                },
                {
                    "val": "500000.0-*",
                    "count": 378
                }
            ]
        }
    ]
}