{
    "paging": {
        "pageIndex": 464,
        "pageSize": 10,
        "total": 32064
    },
    "organizations": [
        {
            "key": "jhocelsuescun-github",
            "name": "JhocelSuescun"
        },
        {
            "key": "centreon",
            "name": "Centreon"
        },
        {
            "key": "mechoriet-github",
            "name": "mechoriet"
        },
        {
            "key": "maieutiquer-bitbucket",
            "name": "daniel rodriguez"
        },
        {
            "key": "neuromancer-github",
            "name": "neuromancer"
        },
        {
            "key": "mayankjindal09-bitbucket",
            "name": "Mayank Jindal"
        },
        {
            "key": "tmiroslav97",
            "name": "Miroslav Tomic"
        },
        {
            "key": "encore-advantage-bitbucket",
            "name": "Tarun Mahajan"
        },
        {
            "key": "tarabaralla-github",
            "name": "Cristian Lastrucci"
        },
        {
            "key": "ypilpre-github",
            "name": "Yann Pilpr\u00e9"
        }
    ],
    "components": [
        {
            "organization": "tarabaralla-github",
            "key": "clast:census:develop",
            "name": "census develop",
            "tags": [],
            "visibility": "public",
            "isNew": false
        },
        {
            "organization": "tmiroslav97",
            "key": "tmiroslav97_TheClinicalSystem",
            "name": "centersystem",
            "tags": [],
            "visibility": "public",
            "isNew": false
        },
        {
            "organization": "centreon",
            "key": "CentreonOS",
            "name": "Centreon",
            "tags": [],
            "visibility": "public",
            "isNew": false
        },
        {
            "organization": "ypilpre-github",
            "key": "centreon-open-ticket",
            "name": "Centreon Open Tickets 18.10",
            "tags": [],
            "visibility": "public",
            "isNew": false
        },
        {
            "organization": "neuromancer-github",
            "key": "centrifuge",
            "name": "centrifuge",
            "tags": [],
            "visibility": "public",
            "isNew": false
        },
        {
            "organization": "mechoriet-github",
            "key": "com.dbsoftwares.centrixcore:CentrixCore",
            "name": "CentrixCore",
            "tags": [],
            "visibility": "public",
            "isNew": false
        },
        {
            "organization": "maieutiquer-bitbucket",
            "key": "CEP",
            "name": "CEP",
            "tags": [],
            "visibility": "public",
            "isNew": false
        },
        {
            "organization": "encore-advantage-bitbucket",
            "key": "EA-Services",
            "name": "cep-services",
            "tags": [],
            "visibility": "public",
            "isNew": false
        },
        {
            "organization": "mayankjindal09-bitbucket",
            "key": "ea",
            "name": "cep-services",
            "tags": [],
            "visibility": "public",
            "isNew": false
        },
        {
            "organization": "jhocelsuescun-github",
            "key": "cepas",
            "name": "cepas",
            "tags": [],
            "visibility": "public",
            "isNew": false
        }
    ],
    "facets": [
        {
            "property": "languages",
            "values": [
                {
                    "val": "xml",
                    "count": 14841
                },
                {
                    "val": "web",
                    "count": 13242
                },
                {
                    "val": "java",
                    "count": 13146
                },
                {
                    "val": "css",
                    "count": 11597
                },
                {
                    "val": "js",
                    "count": 11505
                },
                {
                    "val": "cs",
                    "count": 6126
                },
                {
                    "val": "php",
                    "count": 2740
                },
                {
                    "val": "py",
                    "count": 2703
                },
                {
                    "val": "ts",
                    "count": 2053
                },
                {
                    "val": "c",
                    "count": 1733
                }
            ]
        },
        {
            "property": "ncloc",
            "values": [
                {
                    "val": "*-1000.0",
                    "count": 28144
                },
                {
                    "val": "1000.0-10000.0",
                    "count": 18879
                },
                {
                    "val": "10000.0-100000.0",
                    "count": 10810
                },
                {
                    "val": "100000.0-500000.0",
                    "count": 1997
                },
                {
                    "val": "500000.0-*",
                    "count": 378
                }
            ]
        }
    ]
}