{
    "paging": {
        "pageIndex": 520,
        "pageSize": 10,
        "total": 32071
    },
    "organizations": [
        {
            "key": "exa-networks",
            "name": "Exa Networks"
        },
        {
            "key": "dusanbucan",
            "name": "DusanBucan"
        },
        {
            "key": "evotor",
            "name": "Evotor"
        },
        {
            "key": "qarmin-1",
            "name": "Rafa\u0142"
        },
        {
            "key": "dilshanfardil-github",
            "name": "Dilshan Fardil"
        },
        {
            "key": "amond",
            "name": "amond"
        },
        {
            "key": "mchaloupka-github",
            "name": "Milo\u0161 Chaloupka"
        },
        {
            "key": "sbenitomartin-github",
            "name": "Sergio Benito Mart\u00edn"
        },
        {
            "key": "freakinchuck-github",
            "name": "Silvio"
        },
        {
            "key": "nymarya-github",
            "name": "Mayra Azevedo"
        }
    ],
    "components": [
        {
            "organization": "freakinchuck-github",
            "key": "EventMaster_SonarCube",
            "name": "EventMaster_SonarCube",
            "tags": [],
            "visibility": "public",
            "isNew": false
        },
        {
            "organization": "dusanbucan",
            "key": "DusanBucan_Events",
            "name": "events",
            "tags": [],
            "visibility": "public",
            "isNew": false
        },
        {
            "organization": "nymarya-github",
            "key": "events.grupo:events.artifact",
            "name": "events.artifact",
            "tags": [],
            "visibility": "public",
            "isNew": false
        },
        {
            "organization": "amond",
            "key": "esjc",
            "name": "EventStore Java Client",
            "tags": [],
            "visibility": "public",
            "isNew": false
        },
        {
            "organization": "mchaloupka-github",
            "key": "EVI",
            "name": "EVI",
            "tags": [],
            "visibility": "public",
            "isNew": false
        },
        {
            "organization": "qarmin-1",
            "key": "qarmin_evince",
            "name": "evince",
            "tags": [],
            "visibility": "public",
            "isNew": false
        },
        {
            "organization": "evotor",
            "key": "evotor_Evo-UI-Kit",
            "name": "Evo-UI-Kit",
            "tags": [],
            "visibility": "public",
            "isNew": false
        },
        {
            "organization": "exa-networks",
            "key": "Exa-Networks_exabgp",
            "name": "exabgp",
            "tags": [],
            "visibility": "public",
            "isNew": false
        },
        {
            "organization": "sbenitomartin-github",
            "key": "org.examdesigner:exam-designer",
            "name": "exam-designer",
            "tags": [
                "javafx",
                "java",
                "json",
                "gson",
                "nitrite",
                "poi",
                "junit",
                "maven"
            ],
            "visibility": "public",
            "isNew": false
        },
        {
            "organization": "dilshanfardil-github",
            "key": "com.dilshan.oodexam:exam-traning",
            "name": "exam-traning",
            "tags": [],
            "visibility": "public",
            "isNew": false
        }
    ],
    "facets": [
        {
            "property": "languages",
            "values": [
                {
                    "val": "xml",
                    "count": 14844
                },
                {
                    "val": "web",
                    "count": 13244
                },
                {
                    "val": "java",
                    "count": 13148
                },
                {
                    "val": "css",
                    "count": 11599
                },
                {
                    "val": "js",
                    "count": 11509
                },
                {
                    "val": "cs",
                    "count": 6127
                },
                {
                    "val": "php",
                    "count": 2740
                },
                {
                    "val": "py",
                    "count": 2703
                },
                {
                    "val": "ts",
                    "count": 2054
                },
                {
                    "val": "c",
                    "count": 1733
                }
            ]
        },
        {
            "property": "ncloc",
            "values": [
                {
                    "val": "*-1000.0",
                    "count": 28144
                },
                {
                    "val": "1000.0-10000.0",
                    "count": 18883
                },
                {
                    "val": "10000.0-100000.0",
                    "count": 10812
                },
                {
                    "val": "100000.0-500000.0",
                    "count": 1998
                },
                {
                    "val": "500000.0-*",
                    "count": 378
                }
            ]
        }
    ]
}