{
    "paging": {
        "pageIndex": 937,
        "pageSize": 10,
        "total": 32066
    },
    "organizations": [
        {
            "key": "juliotorresmoreno",
            "name": "julio cesar torres moreno"
        },
        {
            "key": "nextrpgdeveloper",
            "name": "NextRPG Developer"
        },
        {
            "key": "edineipiovesan-github",
            "name": "Edinei Piovesan"
        },
        {
            "key": "freightforge",
            "name": "FreightForge"
        },
        {
            "key": "rodlukas",
            "name": "Luk\u00e1\u0161 Rod"
        },
        {
            "key": "anthonydelacruz",
            "name": "Tony Dela Cruz"
        },
        {
            "key": "unleash",
            "name": "Unleash"
        },
        {
            "key": "qinghui653-github",
            "name": "qinghui"
        },
        {
            "key": "sbenziane-github",
            "name": "Sofiane Benziane"
        }
    ],
    "components": [
        {
            "organization": "unleash",
            "key": "Unleash_unleash-client-ruby",
            "name": "unleash-client-ruby",
            "tags": [],
            "visibility": "public",
            "eligibilityStatus": "COMPLETED",
            "eligible": true,
            "isNew": false
        },
        {
            "organization": "juliotorresmoreno",
            "key": "juliotorresmoreno_unravel-client",
            "name": "unravel-client",
            "tags": [],
            "visibility": "public",
            "eligibilityStatus": "COMPLETED",
            "eligible": true,
            "isNew": false
        },
        {
            "organization": "juliotorresmoreno",
            "key": "juliotorresmoreno_unravel-mobile",
            "name": "unravel-mobile",
            "tags": [],
            "visibility": "public",
            "eligibilityStatus": "COMPLETED",
            "eligible": true,
            "isNew": false
        },
        {
            "organization": "sbenziane-github",
            "key": "Sbenziane_Unsecure",
            "name": "Unsecure",
            "tags": [],
            "visibility": "public",
            "isNew": false
        },
        {
            "organization": "anthonydelacruz",
            "key": "AnthonyDelaCruz_unsplash_client",
            "name": "unsplash_client",
            "tags": [],
            "visibility": "public",
            "eligibilityStatus": "COMPLETED",
            "eligible": true,
            "isNew": false
        },
        {
            "organization": "nextrpgdeveloper",
            "key": "nextrpgdeveloper_untitled-rpg-webapp",
            "name": "untitled-rpg-webapp",
            "tags": [],
            "visibility": "public",
            "isNew": false
        },
        {
            "organization": "edineipiovesan-github",
            "key": "edineipiovesan_uol-interview",
            "name": "UOL Interview",
            "tags": [],
            "visibility": "public",
            "isNew": false
        },
        {
            "organization": "rodlukas",
            "key": "rodlukas_UP-admin",
            "name": "UP-admin",
            "tags": [],
            "visibility": "public",
            "eligibilityStatus": "COMPLETED",
            "eligible": true,
            "isNew": false
        },
        {
            "organization": "freightforge",
            "key": "com.freightforge:update-mail-integration",
            "name": "update-mail-integration",
            "tags": [],
            "visibility": "public",
            "isNew": false
        },
        {
            "organization": "qinghui653-github",
            "key": "com.example:upload",
            "name": "upload",
            "tags": [],
            "visibility": "public",
            "isNew": false
        }
    ],
    "facets": [
        {
            "property": "languages",
            "values": [
                {
                    "val": "xml",
                    "count": 14842
                },
                {
                    "val": "web",
                    "count": 13243
                },
                {
                    "val": "java",
                    "count": 13146
                },
                {
                    "val": "css",
                    "count": 11599
                },
                {
                    "val": "js",
                    "count": 11508
                },
                {
                    "val": "cs",
                    "count": 6126
                },
                {
                    "val": "php",
                    "count": 2740
                },
                {
                    "val": "py",
                    "count": 2703
                },
                {
                    "val": "ts",
                    "count": 2054
                },
                {
                    "val": "c",
                    "count": 1733
                }
            ]
        },
        {
            "property": "ncloc",
            "values": [
                {
                    "val": "*-1000.0",
                    "count": 28146
                },
                {
                    "val": "1000.0-10000.0",
                    "count": 18880
                },
                {
                    "val": "10000.0-100000.0",
                    "count": 10810
                },
                {
                    "val": "100000.0-500000.0",
                    "count": 1998
                },
                {
                    "val": "500000.0-*",
                    "count": 378
                }
            ]
        }
    ]
}