{
    "paging": {
        "pageIndex": 271,
        "pageSize": 10,
        "total": 32068
    },
    "organizations": [
        {
            "key": "guilhermepaciulli",
            "name": "Guilherme Paciulli"
        },
        {
            "key": "red-wine",
            "name": "red-wine"
        },
        {
            "key": "bewizyu-formation",
            "name": "bewizyu-formation"
        },
        {
            "key": "bme-mit-iet",
            "name": "bme-mit-iet"
        },
        {
            "key": "artalmqs",
            "name": "ArtalMQS"
        },
        {
            "key": "stefato-github",
            "name": "stefato"
        },
        {
            "key": "benjamineckstein",
            "name": "Benjamin Eckstein"
        },
        {
            "key": "amcghie-github",
            "name": "Andrew McGhie"
        },
        {
            "key": "onap",
            "name": "Open Network Automation Platform (ONAP)"
        }
    ],
    "components": [
        {
            "organization": "benjamineckstein",
            "key": "benjamineckstein_taskana",
            "name": "pro.taskana:taskana-parent",
            "tags": [],
            "visibility": "public",
            "isNew": false
        },
        {
            "organization": "onap",
            "key": "onap_vfc-nfvo-wfengine-wfenginemgrservice",
            "name": "vfc-nfvo-wfengine-wfenginemgrservice",
            "tags": [],
            "visibility": "public",
            "isNew": false
        },
        {
            "organization": "stefato-github",
            "key": "vocabTools",
            "name": "vocabTools",
            "tags": [],
            "visibility": "public",
            "isNew": false
        },
        {
            "organization": "bewizyu-formation",
            "key": "com.bewizyu:project-private-showcase-back-tipunch-d09:develop",
            "name": "[TiPunch] 2019 D09 Private ShowCase Web API develop",
            "tags": [],
            "visibility": "public",
            "isNew": false
        },
        {
            "organization": "artalmqs",
            "key": "fw4wfe42",
            "name": "Bitfinex v2 WSS API",
            "tags": [],
            "visibility": "public",
            "isNew": false
        },
        {
            "organization": "guilhermepaciulli",
            "key": "guilhermePaciulli_c2c-server",
            "name": "c2c-server",
            "tags": [],
            "visibility": "public",
            "eligibilityStatus": "COMPLETED",
            "eligible": true,
            "isNew": false
        },
        {
            "organization": "bme-mit-iet",
            "key": "org.apache.commons:commons-rdf-parent",
            "name": "Commons RDF",
            "tags": [],
            "visibility": "public",
            "isNew": false
        },
        {
            "organization": "onap",
            "key": "onap_dcaegen2-services-bbs-event-processor",
            "name": "dcaegen2-services-bbs-event-processor",
            "tags": [],
            "visibility": "public",
            "isNew": false
        },
        {
            "organization": "amcghie-github",
            "key": "amcghie-queue-triage",
            "name": "queue-triage",
            "tags": [],
            "visibility": "public",
            "isNew": false
        },
        {
            "organization": "red-wine",
            "key": "com.beuwa:redwine",
            "name": "redwine",
            "tags": [],
            "visibility": "public",
            "isNew": false
        }
    ],
    "facets": [
        {
            "property": "languages",
            "values": [
                {
                    "val": "xml",
                    "count": 14842
                },
                {
                    "val": "web",
                    "count": 13244
                },
                {
                    "val": "java",
                    "count": 13146
                },
                {
                    "val": "css",
                    "count": 11600
                },
                {
                    "val": "js",
                    "count": 11509
                },
                {
                    "val": "cs",
                    "count": 6127
                },
                {
                    "val": "php",
                    "count": 2740
                },
                {
                    "val": "py",
                    "count": 2703
                },
                {
                    "val": "ts",
                    "count": 2054
                },
                {
                    "val": "c",
                    "count": 1733
                }
            ]
        },
        {
            "property": "ncloc",
            "values": [
                {
                    "val": "*-1000.0",
                    "count": 28145
                },
                {
                    "val": "1000.0-10000.0",
                    "count": 18881
                },
                {
                    "val": "10000.0-100000.0",
                    "count": 10811
                },
                {
                    "val": "100000.0-500000.0",
                    "count": 1998
                },
                {
                    "val": "500000.0-*",
                    "count": 378
                }
            ]
        }
    ]
}