{
    "paging": {
        "pageIndex": 426,
        "pageSize": 10,
        "total": 32071
    },
    "organizations": [
        {
            "key": "kvjavaxxv",
            "name": "SoftServe ITA Kv-025.Java"
        }
    ],
    "components": [
        {
            "organization": "kvjavaxxv",
            "key": "academy.softserve:AuraCore",
            "name": "Aura Core",
            "tags": [],
            "visibility": "public",
            "isNew": false
        },
        {
            "organization": "kvjavaxxv",
            "key": "academy.softserve:AuraCore:add_metadata",
            "name": "Aura Core add_metadata",
            "tags": [],
            "visibility": "public",
            "isNew": false
        },
        {
            "organization": "kvjavaxxv",
            "key": "academy.softserve:AuraCore:add_new_departments",
            "name": "Aura Core add_new_departments",
            "tags": [],
            "visibility": "public",
            "isNew": false
        },
        {
            "organization": "kvjavaxxv",
            "key": "academy.softserve:AuraCore:addProducer",
            "name": "Aura Core addProducer",
            "tags": [],
            "visibility": "public",
            "isNew": false
        },
        {
            "organization": "kvjavaxxv",
            "key": "academy.softserve:AuraCore:addUserSecurityUpdate",
            "name": "Aura Core addUserSecurityUpdate",
            "tags": [],
            "visibility": "public",
            "isNew": false
        },
        {
            "organization": "kvjavaxxv",
            "key": "academy.softserve:AuraCore:addUserWithUserExceptionsAndHandlers",
            "name": "Aura Core addUserWithUserExceptionsAndHandlers",
            "tags": [],
            "visibility": "public",
            "isNew": false
        },
        {
            "organization": "kvjavaxxv",
            "key": "academy.softserve:AuraCore:Andey-s_techdebt",
            "name": "Aura Core Andey-s_techdebt",
            "tags": [],
            "visibility": "public",
            "isNew": false
        },
        {
            "organization": "kvjavaxxv",
            "key": "academy.softserve:AuraCore:assignPrivateItemToUser",
            "name": "Aura Core assignPrivateItemToUser",
            "tags": [],
            "visibility": "public",
            "isNew": false
        },
        {
            "organization": "kvjavaxxv",
            "key": "academy.softserve:AuraCore:base_security",
            "name": "Aura Core base_security",
            "tags": [],
            "visibility": "public",
            "isNew": false
        },
        {
            "organization": "kvjavaxxv",
            "key": "academy.softserve:AuraCore:changeXmlRootName",
            "name": "Aura Core changeXmlRootName",
            "tags": [],
            "visibility": "public",
            "isNew": false
        }
    ],
    "facets": [
        {
            "property": "languages",
            "values": [
                {
                    "val": "xml",
                    "count": 14844
                },
                {
                    "val": "web",
                    "count": 13244
                },
                {
                    "val": "java",
                    "count": 13148
                },
                {
                    "val": "css",
                    "count": 11599
                },
                {
                    "val": "js",
                    "count": 11509
                },
                {
                    "val": "cs",
                    "count": 6127
                },
                {
                    "val": "php",
                    "count": 2740
                },
                {
                    "val": "py",
                    "count": 2703
                },
                {
                    "val": "ts",
                    "count": 2054
                },
                {
                    "val": "c",
                    "count": 1733
                }
            ]
        },
        {
            "property": "ncloc",
            "values": [
                {
                    "val": "*-1000.0",
                    "count": 28144
                },
                {
                    "val": "1000.0-10000.0",
                    "count": 18883
                },
                {
                    "val": "10000.0-100000.0",
                    "count": 10812
                },
                {
                    "val": "100000.0-500000.0",
                    "count": 1998
                },
                {
                    "val": "500000.0-*",
                    "count": 378
                }
            ]
        }
    ]
}