{
    "paging": {
        "pageIndex": 299,
        "pageSize": 10,
        "total": 32070
    },
    "organizations": [
        {
            "key": "m273d15-github",
            "name": "m273d15"
        },
        {
            "key": "space-wizards",
            "name": "Space Wizards Federation"
        },
        {
            "key": "rbreckenridge",
            "name": "Robb Breckenridge"
        },
        {
            "key": "testanalyser",
            "name": "TestAnalyser"
        },
        {
            "key": "christian-fernandez",
            "name": "Christian Fernandez"
        },
        {
            "key": "sravanibejawada25",
            "name": "sravanibejawada25"
        },
        {
            "key": "migcamargo-github",
            "name": "migcamargo"
        },
        {
            "key": "rasheedha",
            "name": "Rasheedha"
        },
        {
            "key": "nishrith",
            "name": "Nishrith Saini"
        },
        {
            "key": "xwiki",
            "name": "XWiki"
        }
    ],
    "components": [
        {
            "organization": "testanalyser",
            "key": "TestAnalyser_phpbb-core",
            "name": "phpbb-core",
            "tags": [],
            "visibility": "public",
            "eligibilityStatus": "COMPLETED",
            "eligible": true,
            "isNew": false
        },
        {
            "organization": "space-wizards",
            "key": "ss14",
            "name": "ss14",
            "tags": [],
            "visibility": "public",
            "isNew": false
        },
        {
            "organization": "m273d15-github",
            "key": "saros_test_gradle",
            "name": "Saros/Complete",
            "tags": [],
            "visibility": "public",
            "isNew": false
        },
        {
            "organization": "xwiki",
            "key": "org.xwiki.commons:xwiki-commons",
            "name": "XWiki Commons - Parent POM",
            "tags": [],
            "visibility": "public",
            "isNew": false
        },
        {
            "organization": "rbreckenridge",
            "key": "rbreckenridge_bind9",
            "name": "bind9",
            "tags": [],
            "visibility": "public",
            "isNew": false
        },
        {
            "organization": "sravanibejawada25",
            "key": "sravanibejawada25_inception",
            "name": "inception",
            "tags": [],
            "visibility": "public",
            "isNew": false
        },
        {
            "organization": "nishrith",
            "key": "Nishrith_inception",
            "name": "inception",
            "tags": [],
            "visibility": "public",
            "isNew": false
        },
        {
            "organization": "rasheedha",
            "key": "Rasheedha_inception",
            "name": "inception",
            "tags": [],
            "visibility": "public",
            "isNew": false
        },
        {
            "organization": "migcamargo-github",
            "key": "wp-admin",
            "name": "wp-admin",
            "tags": [],
            "visibility": "public",
            "isNew": false
        },
        {
            "organization": "christian-fernandez",
            "key": "Christian-Fern\u00e1ndez_sisventas",
            "name": "sisventas",
            "tags": [],
            "visibility": "public",
            "isNew": false
        }
    ],
    "facets": [
        {
            "property": "languages",
            "values": [
                {
                    "val": "xml",
                    "count": 14843
                },
                {
                    "val": "web",
                    "count": 13244
                },
                {
                    "val": "java",
                    "count": 13147
                },
                {
                    "val": "css",
                    "count": 11599
                },
                {
                    "val": "js",
                    "count": 11509
                },
                {
                    "val": "cs",
                    "count": 6127
                },
                {
                    "val": "php",
                    "count": 2740
                },
                {
                    "val": "py",
                    "count": 2703
                },
                {
                    "val": "ts",
                    "count": 2054
                },
                {
                    "val": "c",
                    "count": 1733
                }
            ]
        },
        {
            "property": "ncloc",
            "values": [
                {
                    "val": "*-1000.0",
                    "count": 28145
                },
                {
                    "val": "1000.0-10000.0",
                    "count": 18882
                },
                {
                    "val": "10000.0-100000.0",
                    "count": 10812
                },
                {
                    "val": "100000.0-500000.0",
                    "count": 1998
                },
                {
                    "val": "500000.0-*",
                    "count": 378
                }
            ]
        }
    ]
}