{
    "paging": {
        "pageIndex": 920,
        "pageSize": 10,
        "total": 32074
    },
    "organizations": [
        {
            "key": "cristinasonarcloudorg",
            "name": "cristinasonarcloudorg"
        },
        {
            "key": "cxzjunk42-sonarcloud",
            "name": "cxzjunk42-sonarcloud"
        },
        {
            "key": "danep17-github",
            "name": "danep17"
        },
        {
            "key": "sonar-test-azure",
            "name": "sonar-test-azure"
        },
        {
            "key": "cursvladzuga",
            "name": "cursvladzuga"
        },
        {
            "key": "cruzajo0564",
            "name": "cruzajo0564"
        },
        {
            "key": "azuredevops1",
            "name": "azuredevops1"
        },
        {
            "key": "cy",
            "name": "cy"
        },
        {
            "key": "mamorifugimori-github",
            "name": "mamorifugimori"
        },
        {
            "key": "testaccu",
            "name": "testaccu"
        }
    ],
    "components": [
        {
            "organization": "azuredevops1",
            "key": "partsunlimited.cm",
            "name": "partsunlimited.cm",
            "tags": [],
            "visibility": "public",
            "isNew": false
        },
        {
            "organization": "sonar-test-azure",
            "key": "partsunlimited.colindeclue",
            "name": "partsunlimited.colindeclue",
            "tags": [],
            "visibility": "public",
            "isNew": false
        },
        {
            "organization": "testaccu",
            "key": "partsunlimited.crazyaboutwriting112",
            "name": "partsunlimited.crazyaboutwriting112",
            "tags": [],
            "visibility": "public",
            "isNew": true
        },
        {
            "organization": "cristinasonarcloudorg",
            "key": "partsunlimited.cristinaaz400",
            "name": "partsunlimited.cristinaaz400",
            "tags": [],
            "visibility": "public",
            "isNew": false
        },
        {
            "organization": "cruzajo0564",
            "key": "partsunlimited.cruzajo",
            "name": "partsunlimited.cruzajo",
            "tags": [],
            "visibility": "public",
            "isNew": false
        },
        {
            "organization": "cursvladzuga",
            "key": "partsunlimited.cursvladzuga",
            "name": "partsunlimited.cursvladzuga",
            "tags": [],
            "visibility": "public",
            "isNew": false
        },
        {
            "organization": "cxzjunk42-sonarcloud",
            "key": "partsunlimited.cxzjunk42",
            "name": "partsunlimited.cxzjunk42",
            "tags": [],
            "visibility": "public",
            "isNew": false
        },
        {
            "organization": "cy",
            "key": "partsunlimited.cy",
            "name": "partsunlimited.cy",
            "tags": [],
            "visibility": "public",
            "isNew": true
        },
        {
            "organization": "danep17-github",
            "key": "partsunlimited.danep17",
            "name": "partsunlimited.danep17",
            "tags": [],
            "visibility": "public",
            "isNew": false
        },
        {
            "organization": "mamorifugimori-github",
            "key": "partsunlimited.Daniel",
            "name": "partsunlimited.Daniel",
            "tags": [],
            "visibility": "public",
            "isNew": false
        }
    ],
    "facets": [
        {
            "property": "languages",
            "values": [
                {
                    "val": "xml",
                    "count": 14846
                },
                {
                    "val": "web",
                    "count": 13245
                },
                {
                    "val": "java",
                    "count": 13149
                },
                {
                    "val": "css",
                    "count": 11600
                },
                {
                    "val": "js",
                    "count": 11511
                },
                {
                    "val": "cs",
                    "count": 6127
                },
                {
                    "val": "php",
                    "count": 2740
                },
                {
                    "val": "py",
                    "count": 2703
                },
                {
                    "val": "ts",
                    "count": 2054
                },
                {
                    "val": "c",
                    "count": 1733
                }
            ]
        },
        {
            "property": "ncloc",
            "values": [
                {
                    "val": "*-1000.0",
                    "count": 28146
                },
                {
                    "val": "1000.0-10000.0",
                    "count": 18886
                },
                {
                    "val": "10000.0-100000.0",
                    "count": 10812
                },
                {
                    "val": "100000.0-500000.0",
                    "count": 1998
                },
                {
                    "val": "500000.0-*",
                    "count": 378
                }
            ]
        }
    ]
}