{
    "paging": {
        "pageIndex": 889,
        "pageSize": 10,
        "total": 32066
    },
    "organizations": [
        {
            "key": "research-virtualfortknox",
            "name": "Virtual Fort Knox Research"
        },
        {
            "key": "java_1804",
            "name": "java"
        },
        {
            "key": "declan-smyth-github",
            "name": "declan-smyth"
        },
        {
            "key": "maulanayusupp",
            "name": "Maulana Yusup Abdullah"
        },
        {
            "key": "arx",
            "name": "AssistRx"
        },
        {
            "key": "jmsgitadmin-github",
            "name": "JMSGitAdmin"
        },
        {
            "key": "su3ro-github",
            "name": "Su3rO"
        },
        {
            "key": "norikade",
            "name": "norikaDE"
        }
    ],
    "components": [
        {
            "organization": "maulanayusupp",
            "key": "maulanayusupp_mrp-running",
            "name": "mrp-running",
            "tags": [],
            "visibility": "public",
            "eligibilityStatus": "COMPLETED",
            "eligible": true,
            "isNew": false
        },
        {
            "organization": "java_1804",
            "key": "mrunit_180410",
            "name": "mrunit",
            "tags": [],
            "visibility": "public",
            "isNew": false
        },
        {
            "organization": "jmsgitadmin-github",
            "key": "ms-authentication",
            "name": "ms-authentication",
            "tags": [],
            "visibility": "public",
            "isNew": true
        },
        {
            "organization": "jmsgitadmin-github",
            "key": "ms-notifications",
            "name": "ms-notifications",
            "tags": [],
            "visibility": "public",
            "isNew": true
        },
        {
            "organization": "research-virtualfortknox",
            "key": "research-virtualfortknox_msb-client-websocket-java",
            "name": "msb-client-websocket-java",
            "tags": [],
            "visibility": "public",
            "eligibilityStatus": "COMPLETED",
            "eligible": false,
            "isNew": false
        },
        {
            "organization": "research-virtualfortknox",
            "key": "research-virtualfortknox_msb-client-websocket-nodejs",
            "name": "msb-client-websocket-nodejs",
            "tags": [],
            "visibility": "public",
            "eligibilityStatus": "COMPLETED",
            "eligible": true,
            "isNew": false
        },
        {
            "organization": "su3ro-github",
            "key": "org.springframework:MsBeagleAdmin",
            "name": "MsBeagleAdmin",
            "tags": [],
            "visibility": "public",
            "isNew": false
        },
        {
            "organization": "norikade",
            "key": "NorikaDE_MsBuild-Parser",
            "name": "MsBuild-Parser",
            "tags": [],
            "visibility": "public",
            "isNew": false
        },
        {
            "organization": "declan-smyth-github",
            "key": "declan-smyth_msc-csdca1",
            "name": "msc-csdca1",
            "tags": [],
            "visibility": "public",
            "isNew": false
        },
        {
            "organization": "arx",
            "key": "msDrugPharm",
            "name": "msDrugPharmacy",
            "tags": [],
            "visibility": "public",
            "isNew": false
        }
    ],
    "facets": [
        {
            "property": "languages",
            "values": [
                {
                    "val": "xml",
                    "count": 14842
                },
                {
                    "val": "web",
                    "count": 13243
                },
                {
                    "val": "java",
                    "count": 13146
                },
                {
                    "val": "css",
                    "count": 11599
                },
                {
                    "val": "js",
                    "count": 11508
                },
                {
                    "val": "cs",
                    "count": 6126
                },
                {
                    "val": "php",
                    "count": 2740
                },
                {
                    "val": "py",
                    "count": 2703
                },
                {
                    "val": "ts",
                    "count": 2054
                },
                {
                    "val": "c",
                    "count": 1733
                }
            ]
        },
        {
            "property": "ncloc",
            "values": [
                {
                    "val": "*-1000.0",
                    "count": 28146
                },
                {
                    "val": "1000.0-10000.0",
                    "count": 18880
                },
                {
                    "val": "10000.0-100000.0",
                    "count": 10810
                },
                {
                    "val": "100000.0-500000.0",
                    "count": 1998
                },
                {
                    "val": "500000.0-*",
                    "count": 378
                }
            ]
        }
    ]
}