{
    "paging": {
        "pageIndex": 831,
        "pageSize": 10,
        "total": 32066
    },
    "organizations": [
        {
            "key": "jorge-bernal-github",
            "name": "jorge-bernal"
        },
        {
            "key": "franciscomartlop",
            "name": "Francisco Jose Martin Lopez"
        },
        {
            "key": "uvms-github",
            "name": "Union Vms"
        },
        {
            "key": "tothalex95-bitbucket",
            "name": "Alex T\u00f3th"
        },
        {
            "key": "boren",
            "name": "Fredrik Bore"
        },
        {
            "key": "streamtv85-github",
            "name": "streamtv85"
        },
        {
            "key": "jeff-tian-github",
            "name": "Jeff"
        },
        {
            "key": "meal-plannr",
            "name": "meal-plannr"
        }
    ],
    "components": [
        {
            "organization": "uvms-github",
            "key": "eu.europa.ec.fisheries.uvms.mdr:mdr:PR",
            "name": "mdr PR",
            "tags": [],
            "visibility": "public",
            "isNew": false
        },
        {
            "organization": "uvms-github",
            "key": "eu.europa.ec.fisheries.uvms.mdrSwe:mdrSwe",
            "name": "mdrSwe",
            "tags": [],
            "visibility": "public",
            "isNew": false
        },
        {
            "organization": "uvms-github",
            "key": "eu.europa.ec.fisheries.uvms.mdrSwe:mdrSwe:PR",
            "name": "mdrSwe PR",
            "tags": [],
            "visibility": "public",
            "isNew": false
        },
        {
            "organization": "franciscomartlop",
            "key": "FranciscoMartLop_MDS2---Instagual",
            "name": "MDS2---Instagual",
            "tags": [],
            "visibility": "public",
            "eligibilityStatus": "COMPLETED",
            "eligible": true,
            "isNew": false
        },
        {
            "organization": "streamtv85-github",
            "key": "streamtv85_mdt-copy",
            "name": "mdt-copy",
            "tags": [],
            "visibility": "public",
            "isNew": false
        },
        {
            "organization": "jeff-tian-github",
            "key": "Jeff-Tian_me",
            "name": "me",
            "tags": [],
            "visibility": "public",
            "isNew": false
        },
        {
            "organization": "jorge-bernal-github",
            "key": "me.jorgebernal:api-demo",
            "name": "me.jorgebernal.api-demo",
            "tags": [],
            "visibility": "public",
            "isNew": false
        },
        {
            "organization": "tothalex95-bitbucket",
            "key": "tothalex95_me.me.io",
            "name": "me.me.io",
            "tags": [],
            "visibility": "public",
            "isNew": false
        },
        {
            "organization": "boren",
            "key": "Boren_meadstats-frontend",
            "name": "meadstats-frontend",
            "tags": [],
            "visibility": "public",
            "eligibilityStatus": "COMPLETED",
            "eligible": true,
            "isNew": false
        },
        {
            "organization": "meal-plannr",
            "key": "aws-api",
            "name": "meal-plannr-aws-api",
            "tags": [],
            "visibility": "public",
            "isNew": false
        }
    ],
    "facets": [
        {
            "property": "languages",
            "values": [
                {
                    "val": "xml",
                    "count": 14842
                },
                {
                    "val": "web",
                    "count": 13243
                },
                {
                    "val": "java",
                    "count": 13146
                },
                {
                    "val": "css",
                    "count": 11599
                },
                {
                    "val": "js",
                    "count": 11508
                },
                {
                    "val": "cs",
                    "count": 6126
                },
                {
                    "val": "php",
                    "count": 2740
                },
                {
                    "val": "py",
                    "count": 2703
                },
                {
                    "val": "ts",
                    "count": 2054
                },
                {
                    "val": "c",
                    "count": 1733
                }
            ]
        },
        {
            "property": "ncloc",
            "values": [
                {
                    "val": "*-1000.0",
                    "count": 28146
                },
                {
                    "val": "1000.0-10000.0",
                    "count": 18880
                },
                {
                    "val": "10000.0-100000.0",
                    "count": 10810
                },
                {
                    "val": "100000.0-500000.0",
                    "count": 1998
                },
                {
                    "val": "500000.0-*",
                    "count": 378
                }
            ]
        }
    ]
}