{
    "paging": {
        "pageIndex": 79,
        "pageSize": 10,
        "total": 32064
    },
    "organizations": [
        {
            "key": "hygieia-oss",
            "name": "Hygieia"
        },
        {
            "key": "vijayvani-github",
            "name": "vijayvani"
        },
        {
            "key": "edudatas",
            "name": "Jeff Surrett"
        },
        {
            "key": "nextstep-org",
            "name": "nextstep-org"
        },
        {
            "key": "nzreporting",
            "name": "nzreporting"
        },
        {
            "key": "amerasha-github",
            "name": "Amer"
        },
        {
            "key": "rosspatil",
            "name": "Roshan Patil"
        },
        {
            "key": "wmftest",
            "name": "Wikimedia Foundation"
        },
        {
            "key": "open-cluster-management",
            "name": "Open Cluster Management"
        },
        {
            "key": "valt25-github",
            "name": "Valt25"
        }
    ],
    "components": [
        {
            "organization": "rosspatil",
            "key": "rosspatil_go-kit-example",
            "name": "go-kit-example",
            "tags": [],
            "visibility": "public",
            "eligibilityStatus": "COMPLETED",
            "eligible": true,
            "isNew": false
        },
        {
            "organization": "hygieia-oss",
            "key": "Hygieia_hygieia-misc-score-collector",
            "name": "hygieia-misc-score-collector",
            "tags": [],
            "visibility": "public",
            "isNew": false
        },
        {
            "organization": "wmftest",
            "key": "mediawiki-extensions-BlueSpiceUEModulePDF",
            "name": "mediawiki-extensions-BlueSpiceUEModulePDF",
            "tags": [],
            "visibility": "public",
            "isNew": false
        },
        {
            "organization": "open-cluster-management",
            "key": "open-cluster-management_multicloud-operators-subscription-release",
            "name": "multicloud-operators-subscription-release",
            "tags": [
                "app-lifecycle"
            ],
            "visibility": "public",
            "eligibilityStatus": "COMPLETED",
            "eligible": false,
            "isNew": false
        },
        {
            "organization": "nzreporting",
            "key": "nz01",
            "name": "nz-report-final",
            "tags": [],
            "visibility": "public",
            "isNew": false
        },
        {
            "organization": "edudatas",
            "key": "jsurrett_roi_challenge",
            "name": "roi_challenge",
            "tags": [],
            "visibility": "public",
            "isNew": false
        },
        {
            "organization": "nextstep-org",
            "key": "sdc_service",
            "name": "SDC Service Python",
            "tags": [],
            "visibility": "public",
            "isNew": false
        },
        {
            "organization": "valt25-github",
            "key": "amobot",
            "name": "amobot",
            "tags": [],
            "visibility": "public",
            "isNew": false
        },
        {
            "organization": "amerasha-github",
            "key": "amerasha_checkout-microservice-java",
            "name": "checkout",
            "tags": [],
            "visibility": "public",
            "isNew": false
        },
        {
            "organization": "vijayvani-github",
            "key": "vijayvani_JII",
            "name": "Java Image Info",
            "tags": [],
            "visibility": "public",
            "isNew": false
        }
    ],
    "facets": [
        {
            "property": "languages",
            "values": [
                {
                    "val": "xml",
                    "count": 14841
                },
                {
                    "val": "web",
                    "count": 13242
                },
                {
                    "val": "java",
                    "count": 13146
                },
                {
                    "val": "css",
                    "count": 11597
                },
                {
                    "val": "js",
                    "count": 11505
                },
                {
                    "val": "cs",
                    "count": 6126
                },
                {
                    "val": "php",
                    "count": 2740
                },
                {
                    "val": "py",
                    "count": 2703
                },
                {
                    "val": "ts",
                    "count": 2053
                },
                {
                    "val": "c",
                    "count": 1733
                }
            ]
        },
        {
            "property": "ncloc",
            "values": [
                {
                    "val": "*-1000.0",
                    "count": 28144
                },
                {
                    "val": "1000.0-10000.0",
                    "count": 18879
                },
                {
                    "val": "10000.0-100000.0",
                    "count": 10810
                },
                {
                    "val": "100000.0-500000.0",
                    "count": 1997
                },
                {
                    "val": "500000.0-*",
                    "count": 378
                }
            ]
        }
    ]
}