{
    "paging": {
        "pageIndex": 677,
        "pageSize": 10,
        "total": 32064
    },
    "organizations": [
        {
            "key": "prob2",
            "name": "prob2"
        },
        {
            "key": "simone",
            "name": "simone"
        },
        {
            "key": "davidbaena-github",
            "name": "bae"
        },
        {
            "key": "hmcts",
            "name": "HMCTS"
        },
        {
            "key": "gerardolisi",
            "name": "GerardoLisi"
        },
        {
            "key": "igorzagorodniy",
            "name": "igorzagorodniy"
        },
        {
            "key": "oberacda-github",
            "name": "David Oberacker"
        }
    ],
    "components": [
        {
            "organization": "gerardolisi",
            "key": "org.prevayler:prevayler",
            "name": "Prevayler",
            "tags": [],
            "visibility": "public",
            "isNew": false
        },
        {
            "organization": "oberacda-github",
            "key": "edu.kit.informatik:PrgExamTask1",
            "name": "PrgExamTask1",
            "tags": [
                "java8",
                "maven"
            ],
            "visibility": "public",
            "isNew": false
        },
        {
            "organization": "davidbaena-github",
            "key": "prigroup",
            "name": "PriGroup",
            "tags": [],
            "visibility": "public",
            "isNew": false
        },
        {
            "organization": "igorzagorodniy",
            "key": "igorzagorodniy_priv",
            "name": "priv",
            "tags": [],
            "visibility": "public",
            "eligibilityStatus": "COMPLETED",
            "eligible": true,
            "isNew": false
        },
        {
            "organization": "simone",
            "key": "prm-api2",
            "name": "prm",
            "tags": [],
            "visibility": "public",
            "isNew": false
        },
        {
            "organization": "prob2",
            "key": "prob2-ui",
            "name": "prob2-ui",
            "tags": [],
            "visibility": "public",
            "isNew": false
        },
        {
            "organization": "hmcts",
            "key": "uk.gov.hmcts.probate:business-service",
            "name": "Probate :: Business Service",
            "tags": [],
            "visibility": "public",
            "isNew": false
        },
        {
            "organization": "hmcts",
            "key": "Caveat",
            "name": "Probate :: caveats-fe",
            "tags": [],
            "visibility": "public",
            "isNew": false
        },
        {
            "organization": "hmcts",
            "key": "Probate",
            "name": "Probate :: frontend",
            "tags": [],
            "visibility": "public",
            "isNew": false
        },
        {
            "organization": "hmcts",
            "key": "Probate-Orchestrator-Service",
            "name": "PROBATE :: Probate-Orchestrator-Service",
            "tags": [],
            "visibility": "public",
            "isNew": false
        }
    ],
    "facets": [
        {
            "property": "languages",
            "values": [
                {
                    "val": "xml",
                    "count": 14841
                },
                {
                    "val": "web",
                    "count": 13242
                },
                {
                    "val": "java",
                    "count": 13146
                },
                {
                    "val": "css",
                    "count": 11597
                },
                {
                    "val": "js",
                    "count": 11505
                },
                {
                    "val": "cs",
                    "count": 6126
                },
                {
                    "val": "php",
                    "count": 2740
                },
                {
                    "val": "py",
                    "count": 2703
                },
                {
                    "val": "ts",
                    "count": 2053
                },
                {
                    "val": "c",
                    "count": 1733
                }
            ]
        },
        {
            "property": "ncloc",
            "values": [
                {
                    "val": "*-1000.0",
                    "count": 28143
                },
                {
                    "val": "1000.0-10000.0",
                    "count": 18879
                },
                {
                    "val": "10000.0-100000.0",
                    "count": 10810
                },
                {
                    "val": "100000.0-500000.0",
                    "count": 1997
                },
                {
                    "val": "500000.0-*",
                    "count": 378
                }
            ]
        }
    ]
}