{
    "paging": {
        "pageIndex": 123,
        "pageSize": 10,
        "total": 32073
    },
    "organizations": [
        {
            "key": "tomas-teston-github",
            "name": "Tom\u00e1s Mu\u00f1oz Test\u00f3n"
        },
        {
            "key": "jaimeperezp",
            "name": "JaimePerezP"
        },
        {
            "key": "erledzus",
            "name": "erledzus"
        },
        {
            "key": "escapism",
            "name": "escapism"
        },
        {
            "key": "6247449",
            "name": "6247449"
        },
        {
            "key": "mikdan-github",
            "name": "mikdan"
        },
        {
            "key": "folio-org",
            "name": "folio-org"
        },
        {
            "key": "jdg006",
            "name": "jdg006"
        },
        {
            "key": "borja94-github",
            "name": "borja94"
        },
        {
            "key": "miw-upm-github",
            "name": "M\u00e1ster en Ingenier\u00eda Web"
        }
    ],
    "components": [
        {
            "organization": "erledzus",
            "key": "erledzus_mslearn-tailspin-spacegame-web",
            "name": "erledzus_mslearn-tailspin-spacegame-web",
            "tags": [],
            "visibility": "public",
            "eligibilityStatus": "COMPLETED",
            "eligible": false,
            "isNew": false
        },
        {
            "organization": "folio-org",
            "key": "org.folio:erm-stripes-components",
            "name": "erm-stripes-components",
            "tags": [
                "erm",
                "dev-k-int"
            ],
            "visibility": "public",
            "isNew": false
        },
        {
            "organization": "jdg006",
            "key": "jdg006_ERS",
            "name": "ERS",
            "tags": [],
            "visibility": "public",
            "isNew": false
        },
        {
            "organization": "6247449",
            "key": "erzo-web-app",
            "name": "erzo-web-app",
            "tags": [],
            "visibility": "public",
            "isNew": false
        },
        {
            "organization": "borja94-github",
            "key": "es.upm.miw:APAW-ECP2-BORJA-GUZMAN",
            "name": "es.upm.miw.APAW-ECP2-BORJA-GUZMAN",
            "tags": [],
            "visibility": "public",
            "isNew": false
        },
        {
            "organization": "mikdan-github",
            "key": "es.upm.miw:APAW-ECP2-DanHuang",
            "name": "es.upm.miw.APAW-ECP2-DanHuang",
            "tags": [],
            "visibility": "public",
            "isNew": false
        },
        {
            "organization": "miw-upm-github",
            "key": "es.upm.miw:apaw-practice",
            "name": "es.upm.miw.apaw-practice",
            "tags": [],
            "visibility": "public",
            "isNew": false
        },
        {
            "organization": "tomas-teston-github",
            "key": "es.upm.miw:MasterMind.tomas",
            "name": "es.upm.miw.MasterMind.tomas",
            "tags": [],
            "visibility": "public",
            "isNew": false
        },
        {
            "organization": "jaimeperezp",
            "key": "JaimePerezP_eSalud",
            "name": "eSalud",
            "tags": [],
            "visibility": "public",
            "isNew": false
        },
        {
            "organization": "escapism",
            "key": "io.escapism:escapism",
            "name": "escapism",
            "tags": [],
            "visibility": "public",
            "isNew": false
        }
    ],
    "facets": [
        {
            "property": "languages",
            "values": [
                {
                    "val": "xml",
                    "count": 14845
                },
                {
                    "val": "web",
                    "count": 13245
                },
                {
                    "val": "java",
                    "count": 13148
                },
                {
                    "val": "css",
                    "count": 11600
                },
                {
                    "val": "js",
                    "count": 11511
                },
                {
                    "val": "cs",
                    "count": 6127
                },
                {
                    "val": "php",
                    "count": 2740
                },
                {
                    "val": "py",
                    "count": 2703
                },
                {
                    "val": "ts",
                    "count": 2054
                },
                {
                    "val": "c",
                    "count": 1733
                }
            ]
        },
        {
            "property": "ncloc",
            "values": [
                {
                    "val": "*-1000.0",
                    "count": 28145
                },
                {
                    "val": "1000.0-10000.0",
                    "count": 18885
                },
                {
                    "val": "10000.0-100000.0",
                    "count": 10812
                },
                {
                    "val": "100000.0-500000.0",
                    "count": 1998
                },
                {
                    "val": "500000.0-*",
                    "count": 378
                }
            ]
        }
    ]
}