{
    "paging": {
        "pageIndex": 189,
        "pageSize": 10,
        "total": 32073
    },
    "organizations": [
        {
            "key": "odpi-poc",
            "name": "odpi-poc"
        },
        {
            "key": "juliencloud",
            "name": "Julien Cloud"
        },
        {
            "key": "odpi",
            "name": "ODPi: the open ecosystem of big data"
        },
        {
            "key": "peihong-fan30168",
            "name": "Peihong Fan"
        },
        {
            "key": "egg82-github",
            "name": "egg82"
        },
        {
            "key": "graux-github",
            "name": "Francisco Grau"
        },
        {
            "key": "bbaruque-github",
            "name": "Bruno Baruque"
        },
        {
            "key": "einundleipzig",
            "name": "einundleipzig"
        },
        {
            "key": "planetf1-github",
            "name": "Nigel Jones"
        }
    ],
    "components": [
        {
            "organization": "odpi-poc",
            "key": "odpi-poc_egeria",
            "name": "egeria",
            "tags": [],
            "visibility": "public",
            "isNew": false
        },
        {
            "organization": "odpi",
            "key": "odpi_egeria",
            "name": "Egeria",
            "tags": [],
            "visibility": "public",
            "isNew": false
        },
        {
            "organization": "odpi-poc",
            "key": "org.odpi.egeria:egeria",
            "name": "Egeria",
            "tags": [],
            "visibility": "public",
            "isNew": false
        },
        {
            "organization": "planetf1-github",
            "key": "planetf1_egeria",
            "name": "Egeria",
            "tags": [
                "egeria",
                "odpi",
                "open-metadata",
                "java",
                "java8"
            ],
            "visibility": "public",
            "isNew": false
        },
        {
            "organization": "egg82-github",
            "key": "ninja.egg82.lib:egg82-lib-parent",
            "name": "egg82-lib",
            "tags": [],
            "visibility": "public",
            "isNew": false
        },
        {
            "organization": "juliencloud",
            "key": "juliencloud_EGNSS4CAP",
            "name": "EGNSS4CAP",
            "tags": [],
            "visibility": "public",
            "eligibilityStatus": "COMPLETED",
            "eligible": true,
            "isNew": false
        },
        {
            "organization": "peihong-fan30168",
            "key": "eifu-p1",
            "name": "eifu",
            "tags": [],
            "visibility": "public",
            "isNew": false
        },
        {
            "organization": "einundleipzig",
            "key": "einundleipzig_einundleipzig",
            "name": "einundleipzig",
            "tags": [],
            "visibility": "public",
            "isNew": false
        },
        {
            "organization": "bbaruque-github",
            "key": "ejemplos:EDAT",
            "name": "Ejemplos EDAT",
            "tags": [],
            "visibility": "public",
            "isNew": false
        },
        {
            "organization": "graux-github",
            "key": "graux_curso-programacion",
            "name": "Ejercicios Curso de Programaci\u00f3n",
            "tags": [],
            "visibility": "public",
            "isNew": false
        }
    ],
    "facets": [
        {
            "property": "languages",
            "values": [
                {
                    "val": "xml",
                    "count": 14845
                },
                {
                    "val": "web",
                    "count": 13245
                },
                {
                    "val": "java",
                    "count": 13148
                },
                {
                    "val": "css",
                    "count": 11600
                },
                {
                    "val": "js",
                    "count": 11511
                },
                {
                    "val": "cs",
                    "count": 6127
                },
                {
                    "val": "php",
                    "count": 2740
                },
                {
                    "val": "py",
                    "count": 2703
                },
                {
                    "val": "ts",
                    "count": 2054
                },
                {
                    "val": "c",
                    "count": 1733
                }
            ]
        },
        {
            "property": "ncloc",
            "values": [
                {
                    "val": "*-1000.0",
                    "count": 28146
                },
                {
                    "val": "1000.0-10000.0",
                    "count": 18885
                },
                {
                    "val": "10000.0-100000.0",
                    "count": 10812
                },
                {
                    "val": "100000.0-500000.0",
                    "count": 1998
                },
                {
                    "val": "500000.0-*",
                    "count": 378
                }
            ]
        }
    ]
}