{
    "paging": {
        "pageIndex": 548,
        "pageSize": 10,
        "total": 32065
    },
    "organizations": [
        {
            "key": "d3nic3",
            "name": "D3nic3"
        },
        {
            "key": "rickverkuijlen-1",
            "name": "RickVerkuijlen"
        },
        {
            "key": "brendonmscott-github",
            "name": "Brendon Scott"
        },
        {
            "key": "urssandy84-github",
            "name": "urssandy84"
        },
        {
            "key": "processpuzzle",
            "name": "ProcessPuzzle"
        },
        {
            "key": "vlromano",
            "name": "VLRomano"
        },
        {
            "key": "voxmarkets",
            "name": "Vox Markets"
        }
    ],
    "components": [
        {
            "organization": "voxmarkets",
            "key": "com.vox:fis-adapter",
            "name": "fis-adapter",
            "tags": [],
            "visibility": "public",
            "isNew": false
        },
        {
            "organization": "d3nic3",
            "key": "D3nic3_Fissa-Front-end",
            "name": "Fissa-Front-end",
            "tags": [],
            "visibility": "public",
            "isNew": false
        },
        {
            "organization": "urssandy84-github",
            "key": "com.gefa.ekf:fit-service-app",
            "name": "Fit Service App",
            "tags": [],
            "visibility": "public",
            "isNew": false
        },
        {
            "organization": "vlromano",
            "key": "VLRomano_FitApp",
            "name": "FitApp",
            "tags": [],
            "visibility": "public",
            "isNew": false
        },
        {
            "organization": "rickverkuijlen-1",
            "key": "RickVerkuijlen_fitbuddy-backend",
            "name": "fitbuddy-rest",
            "tags": [],
            "visibility": "public",
            "eligibilityStatus": "COMPLETED",
            "eligible": false,
            "isNew": false
        },
        {
            "organization": "brendonmscott-github",
            "key": "com.bscott.fitness.tracker:fitness-tracker-parent",
            "name": "Fitness Service",
            "tags": [],
            "visibility": "public",
            "isNew": false
        },
        {
            "organization": "brendonmscott-github",
            "key": "com.bscott.fitness.tracker:fitness-tracker-parent:develop",
            "name": "Fitness Service develop",
            "tags": [],
            "visibility": "public",
            "isNew": false
        },
        {
            "organization": "processpuzzle",
            "key": "com.processpuzzle.fitnesse:fitnesse-launcher-parent",
            "name": "FitNesse Launcher Parent",
            "tags": [],
            "visibility": "public",
            "isNew": false
        },
        {
            "organization": "processpuzzle",
            "key": "com.processpuzzle.fitnesse:fitnesse-connect",
            "name": "FitNesseConnect",
            "tags": [],
            "visibility": "public",
            "isNew": false
        },
        {
            "organization": "processpuzzle",
            "key": "com.processpuzzle.fitnesse:fitnesse-connect:development",
            "name": "FitNesseConnect development",
            "tags": [],
            "visibility": "public",
            "isNew": false
        }
    ],
    "facets": [
        {
            "property": "languages",
            "values": [
                {
                    "val": "xml",
                    "count": 14842
                },
                {
                    "val": "web",
                    "count": 13243
                },
                {
                    "val": "java",
                    "count": 13146
                },
                {
                    "val": "css",
                    "count": 11599
                },
                {
                    "val": "js",
                    "count": 11507
                },
                {
                    "val": "cs",
                    "count": 6126
                },
                {
                    "val": "php",
                    "count": 2740
                },
                {
                    "val": "py",
                    "count": 2703
                },
                {
                    "val": "ts",
                    "count": 2054
                },
                {
                    "val": "c",
                    "count": 1733
                }
            ]
        },
        {
            "property": "ncloc",
            "values": [
                {
                    "val": "*-1000.0",
                    "count": 28145
                },
                {
                    "val": "1000.0-10000.0",
                    "count": 18879
                },
                {
                    "val": "10000.0-100000.0",
                    "count": 10810
                },
                {
                    "val": "100000.0-500000.0",
                    "count": 1998
                },
                {
                    "val": "500000.0-*",
                    "count": 378
                }
            ]
        }
    ]
}