{
    "paging": {
        "pageIndex": 54,
        "pageSize": 10,
        "total": 32063
    },
    "organizations": [
        {
            "key": "bgasparotto-github",
            "name": "Bruno Gasparotto"
        },
        {
            "key": "elominp-github",
            "name": "Guillaume Pirou"
        },
        {
            "key": "hdacostac-github",
            "name": "Harold Da Costa"
        },
        {
            "key": "prannoymulmi-github",
            "name": "Prannoy Mulmi"
        },
        {
            "key": "victordelgado90-github",
            "name": "VictorDelgado90"
        },
        {
            "key": "timocchipinti-github",
            "name": "Tim Occhipinti"
        },
        {
            "key": "manutencao-3-arbitrium",
            "name": "manutencao-3-arbitrium"
        },
        {
            "key": "commonality",
            "name": "commonality"
        }
    ],
    "components": [
        {
            "organization": "manutencao-3-arbitrium",
            "key": "arbitium-web",
            "name": "arbitrium-web",
            "tags": [],
            "visibility": "public",
            "isNew": false
        },
        {
            "organization": "manutencao-3-arbitrium",
            "key": "arbitriumApi",
            "name": "arbitriumApi",
            "tags": [],
            "visibility": "public",
            "isNew": false
        },
        {
            "organization": "victordelgado90-github",
            "key": "AVL00",
            "name": "ArbolAVL",
            "tags": [],
            "visibility": "public",
            "isNew": false
        },
        {
            "organization": "hdacostac-github",
            "key": "swf.assent:swf-rest-services-project",
            "name": "arch-spring",
            "tags": [],
            "visibility": "public",
            "isNew": false
        },
        {
            "organization": "hdacostac-github",
            "key": "swf.assent:swf-myfaces-project",
            "name": "arch-web-jsf",
            "tags": [],
            "visibility": "public",
            "isNew": false
        },
        {
            "organization": "commonality",
            "key": "commonality_archetypes-rules",
            "name": "archetypes-rules",
            "tags": [],
            "visibility": "public",
            "isNew": false
        },
        {
            "organization": "timocchipinti-github",
            "key": "ivh11b3.ArchiForum:ArchiForum:Final-Tim",
            "name": "ArchiForum Final-Tim",
            "tags": [],
            "visibility": "public",
            "isNew": false
        },
        {
            "organization": "prannoymulmi-github",
            "key": "archive",
            "name": "archive",
            "tags": [],
            "visibility": "public",
            "isNew": false
        },
        {
            "organization": "bgasparotto-github",
            "key": "archproject",
            "name": "archproject",
            "tags": [],
            "visibility": "public",
            "isNew": false
        },
        {
            "organization": "elominp-github",
            "key": "tesModulesFramework",
            "name": "ArduinoFramework",
            "tags": [],
            "visibility": "public",
            "isNew": false
        }
    ],
    "facets": [
        {
            "property": "languages",
            "values": [
                {
                    "val": "xml",
                    "count": 14841
                },
                {
                    "val": "web",
                    "count": 13242
                },
                {
                    "val": "java",
                    "count": 13146
                },
                {
                    "val": "css",
                    "count": 11597
                },
                {
                    "val": "js",
                    "count": 11505
                },
                {
                    "val": "cs",
                    "count": 6126
                },
                {
                    "val": "php",
                    "count": 2739
                },
                {
                    "val": "py",
                    "count": 2703
                },
                {
                    "val": "ts",
                    "count": 2053
                },
                {
                    "val": "c",
                    "count": 1733
                }
            ]
        },
        {
            "property": "ncloc",
            "values": [
                {
                    "val": "*-1000.0",
                    "count": 28144
                },
                {
                    "val": "1000.0-10000.0",
                    "count": 18878
                },
                {
                    "val": "10000.0-100000.0",
                    "count": 10810
                },
                {
                    "val": "100000.0-500000.0",
                    "count": 1997
                },
                {
                    "val": "500000.0-*",
                    "count": 378
                }
            ]
        }
    ]
}