{
    "paging": {
        "pageIndex": 197,
        "pageSize": 10,
        "total": 32067
    },
    "organizations": [
        {
            "key": "jukusoft",
            "name": "jukusoft"
        },
        {
            "key": "tst-nfarah-github",
            "name": "Noureddine Farah"
        },
        {
            "key": "jep42-github",
            "name": "JeP42"
        },
        {
            "key": "dfuente2017",
            "name": "dfuente2017"
        },
        {
            "key": "pag_isep-bitbucket",
            "name": "Paulo Sousa"
        },
        {
            "key": "piottt",
            "name": "Paloma Piot"
        },
        {
            "key": "eaprrevamp-bitbucket",
            "name": "eaprrevamp"
        },
        {
            "key": "sergiosv96-github",
            "name": "Sergio S\u00e1nchez Vall\u00e9s"
        },
        {
            "key": "roberto-pena69181",
            "name": "Roberto Pe\u00f1a"
        }
    ],
    "components": [
        {
            "organization": "roberto-pena69181",
            "key": "Sonar.PartsUnlimited",
            "name": "E2E-PartsUnlimited",
            "tags": [],
            "visibility": "public",
            "isNew": false
        },
        {
            "organization": "pag_isep-bitbucket",
            "key": "pag_isep_eapli.framework",
            "name": "eapli.framework",
            "tags": [],
            "visibility": "public",
            "isNew": false
        },
        {
            "organization": "eaprrevamp-bitbucket",
            "key": "com.mandiri:eAPR",
            "name": "eAPR",
            "tags": [],
            "visibility": "public",
            "isNew": false
        },
        {
            "organization": "piottt",
            "key": "piottt_early",
            "name": "early",
            "tags": [],
            "visibility": "public",
            "isNew": false
        },
        {
            "organization": "tst-nfarah-github",
            "key": "tst-nfarah_earthenterprise",
            "name": "earthenterprise",
            "tags": [],
            "visibility": "public",
            "isNew": false
        },
        {
            "organization": "dfuente2017",
            "key": "dfuente2017_EAS",
            "name": "EAS",
            "tags": [],
            "visibility": "public",
            "eligibilityStatus": "COMPLETED",
            "eligible": false,
            "isNew": false
        },
        {
            "organization": "dfuente2017",
            "key": "dfuente2017_eas-post-sonar",
            "name": "eas-post-sonar",
            "tags": [],
            "visibility": "public",
            "eligibilityStatus": "COMPLETED",
            "eligible": false,
            "isNew": false
        },
        {
            "organization": "sergiosv96-github",
            "key": "com.EAS.13:Catan",
            "name": "EAS13-Catan",
            "tags": [],
            "visibility": "public",
            "isNew": false
        },
        {
            "organization": "jukusoft",
            "key": "com.jukusoft:easy-i18n-gettext-parent",
            "name": "Easy i18n gettext library",
            "tags": [],
            "visibility": "public",
            "isNew": false
        },
        {
            "organization": "jep42-github",
            "key": "com.github.jep42:easycsvmap-reactor",
            "name": "easycsvmap-reactor",
            "tags": [],
            "visibility": "public",
            "isNew": false
        }
    ],
    "facets": [
        {
            "property": "languages",
            "values": [
                {
                    "val": "xml",
                    "count": 14842
                },
                {
                    "val": "web",
                    "count": 13243
                },
                {
                    "val": "java",
                    "count": 13146
                },
                {
                    "val": "css",
                    "count": 11599
                },
                {
                    "val": "js",
                    "count": 11508
                },
                {
                    "val": "cs",
                    "count": 6126
                },
                {
                    "val": "php",
                    "count": 2740
                },
                {
                    "val": "py",
                    "count": 2703
                },
                {
                    "val": "ts",
                    "count": 2054
                },
                {
                    "val": "c",
                    "count": 1733
                }
            ]
        },
        {
            "property": "ncloc",
            "values": [
                {
                    "val": "*-1000.0",
                    "count": 28145
                },
                {
                    "val": "1000.0-10000.0",
                    "count": 18881
                },
                {
                    "val": "10000.0-100000.0",
                    "count": 10810
                },
                {
                    "val": "100000.0-500000.0",
                    "count": 1998
                },
                {
                    "val": "500000.0-*",
                    "count": 378
                }
            ]
        }
    ]
}