{
    "paging": {
        "pageIndex": 563,
        "pageSize": 10,
        "total": 32071
    },
    "organizations": [
        {
            "key": "caromin-github",
            "name": "Christian A."
        },
        {
            "key": "testnna",
            "name": "testnna"
        },
        {
            "key": "jacobcov-github",
            "name": "Home"
        },
        {
            "key": "degeneffem-github",
            "name": "Mason Degeneffe"
        },
        {
            "key": "natejson-github",
            "name": "Nate Johnson"
        },
        {
            "key": "ggsimmons1992-github",
            "name": "Gary Simmons"
        },
        {
            "key": "chrisaclen-github",
            "name": "Christopher Clendinen"
        },
        {
            "key": "devops-drengene",
            "name": "DevOps-Drengene"
        },
        {
            "key": "harisekhon",
            "name": "Hari Sekhon"
        },
        {
            "key": "jrector9-github",
            "name": "Jasper Rector"
        }
    ],
    "components": [
        {
            "organization": "devops-drengene",
            "key": "DevOps-Drengene_DevOps-Project",
            "name": "DevOps-Project",
            "tags": [],
            "visibility": "public",
            "eligibilityStatus": "COMPLETED",
            "eligible": true,
            "isNew": false
        },
        {
            "organization": "harisekhon",
            "key": "HariSekhon_DevOps-Python-tools",
            "name": "DevOps-Python-tools",
            "tags": [],
            "visibility": "public",
            "eligibilityStatus": "COMPLETED",
            "eligible": false,
            "isNew": false
        },
        {
            "organization": "testnna",
            "key": "DevOps-TN",
            "name": "DevOps-TN",
            "tags": [],
            "visibility": "public",
            "isNew": false
        },
        {
            "organization": "caromin-github",
            "key": "Caromin_devops-today",
            "name": "devops-today",
            "tags": [],
            "visibility": "public",
            "isNew": false
        },
        {
            "organization": "natejson-github",
            "key": "DevOps-Today-2019-njson",
            "name": "DevOps-Today",
            "tags": [],
            "visibility": "public",
            "isNew": false
        },
        {
            "organization": "ggsimmons1992-github",
            "key": "GGSimmons1992_devops-today",
            "name": "devops-today",
            "tags": [],
            "visibility": "public",
            "isNew": false
        },
        {
            "organization": "chrisaclen-github",
            "key": "chrisaclendinen-devops-today-2019",
            "name": "devops-today",
            "tags": [],
            "visibility": "public",
            "isNew": false
        },
        {
            "organization": "degeneffem-github",
            "key": "devops-today-2019-mason",
            "name": "devops-today",
            "tags": [],
            "visibility": "public",
            "isNew": false
        },
        {
            "organization": "jacobcov-github",
            "key": "devops-today-jacob-2019",
            "name": "devops-today",
            "tags": [],
            "visibility": "public",
            "isNew": false
        },
        {
            "organization": "jrector9-github",
            "key": "devops-today-jasper",
            "name": "devops-today",
            "tags": [],
            "visibility": "public",
            "isNew": false
        }
    ],
    "facets": [
        {
            "property": "languages",
            "values": [
                {
                    "val": "xml",
                    "count": 14844
                },
                {
                    "val": "web",
                    "count": 13244
                },
                {
                    "val": "java",
                    "count": 13148
                },
                {
                    "val": "css",
                    "count": 11599
                },
                {
                    "val": "js",
                    "count": 11509
                },
                {
                    "val": "cs",
                    "count": 6127
                },
                {
                    "val": "php",
                    "count": 2740
                },
                {
                    "val": "py",
                    "count": 2703
                },
                {
                    "val": "ts",
                    "count": 2054
                },
                {
                    "val": "c",
                    "count": 1733
                }
            ]
        },
        {
            "property": "ncloc",
            "values": [
                {
                    "val": "*-1000.0",
                    "count": 28144
                },
                {
                    "val": "1000.0-10000.0",
                    "count": 18883
                },
                {
                    "val": "10000.0-100000.0",
                    "count": 10812
                },
                {
                    "val": "100000.0-500000.0",
                    "count": 1998
                },
                {
                    "val": "500000.0-*",
                    "count": 378
                }
            ]
        }
    ]
}