{
    "paging": {
        "pageIndex": 473,
        "pageSize": 10,
        "total": 32073
    },
    "organizations": [
        {
            "key": "laxio-github",
            "name": "Laxio"
        },
        {
            "key": "alessialoi",
            "name": "alessialoi"
        },
        {
            "key": "vijayvani-github",
            "name": "vijayvani"
        },
        {
            "key": "giantpanda0090-github",
            "name": "GiantPanda0090"
        },
        {
            "key": "fingrepo",
            "name": "fingrepo"
        },
        {
            "key": "qarmin-1",
            "name": "Rafa\u0142"
        },
        {
            "key": "4ntonioparisi",
            "name": "4ntonioparisi"
        },
        {
            "key": "ssocopsacc-github",
            "name": "ssocopsacc"
        },
        {
            "key": "developerl1",
            "name": "developerl1"
        },
        {
            "key": "vijayeluri-github",
            "name": "VijayEluri"
        }
    ],
    "components": [
        {
            "organization": "giantpanda0090-github",
            "key": "Pioritory_Queue_ENGskill",
            "name": "Pioritory_Queue_ENGskill",
            "tags": [],
            "visibility": "public",
            "isNew": false
        },
        {
            "organization": "qarmin-1",
            "key": "qarmin_pipewire",
            "name": "pipewire",
            "tags": [],
            "visibility": "public",
            "isNew": false
        },
        {
            "organization": "4ntonioparisi",
            "key": "4ntonioparisi_pippo",
            "name": "Pippo Parent",
            "tags": [],
            "visibility": "public",
            "eligibilityStatus": "COMPLETED",
            "eligible": false,
            "isNew": false
        },
        {
            "organization": "alessialoi",
            "key": "alessialoi_pippo",
            "name": "Pippo Parent",
            "tags": [],
            "visibility": "public",
            "eligibilityStatus": "COMPLETED",
            "eligible": false,
            "isNew": true
        },
        {
            "organization": "ssocopsacc-github",
            "key": "ssocopsacc_piranha",
            "name": "piranha",
            "tags": [],
            "visibility": "public",
            "isNew": false
        },
        {
            "organization": "vijayeluri-github",
            "key": "VijayEluri_pircbot-ssl",
            "name": "pircbot",
            "tags": [],
            "visibility": "public",
            "isNew": false
        },
        {
            "organization": "developerl1",
            "key": "cz.dynawest.pircbot:PircBot-core",
            "name": "Pircbot core",
            "tags": [],
            "visibility": "public",
            "isNew": false
        },
        {
            "organization": "fingrepo",
            "key": "fingrepo_PIS",
            "name": "PIS",
            "tags": [],
            "visibility": "public",
            "isNew": false
        },
        {
            "organization": "laxio-github",
            "key": "org.laxio.piston:piston-parent",
            "name": "Piston Parent",
            "tags": [],
            "visibility": "public",
            "isNew": false
        },
        {
            "organization": "vijayvani-github",
            "key": "vijayvani_pitaya",
            "name": "Pitaya",
            "tags": [],
            "visibility": "public",
            "isNew": false
        }
    ],
    "facets": [
        {
            "property": "languages",
            "values": [
                {
                    "val": "xml",
                    "count": 14845
                },
                {
                    "val": "web",
                    "count": 13245
                },
                {
                    "val": "java",
                    "count": 13148
                },
                {
                    "val": "css",
                    "count": 11600
                },
                {
                    "val": "js",
                    "count": 11511
                },
                {
                    "val": "cs",
                    "count": 6127
                },
                {
                    "val": "php",
                    "count": 2740
                },
                {
                    "val": "py",
                    "count": 2703
                },
                {
                    "val": "ts",
                    "count": 2054
                },
                {
                    "val": "c",
                    "count": 1733
                }
            ]
        },
        {
            "property": "ncloc",
            "values": [
                {
                    "val": "*-1000.0",
                    "count": 28146
                },
                {
                    "val": "1000.0-10000.0",
                    "count": 18885
                },
                {
                    "val": "10000.0-100000.0",
                    "count": 10812
                },
                {
                    "val": "100000.0-500000.0",
                    "count": 1998
                },
                {
                    "val": "500000.0-*",
                    "count": 378
                }
            ]
        }
    ]
}