{
    "paging": {
        "pageIndex": 298,
        "pageSize": 10,
        "total": 32073
    },
    "organizations": [
        {
            "key": "azuredevopsaporganization",
            "name": "azuredevopsaporganization"
        },
        {
            "key": "gregtrevellick-github",
            "name": "Greg Trevellick"
        },
        {
            "key": "assafushy-github",
            "name": "assafushy"
        },
        {
            "key": "braafhart-matt76134",
            "name": "Braafhart, Matt"
        },
        {
            "key": "geduartev-github",
            "name": "Gabriel Eduardo Duarte Vega"
        },
        {
            "key": "julio-cesar-zepeda-alvarez14203",
            "name": "Julio Cesar Zepeda Alvarez"
        }
    ],
    "components": [
        {
            "organization": "gregtrevellick-github",
            "key": "AzureDevOpsAgileManifestoWidget",
            "name": "AzureDevOpsAgileManifestoWidget",
            "tags": [],
            "visibility": "public",
            "isNew": false
        },
        {
            "organization": "gregtrevellick-github",
            "key": "GregTrevellick_AzureDevOpsAgileManifestoWidget",
            "name": "AzureDevOpsAgileManifestoWidget",
            "tags": [],
            "visibility": "public",
            "isNew": false
        },
        {
            "organization": "azuredevopsaporganization",
            "key": "AzureDevopsAP",
            "name": "AzureDevopsAP",
            "tags": [],
            "visibility": "public",
            "isNew": false
        },
        {
            "organization": "assafushy-github",
            "key": "assafushy_azureDevOpsBi",
            "name": "azureDevOpsBi",
            "tags": [],
            "visibility": "public",
            "isNew": false
        },
        {
            "organization": "gregtrevellick-github",
            "key": "AzureDevOpsBlazorRadiator",
            "name": "AzureDevOpsBlazorRadiator",
            "tags": [],
            "visibility": "public",
            "isNew": false
        },
        {
            "organization": "gregtrevellick-github",
            "key": "GregTrevellick_AzureDevOpsBlazorRadiator",
            "name": "AzureDevOpsBlazorRadiator",
            "tags": [],
            "visibility": "public",
            "isNew": false
        },
        {
            "organization": "braafhart-matt76134",
            "key": "AzureDevOpsCore",
            "name": "AzureDevOpsCore",
            "tags": [],
            "visibility": "public",
            "isNew": false
        },
        {
            "organization": "julio-cesar-zepeda-alvarez14203",
            "key": "unlimiteddemo",
            "name": "azuredevopsdemo",
            "tags": [],
            "visibility": "public",
            "isNew": false
        },
        {
            "organization": "geduartev-github",
            "key": "ea4c1c879dc20d78eed54a93251a6484401e2051",
            "name": "azuredevopsgeduartevoutlook",
            "tags": [],
            "visibility": "public",
            "isNew": false
        },
        {
            "organization": "gregtrevellick-github",
            "key": "AzureDevOpsRotaWidget",
            "name": "AzureDevOpsRotaWidget",
            "tags": [],
            "visibility": "public",
            "isNew": false
        }
    ],
    "facets": [
        {
            "property": "languages",
            "values": [
                {
                    "val": "xml",
                    "count": 14845
                },
                {
                    "val": "web",
                    "count": 13245
                },
                {
                    "val": "java",
                    "count": 13148
                },
                {
                    "val": "css",
                    "count": 11600
                },
                {
                    "val": "js",
                    "count": 11511
                },
                {
                    "val": "cs",
                    "count": 6127
                },
                {
                    "val": "php",
                    "count": 2740
                },
                {
                    "val": "py",
                    "count": 2703
                },
                {
                    "val": "ts",
                    "count": 2054
                },
                {
                    "val": "c",
                    "count": 1733
                }
            ]
        },
        {
            "property": "ncloc",
            "values": [
                {
                    "val": "*-1000.0",
                    "count": 28146
                },
                {
                    "val": "1000.0-10000.0",
                    "count": 18885
                },
                {
                    "val": "10000.0-100000.0",
                    "count": 10812
                },
                {
                    "val": "100000.0-500000.0",
                    "count": 1998
                },
                {
                    "val": "500000.0-*",
                    "count": 378
                }
            ]
        }
    ]
}