{
    "paging": {
        "pageIndex": 252,
        "pageSize": 10,
        "total": 32066
    },
    "organizations": [
        {
            "key": "opendap",
            "name": "OPeNDAP\u2122"
        },
        {
            "key": "eqrx",
            "name": "Alexander Sowitzki"
        },
        {
            "key": "visionitpe",
            "name": "visionitpe"
        },
        {
            "key": "wormiecorp",
            "name": "WORMIE CORP"
        },
        {
            "key": "space-game-web-djh",
            "name": "space-game-web-djh"
        },
        {
            "key": "qarmin-1",
            "name": "Rafa\u0142"
        },
        {
            "key": "grimsi-github",
            "name": "grimsi"
        },
        {
            "key": "bcgov-sonarcloud",
            "name": "Province of British Columbia"
        },
        {
            "key": "ethanbwaite",
            "name": "Ethan Waite"
        }
    ],
    "components": [
        {
            "organization": "visionitpe",
            "key": "vit.bsf.autoservicio",
            "name": "vit.bsf.autoservicio",
            "tags": [],
            "visibility": "public",
            "isNew": false
        },
        {
            "organization": "qarmin-1",
            "key": "qarmin_godot",
            "name": "godot",
            "tags": [],
            "visibility": "public",
            "isNew": false
        },
        {
            "organization": "eqrx",
            "key": "eqrx_mauzr",
            "name": "mauzr",
            "tags": [],
            "visibility": "public",
            "eligibilityStatus": "COMPLETED",
            "eligible": true,
            "isNew": false
        },
        {
            "organization": "opendap",
            "key": "OPENDAP-libdap4",
            "name": "OPeNDAP libdap",
            "tags": [],
            "visibility": "public",
            "isNew": false
        },
        {
            "organization": "bcgov-sonarcloud",
            "key": "bcgov_BCSC-SS",
            "name": "BCSC-SS",
            "tags": [],
            "visibility": "public",
            "isNew": false
        },
        {
            "organization": "space-game-web-djh",
            "key": "djh82uk_mslearn-tailspin-spacegame-web",
            "name": "mslearn-tailspin-spacegame-web",
            "tags": [],
            "visibility": "public",
            "eligibilityStatus": "COMPLETED",
            "eligible": false,
            "isNew": true
        },
        {
            "organization": "visionitpe",
            "key": "bsfappmobile",
            "name": "bsfappmobile",
            "tags": [],
            "visibility": "public",
            "isNew": false
        },
        {
            "organization": "ethanbwaite",
            "key": "ethanbwaite_people-not-statistics",
            "name": "people-not-statistics",
            "tags": [],
            "visibility": "public",
            "eligibilityStatus": "COMPLETED",
            "eligible": true,
            "isNew": true
        },
        {
            "organization": "wormiecorp",
            "key": "WormieCorp_generator-cake-addin",
            "name": "generator-cake-addin",
            "tags": [],
            "visibility": "public",
            "isNew": false
        },
        {
            "organization": "grimsi-github",
            "key": "grimsi_lanpartymanager",
            "name": "backend",
            "tags": [],
            "visibility": "public",
            "eligibilityStatus": "COMPLETED",
            "eligible": false,
            "isNew": false
        }
    ],
    "facets": [
        {
            "property": "languages",
            "values": [
                {
                    "val": "xml",
                    "count": 14842
                },
                {
                    "val": "web",
                    "count": 13243
                },
                {
                    "val": "java",
                    "count": 13146
                },
                {
                    "val": "css",
                    "count": 11599
                },
                {
                    "val": "js",
                    "count": 11508
                },
                {
                    "val": "cs",
                    "count": 6126
                },
                {
                    "val": "php",
                    "count": 2740
                },
                {
                    "val": "py",
                    "count": 2703
                },
                {
                    "val": "ts",
                    "count": 2054
                },
                {
                    "val": "c",
                    "count": 1733
                }
            ]
        },
        {
            "property": "ncloc",
            "values": [
                {
                    "val": "*-1000.0",
                    "count": 28145
                },
                {
                    "val": "1000.0-10000.0",
                    "count": 18880
                },
                {
                    "val": "10000.0-100000.0",
                    "count": 10810
                },
                {
                    "val": "100000.0-500000.0",
                    "count": 1998
                },
                {
                    "val": "500000.0-*",
                    "count": 378
                }
            ]
        }
    ]
}