{
    "paging": {
        "pageIndex": 960,
        "pageSize": 10,
        "total": 32064
    },
    "organizations": [
        {
            "key": "laristra",
            "name": "laristra"
        }
    ],
    "components": [
        {
            "organization": "laristra",
            "key": "flecsi:/debug",
            "name": "flecsi /debug",
            "tags": [],
            "visibility": "public",
            "isNew": false
        },
        {
            "organization": "laristra",
            "key": "flecsi:/dependent_partition",
            "name": "flecsi /dependent_partition",
            "tags": [],
            "visibility": "public",
            "isNew": false
        },
        {
            "organization": "laristra",
            "key": "flecsi:/eol_eof_80_char_tweaks",
            "name": "flecsi /eol_eof_80_char_tweaks",
            "tags": [],
            "visibility": "public",
            "isNew": false
        },
        {
            "organization": "laristra",
            "key": "flecsi:/feature/nray/sm_data",
            "name": "flecsi /feature/nray/sm_data",
            "tags": [],
            "visibility": "public",
            "isNew": false
        },
        {
            "organization": "laristra",
            "key": "flecsi:/feature/ollie/uni_color",
            "name": "flecsi /feature/ollie/uni_color",
            "tags": [],
            "visibility": "public",
            "isNew": false
        },
        {
            "organization": "laristra",
            "key": "flecsi:/fix/legion_warnings",
            "name": "flecsi /fix/legion_warnings",
            "tags": [],
            "visibility": "public",
            "isNew": false
        },
        {
            "organization": "laristra",
            "key": "flecsi:/flecsale",
            "name": "flecsi /flecsale",
            "tags": [],
            "visibility": "public",
            "isNew": false
        },
        {
            "organization": "laristra",
            "key": "flecsi:/flecsit",
            "name": "flecsi /flecsit",
            "tags": [],
            "visibility": "public",
            "isNew": false
        },
        {
            "organization": "laristra",
            "key": "flecsi:/FleCSPH",
            "name": "flecsi /FleCSPH",
            "tags": [],
            "visibility": "public",
            "isNew": false
        },
        {
            "organization": "laristra",
            "key": "flecsi:/for_irina",
            "name": "flecsi /for_irina",
            "tags": [],
            "visibility": "public",
            "isNew": false
        }
    ],
    "facets": [
        {
            "property": "languages",
            "values": [
                {
                    "val": "xml",
                    "count": 14841
                },
                {
                    "val": "web",
                    "count": 13242
                },
                {
                    "val": "java",
                    "count": 13146
                },
                {
                    "val": "css",
                    "count": 11597
                },
                {
                    "val": "js",
                    "count": 11505
                },
                {
                    "val": "cs",
                    "count": 6126
                },
                {
                    "val": "php",
                    "count": 2740
                },
                {
                    "val": "py",
                    "count": 2703
                },
                {
                    "val": "ts",
                    "count": 2053
                },
                {
                    "val": "c",
                    "count": 1733
                }
            ]
        },
        {
            "property": "ncloc",
            "values": [
                {
                    "val": "*-1000.0",
                    "count": 28144
                },
                {
                    "val": "1000.0-10000.0",
                    "count": 18879
                },
                {
                    "val": "10000.0-100000.0",
                    "count": 10810
                },
                {
                    "val": "100000.0-500000.0",
                    "count": 1997
                },
                {
                    "val": "500000.0-*",
                    "count": 378
                }
            ]
        }
    ]
}