{
    "paging": {
        "pageIndex": 227,
        "pageSize": 10,
        "total": 32063
    },
    "organizations": [
        {
            "key": "nielsbasjes-github",
            "name": "Niels Basjes"
        },
        {
            "key": "dss-neworg",
            "name": "dss-neworg"
        },
        {
            "key": "mphasis-org",
            "name": "mphasis-org"
        },
        {
            "key": "manutencao",
            "name": "Nunes"
        },
        {
            "key": "tibor17",
            "name": "Tibor Digana"
        },
        {
            "key": "dscitbox",
            "name": "dscitbox"
        },
        {
            "key": "dss-sonar",
            "name": "dss-sonar"
        },
        {
            "key": "tomdesair-github",
            "name": "Tom Desair (Atmire)"
        }
    ],
    "components": [
        {
            "organization": "tibor17",
            "key": "Tibor17_dropwizard-rest-samples",
            "name": "dropwizard-rest-samples",
            "tags": [],
            "visibility": "public",
            "isNew": false
        },
        {
            "organization": "dscitbox",
            "key": "dscitbox",
            "name": "dscitbox",
            "tags": [],
            "visibility": "public",
            "isNew": false
        },
        {
            "organization": "manutencao",
            "key": "dsgeg",
            "name": "dsgeg",
            "tags": [],
            "visibility": "public",
            "isNew": false
        },
        {
            "organization": "nielsbasjes-github",
            "key": "nielsbasjes_dsmrtools",
            "name": "DSMR :",
            "tags": [],
            "visibility": "public",
            "isNew": false
        },
        {
            "organization": "tomdesair-github",
            "key": "dspace-angular-tomdesair",
            "name": "dspace-angular-tomdesair",
            "tags": [],
            "visibility": "public",
            "isNew": false
        },
        {
            "organization": "dss-sonar",
            "key": "dss-token1",
            "name": "dss-token1",
            "tags": [],
            "visibility": "public",
            "isNew": false
        },
        {
            "organization": "dss-neworg",
            "key": "dssproj1",
            "name": "dssproj1",
            "tags": [],
            "visibility": "public",
            "isNew": false
        },
        {
            "organization": "mphasis-org",
            "key": "dt_frontend",
            "name": "DT Alert Dashboard",
            "tags": [],
            "visibility": "public",
            "isNew": false
        },
        {
            "organization": "mphasis-org",
            "key": "dt_ux",
            "name": "DT Frontend",
            "tags": [],
            "visibility": "public",
            "isNew": false
        },
        {
            "organization": "mphasis-org",
            "key": "dt_showcase",
            "name": "DT Showcase",
            "tags": [],
            "visibility": "public",
            "isNew": false
        }
    ],
    "facets": [
        {
            "property": "languages",
            "values": [
                {
                    "val": "xml",
                    "count": 14840
                },
                {
                    "val": "web",
                    "count": 13241
                },
                {
                    "val": "java",
                    "count": 13146
                },
                {
                    "val": "css",
                    "count": 11596
                },
                {
                    "val": "js",
                    "count": 11504
                },
                {
                    "val": "cs",
                    "count": 6126
                },
                {
                    "val": "php",
                    "count": 2739
                },
                {
                    "val": "py",
                    "count": 2703
                },
                {
                    "val": "ts",
                    "count": 2053
                },
                {
                    "val": "c",
                    "count": 1733
                }
            ]
        },
        {
            "property": "ncloc",
            "values": [
                {
                    "val": "*-1000.0",
                    "count": 28143
                },
                {
                    "val": "1000.0-10000.0",
                    "count": 18879
                },
                {
                    "val": "10000.0-100000.0",
                    "count": 10810
                },
                {
                    "val": "100000.0-500000.0",
                    "count": 1996
                },
                {
                    "val": "500000.0-*",
                    "count": 378
                }
            ]
        }
    ]
}