{
    "paging": {
        "pageIndex": 982,
        "pageSize": 10,
        "total": 32063
    },
    "organizations": [
        {
            "key": "arkkk",
            "name": "arkkk"
        },
        {
            "key": "vijayvani-github",
            "name": "vijayvani"
        },
        {
            "key": "arkcoredevelop",
            "name": "arkcoredevelop"
        },
        {
            "key": "quasarke",
            "name": "Quasarke"
        },
        {
            "key": "arnumb",
            "name": "arnumb"
        },
        {
            "key": "arkd",
            "name": "arkd"
        },
        {
            "key": "arma",
            "name": "arma"
        },
        {
            "key": "sit-kmutt",
            "name": "SIT KMUTT"
        },
        {
            "key": "arkecosystem",
            "name": "arkecosystem"
        }
    ],
    "components": [
        {
            "organization": "arkcoredevelop",
            "key": "arkcoredeveloper",
            "name": "arkcoredeveloper",
            "tags": [],
            "visibility": "public",
            "isNew": false
        },
        {
            "organization": "arkd",
            "key": "arkd",
            "name": "arkd",
            "tags": [],
            "visibility": "public",
            "isNew": false
        },
        {
            "organization": "quasarke",
            "key": "quasarke_arke",
            "name": "arke",
            "tags": [],
            "visibility": "public",
            "isNew": false
        },
        {
            "organization": "arkecosystem",
            "key": "arkecosystem",
            "name": "arkecosystem",
            "tags": [],
            "visibility": "public",
            "isNew": false
        },
        {
            "organization": "arkkk",
            "key": "arkkk",
            "name": "arkkk",
            "tags": [],
            "visibility": "public",
            "isNew": false
        },
        {
            "organization": "arma",
            "key": "armanew",
            "name": "armanew",
            "tags": [],
            "visibility": "public",
            "isNew": false
        },
        {
            "organization": "arma",
            "key": "armanew2",
            "name": "armanew2",
            "tags": [],
            "visibility": "public",
            "isNew": false
        },
        {
            "organization": "arnumb",
            "key": "arnumb",
            "name": "arnumb",
            "tags": [],
            "visibility": "public",
            "isNew": false
        },
        {
            "organization": "sit-kmutt",
            "key": "ArogyaPrototype",
            "name": "ArogyaProject",
            "tags": [],
            "visibility": "public",
            "isNew": false
        },
        {
            "organization": "vijayvani-github",
            "key": "vijayvani_arondor-common-reflection",
            "name": "Arondor Common Reflection",
            "tags": [],
            "visibility": "public",
            "isNew": false
        }
    ],
    "facets": [
        {
            "property": "languages",
            "values": [
                {
                    "val": "xml",
                    "count": 14841
                },
                {
                    "val": "web",
                    "count": 13242
                },
                {
                    "val": "java",
                    "count": 13146
                },
                {
                    "val": "css",
                    "count": 11597
                },
                {
                    "val": "js",
                    "count": 11505
                },
                {
                    "val": "cs",
                    "count": 6126
                },
                {
                    "val": "php",
                    "count": 2739
                },
                {
                    "val": "py",
                    "count": 2703
                },
                {
                    "val": "ts",
                    "count": 2053
                },
                {
                    "val": "c",
                    "count": 1733
                }
            ]
        },
        {
            "property": "ncloc",
            "values": [
                {
                    "val": "*-1000.0",
                    "count": 28144
                },
                {
                    "val": "1000.0-10000.0",
                    "count": 18878
                },
                {
                    "val": "10000.0-100000.0",
                    "count": 10810
                },
                {
                    "val": "100000.0-500000.0",
                    "count": 1997
                },
                {
                    "val": "500000.0-*",
                    "count": 378
                }
            ]
        }
    ]
}