{
    "paging": {
        "pageIndex": 87,
        "pageSize": 10,
        "total": 32063
    },
    "organizations": [
        {
            "key": "davidkassa-github",
            "name": "David Kassa"
        },
        {
            "key": "vilchik-elena-github",
            "name": "Elena Vilchik"
        },
        {
            "key": "xxmikhailx-github",
            "name": "Mikhail Kaziuchyts"
        },
        {
            "key": "cmdavinder-github",
            "name": "cmdavinder"
        },
        {
            "key": "rackhd-smi",
            "name": "rackhd"
        },
        {
            "key": "quinoacomputing",
            "name": "QuinoaComputing"
        },
        {
            "key": "kvjavaxxv",
            "name": "SoftServe ITA Kv-025.Java"
        },
        {
            "key": "eclion-github",
            "name": "Eclion"
        },
        {
            "key": "scottbae37-github",
            "name": "Scottbae37"
        },
        {
            "key": "sangeethadhana-github",
            "name": "SangeethaDhana"
        }
    ],
    "components": [
        {
            "organization": "kvjavaxxv",
            "key": "academy.softserve:AuraCore:patch-1",
            "name": "Aura Core patch-1",
            "tags": [],
            "visibility": "public",
            "isNew": false
        },
        {
            "organization": "quinoacomputing",
            "key": "quinoa:/linksysAlphaConversion",
            "name": "quinoa /linksysAlphaConversion",
            "tags": [],
            "visibility": "public",
            "isNew": false
        },
        {
            "organization": "cmdavinder-github",
            "key": "com.rbc.ace:robotstore",
            "name": "Robotstore",
            "tags": [],
            "visibility": "public",
            "isNew": false
        },
        {
            "organization": "davidkassa-github",
            "key": "bitwarden-core",
            "name": "bitwarden-core",
            "tags": [],
            "visibility": "public",
            "isNew": false
        },
        {
            "organization": "rackhd-smi",
            "key": "com.dell.isg.smi:wsmanlib",
            "name": "rackhd :: smi-lib-wsman",
            "tags": [],
            "visibility": "public",
            "isNew": false
        },
        {
            "organization": "scottbae37-github",
            "key": "GroupId0:TartanParkingSystem",
            "name": "TartanParkingSystem",
            "tags": [],
            "visibility": "public",
            "isNew": false
        },
        {
            "organization": "sangeethadhana-github",
            "key": "smart.world.01",
            "name": "SmartWorld",
            "tags": [],
            "visibility": "public",
            "isNew": false
        },
        {
            "organization": "vilchik-elena-github",
            "key": "Prettier-Demo",
            "name": "Prettier [Demo]",
            "tags": [],
            "visibility": "public",
            "isNew": false
        },
        {
            "organization": "eclion-github",
            "key": "eclion:jfx-dae-importer:dev",
            "name": "JFX DAE Importer dev",
            "tags": [],
            "visibility": "public",
            "isNew": false
        },
        {
            "organization": "xxmikhailx-github",
            "key": "martynyuk:mobile",
            "name": "martynyuk-mobile",
            "tags": [],
            "visibility": "public",
            "isNew": false
        }
    ],
    "facets": [
        {
            "property": "languages",
            "values": [
                {
                    "val": "xml",
                    "count": 14840
                },
                {
                    "val": "web",
                    "count": 13241
                },
                {
                    "val": "java",
                    "count": 13146
                },
                {
                    "val": "css",
                    "count": 11596
                },
                {
                    "val": "js",
                    "count": 11504
                },
                {
                    "val": "cs",
                    "count": 6126
                },
                {
                    "val": "php",
                    "count": 2739
                },
                {
                    "val": "py",
                    "count": 2703
                },
                {
                    "val": "ts",
                    "count": 2053
                },
                {
                    "val": "c",
                    "count": 1733
                }
            ]
        },
        {
            "property": "ncloc",
            "values": [
                {
                    "val": "*-1000.0",
                    "count": 28140
                },
                {
                    "val": "1000.0-10000.0",
                    "count": 18880
                },
                {
                    "val": "10000.0-100000.0",
                    "count": 10809
                },
                {
                    "val": "100000.0-500000.0",
                    "count": 1996
                },
                {
                    "val": "500000.0-*",
                    "count": 378
                }
            ]
        }
    ]
}