{
    "paging": {
        "pageIndex": 734,
        "pageSize": 10,
        "total": 32070
    },
    "organizations": [
        {
            "key": "scantore95",
            "name": "SCantore95"
        },
        {
            "key": "rbroida-devops-1",
            "name": "rbroida-devops-1"
        },
        {
            "key": "az400webapp",
            "name": "Sean G AZ-400 Prep"
        },
        {
            "key": "shivamankit25",
            "name": "shivamankit25"
        },
        {
            "key": "virtusacloud",
            "name": "virtusacloud"
        },
        {
            "key": "jourzero-github",
            "name": "Eric P."
        },
        {
            "key": "venkat30",
            "name": "Venkata Ramana Gollakota"
        },
        {
            "key": "devstackclub",
            "name": "devstackclub"
        },
        {
            "key": "sib-pig",
            "name": "Proteome Informatics Group"
        },
        {
            "key": "pwaspoonapp",
            "name": "pwaspoonapp"
        }
    ],
    "components": [
        {
            "organization": "scantore95",
            "key": "seba",
            "name": "lavagna",
            "tags": [],
            "visibility": "public",
            "isNew": false
        },
        {
            "organization": "pwaspoonapp",
            "key": "TestAzureDevops",
            "name": "TestAzureDevops",
            "tags": [],
            "visibility": "public",
            "isNew": false
        },
        {
            "organization": "jourzero-github",
            "key": "waptrun",
            "name": "waptrun",
            "tags": [],
            "visibility": "public",
            "isNew": false
        },
        {
            "organization": "sib-pig",
            "key": "org.expasy.mzjava:mzjava",
            "name": "MzJava",
            "tags": [],
            "visibility": "public",
            "isNew": false
        },
        {
            "organization": "venkat30",
            "key": "Venkat30_AspNetMvcCore",
            "name": "AspNetMvcCore",
            "tags": [],
            "visibility": "public",
            "isNew": false
        },
        {
            "organization": "devstackclub",
            "key": "helloworldkey",
            "name": "helloworldkey",
            "tags": [],
            "visibility": "public",
            "isNew": false
        },
        {
            "organization": "az400webapp",
            "key": "seangaz400webapp",
            "name": "AZ-400 Web App",
            "tags": [],
            "visibility": "public",
            "isNew": false
        },
        {
            "organization": "shivamankit25",
            "key": "NewProject25",
            "name": "NewProject25",
            "tags": [],
            "visibility": "public",
            "isNew": false
        },
        {
            "organization": "virtusacloud",
            "key": "virtusawebapp",
            "name": "virtusawebapp",
            "tags": [],
            "visibility": "public",
            "isNew": false
        },
        {
            "organization": "rbroida-devops-1",
            "key": "rbroida-devsecops-1",
            "name": "rbroida-devsecops-1",
            "tags": [],
            "visibility": "public",
            "isNew": false
        }
    ],
    "facets": [
        {
            "property": "languages",
            "values": [
                {
                    "val": "xml",
                    "count": 14843
                },
                {
                    "val": "web",
                    "count": 13244
                },
                {
                    "val": "java",
                    "count": 13147
                },
                {
                    "val": "css",
                    "count": 11599
                },
                {
                    "val": "js",
                    "count": 11509
                },
                {
                    "val": "cs",
                    "count": 6127
                },
                {
                    "val": "php",
                    "count": 2740
                },
                {
                    "val": "py",
                    "count": 2703
                },
                {
                    "val": "ts",
                    "count": 2054
                },
                {
                    "val": "c",
                    "count": 1733
                }
            ]
        },
        {
            "property": "ncloc",
            "values": [
                {
                    "val": "*-1000.0",
                    "count": 28145
                },
                {
                    "val": "1000.0-10000.0",
                    "count": 18882
                },
                {
                    "val": "10000.0-100000.0",
                    "count": 10812
                },
                {
                    "val": "100000.0-500000.0",
                    "count": 1998
                },
                {
                    "val": "500000.0-*",
                    "count": 378
                }
            ]
        }
    ]
}