{
    "paging": {
        "pageIndex": 568,
        "pageSize": 10,
        "total": 32063
    },
    "organizations": [
        {
            "key": "brunolucena-github",
            "name": "Bruno A Lucena"
        },
        {
            "key": "4ntonioparisi",
            "name": "4ntonioparisi"
        },
        {
            "key": "bay9512-bitbucket",
            "name": "JJ ZZ"
        },
        {
            "key": "phpephpe",
            "name": "phpephpe"
        },
        {
            "key": "mehrdad94-github",
            "name": "Mohammad Javidi"
        },
        {
            "key": "tlekmetta-github",
            "name": "tlekmetta"
        },
        {
            "key": "vijayeluri-github",
            "name": "VijayEluri"
        },
        {
            "key": "abdoulmo-github",
            "name": "AbdoulMo"
        },
        {
            "key": "rewe-digital-incubator",
            "name": "REWE Digital GmbH - Incubator"
        }
    ],
    "components": [
        {
            "organization": "vijayeluri-github",
            "key": "VijayEluri_AudioBox.fm-JavaLib",
            "name": "components",
            "tags": [],
            "visibility": "public",
            "isNew": false
        },
        {
            "organization": "brunolucena-github",
            "key": "components",
            "name": "components",
            "tags": [],
            "visibility": "public",
            "isNew": false
        },
        {
            "organization": "phpephpe",
            "key": "phpephpe_components",
            "name": "components",
            "tags": [],
            "visibility": "public",
            "eligibilityStatus": "COMPLETED",
            "eligible": true,
            "isNew": false
        },
        {
            "organization": "rewe-digital-incubator",
            "key": "com.rewedigital.composer:composer",
            "name": "composer",
            "tags": [],
            "visibility": "public",
            "isNew": false
        },
        {
            "organization": "tlekmetta-github",
            "key": "sit:ComPract",
            "name": "ComPract",
            "tags": [],
            "visibility": "public",
            "isNew": false
        },
        {
            "organization": "bay9512-bitbucket",
            "key": "Bay9512_compraqr",
            "name": "COMPRAQR",
            "tags": [],
            "visibility": "public",
            "isNew": false
        },
        {
            "organization": "vijayeluri-github",
            "key": "VijayEluri_compress",
            "name": "Compress-LZF",
            "tags": [],
            "visibility": "public",
            "isNew": false
        },
        {
            "organization": "4ntonioparisi",
            "key": "4ntonioparisi_compomics-utilities",
            "name": "computational omics utilities",
            "tags": [],
            "visibility": "public",
            "eligibilityStatus": "COMPLETED",
            "eligible": false,
            "isNew": false
        },
        {
            "organization": "mehrdad94-github",
            "key": "mehrdad94_computational_investment_2",
            "name": "computational_investment_2",
            "tags": [],
            "visibility": "public",
            "isNew": false
        },
        {
            "organization": "abdoulmo-github",
            "key": "AbdoulMo_computer-database",
            "name": "computer-database",
            "tags": [],
            "visibility": "public",
            "isNew": false
        }
    ],
    "facets": [
        {
            "property": "languages",
            "values": [
                {
                    "val": "xml",
                    "count": 14841
                },
                {
                    "val": "web",
                    "count": 13242
                },
                {
                    "val": "java",
                    "count": 13146
                },
                {
                    "val": "css",
                    "count": 11597
                },
                {
                    "val": "js",
                    "count": 11505
                },
                {
                    "val": "cs",
                    "count": 6126
                },
                {
                    "val": "php",
                    "count": 2739
                },
                {
                    "val": "py",
                    "count": 2703
                },
                {
                    "val": "ts",
                    "count": 2053
                },
                {
                    "val": "c",
                    "count": 1733
                }
            ]
        },
        {
            "property": "ncloc",
            "values": [
                {
                    "val": "*-1000.0",
                    "count": 28143
                },
                {
                    "val": "1000.0-10000.0",
                    "count": 18878
                },
                {
                    "val": "10000.0-100000.0",
                    "count": 10810
                },
                {
                    "val": "100000.0-500000.0",
                    "count": 1997
                },
                {
                    "val": "500000.0-*",
                    "count": 378
                }
            ]
        }
    ]
}