{
    "paging": {
        "pageIndex": 781,
        "pageSize": 10,
        "total": 32066
    },
    "organizations": [
        {
            "key": "hlaeoi-github",
            "name": "hlaeoi"
        },
        {
            "key": "metadata",
            "name": "metadata"
        },
        {
            "key": "mivek-github",
            "name": "mivek"
        },
        {
            "key": "egorodet-github",
            "name": "Evgeny Gorodetskiy"
        },
        {
            "key": "hbz",
            "name": "hbz"
        },
        {
            "key": "metafacture",
            "name": "Metafacture"
        },
        {
            "key": "acxiom",
            "name": "Acxiom"
        },
        {
            "key": "metatavu-oy",
            "name": "Metatavu Oy"
        }
    ],
    "components": [
        {
            "organization": "hlaeoi-github",
            "key": "com.suning.metadata.management:metadata-management-service",
            "name": "metadata-management-service",
            "tags": [],
            "visibility": "public",
            "isNew": false
        },
        {
            "organization": "metadata",
            "key": "metadata:metadata",
            "name": "metadata:metadata",
            "tags": [],
            "visibility": "public",
            "isNew": false
        },
        {
            "organization": "hbz",
            "key": "hbz_metafacture-core",
            "name": "metafacture-core",
            "tags": [],
            "visibility": "public",
            "isNew": false
        },
        {
            "organization": "metafacture",
            "key": "org.metafacture:metafacture-core",
            "name": "metafacture-core",
            "tags": [],
            "visibility": "public",
            "isNew": false
        },
        {
            "organization": "metatavu-oy",
            "key": "fi.metatavu.metaform-api:metaform-api",
            "name": "Metaform API",
            "tags": [],
            "visibility": "public",
            "isNew": false
        },
        {
            "organization": "acxiom",
            "key": "Acxiom_spark-pipeline-driver-develop",
            "name": "metalus",
            "tags": [],
            "visibility": "public",
            "isNew": false
        },
        {
            "organization": "acxiom",
            "key": "Acxiom_spark-pipeline-driver-release",
            "name": "metalus",
            "tags": [],
            "visibility": "public",
            "isNew": false
        },
        {
            "organization": "metatavu-oy",
            "key": "Metatavu_metamind-api",
            "name": "Metamind API",
            "tags": [],
            "visibility": "public",
            "isNew": false
        },
        {
            "organization": "mivek-github",
            "key": "io.github.mivek:metarParser",
            "name": "metarParser",
            "tags": [],
            "visibility": "public",
            "isNew": false
        },
        {
            "organization": "egorodet-github",
            "key": "egorodet_MethaneKit",
            "name": "MethaneKit",
            "tags": [],
            "visibility": "public",
            "isNew": false
        }
    ],
    "facets": [
        {
            "property": "languages",
            "values": [
                {
                    "val": "xml",
                    "count": 14842
                },
                {
                    "val": "web",
                    "count": 13243
                },
                {
                    "val": "java",
                    "count": 13146
                },
                {
                    "val": "css",
                    "count": 11599
                },
                {
                    "val": "js",
                    "count": 11508
                },
                {
                    "val": "cs",
                    "count": 6126
                },
                {
                    "val": "php",
                    "count": 2740
                },
                {
                    "val": "py",
                    "count": 2703
                },
                {
                    "val": "ts",
                    "count": 2054
                },
                {
                    "val": "c",
                    "count": 1733
                }
            ]
        },
        {
            "property": "ncloc",
            "values": [
                {
                    "val": "*-1000.0",
                    "count": 28145
                },
                {
                    "val": "1000.0-10000.0",
                    "count": 18880
                },
                {
                    "val": "10000.0-100000.0",
                    "count": 10810
                },
                {
                    "val": "100000.0-500000.0",
                    "count": 1998
                },
                {
                    "val": "500000.0-*",
                    "count": 378
                }
            ]
        }
    ]
}