{
    "paging": {
        "pageIndex": 132,
        "pageSize": 10,
        "total": 32066
    },
    "organizations": [
        {
            "key": "vnakkala",
            "name": "vnakkala"
        },
        {
            "key": "rgamma-sonarcloud",
            "name": "rGamma SonarCloud"
        },
        {
            "key": "mypractiseorganization",
            "name": "mypractiseorganization"
        },
        {
            "key": "azdo",
            "name": "azdo"
        },
        {
            "key": "azuredevops-poc",
            "name": "azuredevops-poc"
        },
        {
            "key": "yogeshyadav81",
            "name": "yogeshyadav81"
        }
    ],
    "components": [
        {
            "organization": "vnakkala",
            "key": "vnakkaka",
            "name": "AzureDev",
            "tags": [],
            "visibility": "public",
            "isNew": true
        },
        {
            "organization": "yogeshyadav81",
            "key": "yogeshyadav81_AzureDevOps",
            "name": "AzureDevOps",
            "tags": [],
            "visibility": "public",
            "isNew": false
        },
        {
            "organization": "mypractiseorganization",
            "key": "azuredevops10amist",
            "name": "azuredevops10amist",
            "tags": [],
            "visibility": "public",
            "isNew": false
        },
        {
            "organization": "rgamma-sonarcloud",
            "key": "AzureDevops_CICD",
            "name": "AzureDevops_CICD",
            "tags": [],
            "visibility": "public",
            "isNew": false
        },
        {
            "organization": "azdo",
            "key": "Tsuyoshi-and-Anthony-are-awesome",
            "name": "AzureDevops_Linked",
            "tags": [],
            "visibility": "public",
            "isNew": false
        },
        {
            "organization": "azuredevops-poc",
            "key": "20200329.2",
            "name": "AzureDevOps_POC-ASP.NET-CI",
            "tags": [],
            "visibility": "public",
            "isNew": false
        },
        {
            "organization": "azuredevops-poc",
            "key": "20200329.3",
            "name": "AzureDevOps_POC-ASP.NET-CI",
            "tags": [],
            "visibility": "public",
            "isNew": false
        },
        {
            "organization": "azuredevops-poc",
            "key": "20200330.1",
            "name": "AzureDevOps_POC-ASP.NET-CI",
            "tags": [],
            "visibility": "public",
            "isNew": false
        },
        {
            "organization": "azuredevops-poc",
            "key": "20200330.2",
            "name": "AzureDevOps_POC-ASP.NET-CI",
            "tags": [],
            "visibility": "public",
            "isNew": false
        },
        {
            "organization": "azuredevops-poc",
            "key": "20200402.1",
            "name": "AzureDevOps_POC-ASP.NET-CI",
            "tags": [],
            "visibility": "public",
            "isNew": false
        }
    ],
    "facets": [
        {
            "property": "languages",
            "values": [
                {
                    "val": "xml",
                    "count": 14842
                },
                {
                    "val": "web",
                    "count": 13243
                },
                {
                    "val": "java",
                    "count": 13146
                },
                {
                    "val": "css",
                    "count": 11599
                },
                {
                    "val": "js",
                    "count": 11508
                },
                {
                    "val": "cs",
                    "count": 6126
                },
                {
                    "val": "php",
                    "count": 2740
                },
                {
                    "val": "py",
                    "count": 2703
                },
                {
                    "val": "ts",
                    "count": 2054
                },
                {
                    "val": "c",
                    "count": 1733
                }
            ]
        },
        {
            "property": "ncloc",
            "values": [
                {
                    "val": "*-1000.0",
                    "count": 28146
                },
                {
                    "val": "1000.0-10000.0",
                    "count": 18880
                },
                {
                    "val": "10000.0-100000.0",
                    "count": 10810
                },
                {
                    "val": "100000.0-500000.0",
                    "count": 1998
                },
                {
                    "val": "500000.0-*",
                    "count": 378
                }
            ]
        }
    ]
}