{
    "paging": {
        "pageIndex": 259,
        "pageSize": 10,
        "total": 32071
    },
    "organizations": [
        {
            "key": "flokuep-github",
            "name": "Florian K\u00fcpper"
        },
        {
            "key": "feelrise-github",
            "name": "Ruslan Filonenko"
        },
        {
            "key": "spring-cloud-gcp",
            "name": "spring-cloud-gcp"
        },
        {
            "key": "aarontraas-github",
            "name": "Aaron Traas"
        },
        {
            "key": "jxx14-github",
            "name": "jxx14"
        },
        {
            "key": "lit",
            "name": "LivingIT"
        },
        {
            "key": "cloudzero",
            "name": "CloudZero"
        },
        {
            "key": "msandiford-github",
            "name": "Martin Sandiford"
        },
        {
            "key": "groovylabs",
            "name": "Groovylabs"
        },
        {
            "key": "danil42russia-github",
            "name": "Danil42Rusiia"
        }
    ],
    "components": [
        {
            "organization": "lit",
            "key": "LRKP:master",
            "name": "LRKP Frontend",
            "tags": [],
            "visibility": "public",
            "isNew": false
        },
        {
            "organization": "cloudzero",
            "key": "cloudzero-cli:FeatureBranches",
            "name": "CloudZero CLI FeatureBranches",
            "tags": [],
            "visibility": "public",
            "isNew": false
        },
        {
            "organization": "msandiford-github",
            "key": "Freemacs",
            "name": "Freemacs",
            "tags": [],
            "visibility": "public",
            "isNew": false
        },
        {
            "organization": "spring-cloud-gcp",
            "key": "SC-GCP",
            "name": "Spring Cloud GCP",
            "tags": [],
            "visibility": "public",
            "isNew": false
        },
        {
            "organization": "flokuep-github",
            "key": "de.wwu.cs.groupcomparison:group-comparison",
            "name": "group-comparison",
            "tags": [],
            "visibility": "public",
            "isNew": false
        },
        {
            "organization": "groovylabs",
            "key": "com.github.groovylabs:lyre:develop",
            "name": "Lyre develop",
            "tags": [],
            "visibility": "public",
            "isNew": false
        },
        {
            "organization": "jxx14-github",
            "key": "jxx14_story-mapping-tool",
            "name": "StoryMappingTool",
            "tags": [],
            "visibility": "public",
            "isNew": false
        },
        {
            "organization": "feelrise-github",
            "key": "feelrise.visualstudio.com.sonarexamples.netfx",
            "name": "book-store-feelrise",
            "tags": [],
            "visibility": "public",
            "isNew": false
        },
        {
            "organization": "danil42russia-github",
            "key": "ru.danil42russia.aaa",
            "name": "GoodLine-App",
            "tags": [],
            "visibility": "public",
            "isNew": false
        },
        {
            "organization": "aarontraas-github",
            "key": "AaronTraas_Clash-Royale-Clan-Tools",
            "name": "Clash Royale Clan Tools",
            "tags": [],
            "visibility": "public",
            "isNew": false
        }
    ],
    "facets": [
        {
            "property": "languages",
            "values": [
                {
                    "val": "xml",
                    "count": 14844
                },
                {
                    "val": "web",
                    "count": 13244
                },
                {
                    "val": "java",
                    "count": 13148
                },
                {
                    "val": "css",
                    "count": 11599
                },
                {
                    "val": "js",
                    "count": 11509
                },
                {
                    "val": "cs",
                    "count": 6127
                },
                {
                    "val": "php",
                    "count": 2740
                },
                {
                    "val": "py",
                    "count": 2703
                },
                {
                    "val": "ts",
                    "count": 2054
                },
                {
                    "val": "c",
                    "count": 1733
                }
            ]
        },
        {
            "property": "ncloc",
            "values": [
                {
                    "val": "*-1000.0",
                    "count": 28144
                },
                {
                    "val": "1000.0-10000.0",
                    "count": 18883
                },
                {
                    "val": "10000.0-100000.0",
                    "count": 10812
                },
                {
                    "val": "100000.0-500000.0",
                    "count": 1998
                },
                {
                    "val": "500000.0-*",
                    "count": 378
                }
            ]
        }
    ]
}