{
    "paging": {
        "pageIndex": 344,
        "pageSize": 10,
        "total": 32064
    },
    "organizations": [
        {
            "key": "avleze-github",
            "name": "Antonio V\u00e9lez"
        },
        {
            "key": "hpc-simtools",
            "name": "HPC-SimTools"
        },
        {
            "key": "syxooper19-github",
            "name": "Bastien ROUSSEL"
        },
        {
            "key": "junghyun87-github",
            "name": "Jung-Hyun Kwon"
        },
        {
            "key": "junghyun-kwon-github",
            "name": "Junghyun Kwon"
        },
        {
            "key": "louiscochinho-github",
            "name": "Louis Dynamite"
        },
        {
            "key": "amrabed-github",
            "name": "Amr Abed"
        },
        {
            "key": "azerrilli971-github",
            "name": "azerrilli971"
        },
        {
            "key": "robtimus-github",
            "name": "Rob Spoor"
        }
    ],
    "components": [
        {
            "organization": "avleze-github",
            "key": "com:ioteg",
            "name": "ioteg",
            "tags": [],
            "visibility": "public",
            "isNew": false
        },
        {
            "organization": "syxooper19-github",
            "key": "syxooper19_IOTerra",
            "name": "IOTerra",
            "tags": [],
            "visibility": "public",
            "isNew": false
        },
        {
            "organization": "louiscochinho-github",
            "key": "iotinabox-frontend-front",
            "name": "iotinabox-frontend-front",
            "tags": [],
            "visibility": "public",
            "isNew": false
        },
        {
            "organization": "junghyun87-github",
            "key": "iotivity_test",
            "name": "iotivity_test",
            "tags": [],
            "visibility": "public",
            "isNew": false
        },
        {
            "organization": "junghyun-kwon-github",
            "key": "iotjs-webeng",
            "name": "iotjs-webeng",
            "tags": [],
            "visibility": "public",
            "isNew": false
        },
        {
            "organization": "junghyun87-github",
            "key": "iotjs-webeng-2",
            "name": "iotjs-webeng",
            "tags": [],
            "visibility": "public",
            "isNew": false
        },
        {
            "organization": "robtimus-github",
            "key": "com.github.robtimus:ip-utils",
            "name": "ip-utils",
            "tags": [],
            "visibility": "public",
            "isNew": false
        },
        {
            "organization": "hpc-simtools",
            "key": "HPC-SimTools_IPS-framework",
            "name": "IPS-framework",
            "tags": [],
            "visibility": "public",
            "isNew": false
        },
        {
            "organization": "amrabed-github",
            "key": "IqamaTimes",
            "name": "IqamaTimes",
            "tags": [],
            "visibility": "public",
            "isNew": false
        },
        {
            "organization": "azerrilli971-github",
            "key": "Actionplan3",
            "name": "IRI",
            "tags": [],
            "visibility": "public",
            "isNew": false
        }
    ],
    "facets": [
        {
            "property": "languages",
            "values": [
                {
                    "val": "xml",
                    "count": 14842
                },
                {
                    "val": "web",
                    "count": 13242
                },
                {
                    "val": "java",
                    "count": 13146
                },
                {
                    "val": "css",
                    "count": 11597
                },
                {
                    "val": "js",
                    "count": 11505
                },
                {
                    "val": "cs",
                    "count": 6126
                },
                {
                    "val": "php",
                    "count": 2740
                },
                {
                    "val": "py",
                    "count": 2703
                },
                {
                    "val": "ts",
                    "count": 2053
                },
                {
                    "val": "c",
                    "count": 1733
                }
            ]
        },
        {
            "property": "ncloc",
            "values": [
                {
                    "val": "*-1000.0",
                    "count": 28144
                },
                {
                    "val": "1000.0-10000.0",
                    "count": 18878
                },
                {
                    "val": "10000.0-100000.0",
                    "count": 10811
                },
                {
                    "val": "100000.0-500000.0",
                    "count": 1997
                },
                {
                    "val": "500000.0-*",
                    "count": 378
                }
            ]
        }
    ]
}