{
    "paging": {
        "pageIndex": 408,
        "pageSize": 10,
        "total": 32063
    },
    "organizations": [
        {
            "key": "kavelaars",
            "name": "kavelaars"
        },
        {
            "key": "josuevr-github",
            "name": "JosueVR"
        },
        {
            "key": "snefs-github",
            "name": "snefs"
        },
        {
            "key": "kevinfortega2901-github",
            "name": "kevinfortega2901"
        },
        {
            "key": "codemouse-github",
            "name": "Brian Sodano"
        },
        {
            "key": "ohdevsecops",
            "name": "ohdevsecops"
        },
        {
            "key": "devsecops-grupobabel",
            "name": "devopsgrupobabel"
        },
        {
            "key": "josue1195-github",
            "name": "Josue1195"
        },
        {
            "key": "nhill",
            "name": "nhill"
        },
        {
            "key": "devsecopsohteam3",
            "name": "DevSecOps OpenHack Team 3 (London - December 2019)"
        }
    ],
    "components": [
        {
            "organization": "snefs-github",
            "key": "706bcd051aabf5f067de9cbaf018b5ccb610cfbb",
            "name": "devsecops",
            "tags": [],
            "visibility": "public",
            "isNew": false
        },
        {
            "organization": "kavelaars",
            "key": "DevSecOps",
            "name": "DevSecOps",
            "tags": [],
            "visibility": "public",
            "isNew": false
        },
        {
            "organization": "josuevr-github",
            "key": "DevSecOps1234",
            "name": "DevSecOps",
            "tags": [],
            "visibility": "public",
            "isNew": false
        },
        {
            "organization": "kevinfortega2901-github",
            "key": "devsecops29",
            "name": "DevSecOps",
            "tags": [],
            "visibility": "public",
            "isNew": false
        },
        {
            "organization": "devsecops-grupobabel",
            "key": "devsecopskey123",
            "name": "DevSecOps",
            "tags": [],
            "visibility": "public",
            "isNew": false
        },
        {
            "organization": "devsecopsohteam3",
            "key": "devsecopsohldntm3-1219",
            "name": "DevSecOps OH Team 3 Project",
            "tags": [],
            "visibility": "public",
            "isNew": false
        },
        {
            "organization": "codemouse-github",
            "key": "com.codemouse-github.devsecops-demo",
            "name": "devsecops-demo",
            "tags": [],
            "visibility": "public",
            "isNew": false
        },
        {
            "organization": "nhill",
            "key": "DevSecOps.key",
            "name": "DevSecOps.proj",
            "tags": [],
            "visibility": "public",
            "isNew": false
        },
        {
            "organization": "josue1195-github",
            "key": "DEVSECOPS123",
            "name": "DEVSECOPS123",
            "tags": [],
            "visibility": "public",
            "isNew": false
        },
        {
            "organization": "ohdevsecops",
            "key": "359836fa-ecf0-4572-8685-f0c9c468abed",
            "name": "devsecopskey",
            "tags": [],
            "visibility": "public",
            "isNew": false
        }
    ],
    "facets": [
        {
            "property": "languages",
            "values": [
                {
                    "val": "xml",
                    "count": 14840
                },
                {
                    "val": "web",
                    "count": 13241
                },
                {
                    "val": "java",
                    "count": 13146
                },
                {
                    "val": "css",
                    "count": 11596
                },
                {
                    "val": "js",
                    "count": 11504
                },
                {
                    "val": "cs",
                    "count": 6126
                },
                {
                    "val": "php",
                    "count": 2739
                },
                {
                    "val": "py",
                    "count": 2703
                },
                {
                    "val": "ts",
                    "count": 2053
                },
                {
                    "val": "c",
                    "count": 1733
                }
            ]
        },
        {
            "property": "ncloc",
            "values": [
                {
                    "val": "*-1000.0",
                    "count": 28143
                },
                {
                    "val": "1000.0-10000.0",
                    "count": 18879
                },
                {
                    "val": "10000.0-100000.0",
                    "count": 10810
                },
                {
                    "val": "100000.0-500000.0",
                    "count": 1996
                },
                {
                    "val": "500000.0-*",
                    "count": 378
                }
            ]
        }
    ]
}