{
    "paging": {
        "pageIndex": 717,
        "pageSize": 10,
        "total": 32063
    },
    "organizations": [
        {
            "key": "kiwikern-github",
            "name": "Kim Kern"
        },
        {
            "key": "steven-r-github",
            "name": "Stephen Reindl"
        },
        {
            "key": "bewizyu-formation",
            "name": "bewizyu-formation"
        },
        {
            "key": "corona-warn-app",
            "name": "Corona-Warn-App"
        },
        {
            "key": "sopra-fs-20-group-15",
            "name": "sopra-fs-20-group-15"
        },
        {
            "key": "folio-org",
            "name": "folio-org"
        },
        {
            "key": "element-iet-2018",
            "name": "Element-iet-2018"
        },
        {
            "key": "mycf-sg",
            "name": "MyCareersFuture"
        },
        {
            "key": "dmcgeough-github",
            "name": "Daniel McGeough Jr."
        }
    ],
    "components": [
        {
            "organization": "dmcgeough-github",
            "key": "BPProject2",
            "name": "BeckonedPath",
            "tags": [],
            "visibility": "public",
            "isNew": false
        },
        {
            "organization": "folio-org",
            "key": "org.olf:mod-erm-usage-harvester",
            "name": "mod-erm-usage-harvester",
            "tags": [
                "erm",
                "dev-leipzig"
            ],
            "visibility": "public",
            "isNew": false
        },
        {
            "organization": "sopra-fs-20-group-15",
            "key": "sopra-fs-20-group-15_server",
            "name": "soprafs20",
            "tags": [],
            "visibility": "public",
            "eligibilityStatus": "COMPLETED",
            "eligible": false,
            "isNew": false
        },
        {
            "organization": "bewizyu-formation",
            "key": "com.bewizyu:project-private-showcase-back-tipunch-d09:develop",
            "name": "[TiPunch] 2019 D09 Private ShowCase Web API develop",
            "tags": [],
            "visibility": "public",
            "isNew": false
        },
        {
            "organization": "steven-r-github",
            "key": "steven-r_Oberon0Compiler",
            "name": "Oberon0Compiler",
            "tags": [],
            "visibility": "public",
            "isNew": false
        },
        {
            "organization": "folio-org",
            "key": "org.folio:mod-source-record-storage",
            "name": "mod-source-record-storage",
            "tags": [
                "dev-folijet",
                "data-import"
            ],
            "visibility": "public",
            "isNew": false
        },
        {
            "organization": "mycf-sg",
            "key": "ui-employer",
            "name": "ui-employer",
            "tags": [],
            "visibility": "public",
            "isNew": false
        },
        {
            "organization": "element-iet-2018",
            "key": "tr.com.srdc:ontmalizer",
            "name": "Ontology Normalizer",
            "tags": [],
            "visibility": "public",
            "isNew": false
        },
        {
            "organization": "corona-warn-app",
            "key": "corona-warn-app_cwa-verification-server",
            "name": "cwa-verification-server",
            "tags": [],
            "visibility": "public",
            "eligibilityStatus": "COMPLETED",
            "eligible": false,
            "isNew": false
        },
        {
            "organization": "kiwikern-github",
            "key": "shassi-nest",
            "name": "Sh",
            "tags": [],
            "visibility": "public",
            "isNew": false
        }
    ],
    "facets": [
        {
            "property": "languages",
            "values": [
                {
                    "val": "xml",
                    "count": 14841
                },
                {
                    "val": "web",
                    "count": 13242
                },
                {
                    "val": "java",
                    "count": 13146
                },
                {
                    "val": "css",
                    "count": 11597
                },
                {
                    "val": "js",
                    "count": 11505
                },
                {
                    "val": "cs",
                    "count": 6126
                },
                {
                    "val": "php",
                    "count": 2739
                },
                {
                    "val": "py",
                    "count": 2703
                },
                {
                    "val": "ts",
                    "count": 2053
                },
                {
                    "val": "c",
                    "count": 1733
                }
            ]
        },
        {
            "property": "ncloc",
            "values": [
                {
                    "val": "*-1000.0",
                    "count": 28144
                },
                {
                    "val": "1000.0-10000.0",
                    "count": 18878
                },
                {
                    "val": "10000.0-100000.0",
                    "count": 10810
                },
                {
                    "val": "100000.0-500000.0",
                    "count": 1997
                },
                {
                    "val": "500000.0-*",
                    "count": 378
                }
            ]
        }
    ]
}