{
    "paging": {
        "pageIndex": 543,
        "pageSize": 10,
        "total": 32063
    },
    "organizations": [
        {
            "key": "devopstrainingmike",
            "name": "devopstrainingmike"
        },
        {
            "key": "devopstesting",
            "name": "devopstesting"
        },
        {
            "key": "devopsorg",
            "name": "devopsorg"
        },
        {
            "key": "temitope777-github",
            "name": "TopeEmmanuel"
        },
        {
            "key": "satyaphanikumarkasavajhala-github",
            "name": "satyaphanikumarkasavajhala"
        },
        {
            "key": "celestinojones",
            "name": "Celestino Jones"
        },
        {
            "key": "devopspoc-pmap",
            "name": "rathukuri"
        },
        {
            "key": "devopstestgj",
            "name": "devopstestgj"
        },
        {
            "key": "devstackclub",
            "name": "devstackclub"
        },
        {
            "key": "kota-chandrasekhara-seit28783",
            "name": "Kota Chandrasekhara (SEIT)"
        }
    ],
    "components": [
        {
            "organization": "devopsorg",
            "key": "devopsorg",
            "name": "devopsorg",
            "tags": [],
            "visibility": "public",
            "isNew": false
        },
        {
            "organization": "devopspoc-pmap",
            "key": "sonar.devopspoc",
            "name": "devopspoc-pmap",
            "tags": [],
            "visibility": "public",
            "isNew": false
        },
        {
            "organization": "devstackclub",
            "key": "DevOpsProject",
            "name": "DevOpsProject",
            "tags": [],
            "visibility": "public",
            "isNew": false
        },
        {
            "organization": "devopstrainingmike",
            "key": "DevopsProject",
            "name": "DevopsProject",
            "tags": [],
            "visibility": "public",
            "isNew": false
        },
        {
            "organization": "kota-chandrasekhara-seit28783",
            "key": "devopsKota",
            "name": "DevOpsProject",
            "tags": [],
            "visibility": "public",
            "isNew": false
        },
        {
            "organization": "satyaphanikumarkasavajhala-github",
            "key": "DevopsProjectKey",
            "name": "DevopsProjectKey",
            "tags": [],
            "visibility": "public",
            "isNew": false
        },
        {
            "organization": "celestinojones",
            "key": "testingdevops",
            "name": "devopstest",
            "tags": [],
            "visibility": "public",
            "isNew": false
        },
        {
            "organization": "temitope777-github",
            "key": "temitope777_devopstest1",
            "name": "devopstest1",
            "tags": [],
            "visibility": "public",
            "isNew": false
        },
        {
            "organization": "devopstestgj",
            "key": "devopstestgj",
            "name": "devopstestgj",
            "tags": [],
            "visibility": "public",
            "isNew": false
        },
        {
            "organization": "devopstesting",
            "key": "devopstesting",
            "name": "devopstesting",
            "tags": [],
            "visibility": "public",
            "isNew": false
        }
    ],
    "facets": [
        {
            "property": "languages",
            "values": [
                {
                    "val": "xml",
                    "count": 14840
                },
                {
                    "val": "web",
                    "count": 13241
                },
                {
                    "val": "java",
                    "count": 13146
                },
                {
                    "val": "css",
                    "count": 11596
                },
                {
                    "val": "js",
                    "count": 11504
                },
                {
                    "val": "cs",
                    "count": 6126
                },
                {
                    "val": "php",
                    "count": 2739
                },
                {
                    "val": "py",
                    "count": 2703
                },
                {
                    "val": "ts",
                    "count": 2053
                },
                {
                    "val": "c",
                    "count": 1733
                }
            ]
        },
        {
            "property": "ncloc",
            "values": [
                {
                    "val": "*-1000.0",
                    "count": 28143
                },
                {
                    "val": "1000.0-10000.0",
                    "count": 18880
                },
                {
                    "val": "10000.0-100000.0",
                    "count": 10809
                },
                {
                    "val": "100000.0-500000.0",
                    "count": 1996
                },
                {
                    "val": "500000.0-*",
                    "count": 378
                }
            ]
        }
    ]
}