{
    "paging": {
        "pageIndex": 481,
        "pageSize": 10,
        "total": 32066
    },
    "organizations": [
        {
            "key": "research-virtualfortknox",
            "name": "Virtual Fort Knox Research"
        },
        {
            "key": "jonas-dreiskamper",
            "name": "Jonas Dreisk\u00e4mper"
        },
        {
            "key": "dfuente2017",
            "name": "dfuente2017"
        },
        {
            "key": "nextstep-org",
            "name": "nextstep-org"
        },
        {
            "key": "ca286309",
            "name": "Andre Blanchette"
        },
        {
            "key": "houssemdellai",
            "name": "houssemdellai"
        },
        {
            "key": "selanac67",
            "name": "Michael"
        },
        {
            "key": "securegovernment",
            "name": "SecureGovernment"
        },
        {
            "key": "matthieubreg",
            "name": "matthieu breger"
        }
    ],
    "components": [
        {
            "organization": "selanac67",
            "key": "selanac67_bibliotheque",
            "name": "bibliotheque",
            "tags": [],
            "visibility": "public",
            "eligibilityStatus": "COMPLETED",
            "eligible": true,
            "isNew": false
        },
        {
            "organization": "houssemdellai",
            "key": "WebAppWithDatabaseDemo",
            "name": "WebAppWithDatabaseDemo",
            "tags": [],
            "visibility": "public",
            "isNew": false
        },
        {
            "organization": "nextstep-org",
            "key": "mstf_ux",
            "name": "MSTF UX",
            "tags": [],
            "visibility": "public",
            "isNew": false
        },
        {
            "organization": "jonas-dreiskamper",
            "key": "Jonas-Dreisk\u00e4mper_piggymetrics",
            "name": "piggymetrics",
            "tags": [],
            "visibility": "public",
            "isNew": false
        },
        {
            "organization": "research-virtualfortknox",
            "key": "research-virtualfortknox_msb-client-websocket-nodejs",
            "name": "msb-client-websocket-nodejs",
            "tags": [],
            "visibility": "public",
            "eligibilityStatus": "COMPLETED",
            "eligible": true,
            "isNew": false
        },
        {
            "organization": "dfuente2017",
            "key": "dfuente2017_eas-pre-sonar",
            "name": "eas-pre-sonar",
            "tags": [],
            "visibility": "public",
            "eligibilityStatus": "COMPLETED",
            "eligible": false,
            "isNew": false
        },
        {
            "organization": "matthieubreg",
            "key": "MatthieuBreg_springpetclinicsample",
            "name": "petclinic",
            "tags": [],
            "visibility": "public",
            "isNew": false
        },
        {
            "organization": "ca286309",
            "key": "ca286309_gitlabwebapp",
            "name": "gitlabwebapp",
            "tags": [],
            "visibility": "public",
            "isNew": false
        },
        {
            "organization": "dfuente2017",
            "key": "dfuente2017_EAS",
            "name": "EAS",
            "tags": [],
            "visibility": "public",
            "eligibilityStatus": "COMPLETED",
            "eligible": false,
            "isNew": false
        },
        {
            "organization": "securegovernment",
            "key": "SecureGovernment_Scanner",
            "name": "Scanner",
            "tags": [],
            "visibility": "public",
            "isNew": false
        }
    ],
    "facets": [
        {
            "property": "languages",
            "values": [
                {
                    "val": "xml",
                    "count": 14842
                },
                {
                    "val": "web",
                    "count": 13243
                },
                {
                    "val": "java",
                    "count": 13146
                },
                {
                    "val": "css",
                    "count": 11599
                },
                {
                    "val": "js",
                    "count": 11508
                },
                {
                    "val": "cs",
                    "count": 6126
                },
                {
                    "val": "php",
                    "count": 2740
                },
                {
                    "val": "py",
                    "count": 2703
                },
                {
                    "val": "ts",
                    "count": 2054
                },
                {
                    "val": "c",
                    "count": 1733
                }
            ]
        },
        {
            "property": "ncloc",
            "values": [
                {
                    "val": "*-1000.0",
                    "count": 28145
                },
                {
                    "val": "1000.0-10000.0",
                    "count": 18880
                },
                {
                    "val": "10000.0-100000.0",
                    "count": 10810
                },
                {
                    "val": "100000.0-500000.0",
                    "count": 1998
                },
                {
                    "val": "500000.0-*",
                    "count": 378
                }
            ]
        }
    ]
}