{
    "paging": {
        "pageIndex": 593,
        "pageSize": 10,
        "total": 32066
    },
    "organizations": [
        {
            "key": "eriqibar1sdrefagdfsgdfgdfsgfdsgdfsgdfsgfdsgserbresgdfsgse",
            "name": "Eriqibar1"
        },
        {
            "key": "kfrye2sonarcloud",
            "name": "kfrye2"
        },
        {
            "key": "zyspec",
            "name": "ZySpec Development"
        },
        {
            "key": "grupo-bancolombia",
            "name": "Bancolombia"
        },
        {
            "key": "leocarreras",
            "name": "L Carreras"
        },
        {
            "key": "software-and-data-science",
            "name": "software-and-data-science"
        },
        {
            "key": "dein",
            "name": "dein"
        },
        {
            "key": "drdduarte1985",
            "name": "drdduarte1985"
        }
    ],
    "components": [
        {
            "organization": "leocarreras",
            "key": "leocarreras_ayudapy",
            "name": "ayudapy",
            "tags": [],
            "visibility": "public",
            "eligibilityStatus": "COMPLETED",
            "eligible": true,
            "isNew": false
        },
        {
            "organization": "dein",
            "key": "dein:toolbox",
            "name": "ToolBox",
            "tags": [],
            "visibility": "public",
            "isNew": false
        },
        {
            "organization": "dein",
            "key": "dein:hardhat",
            "name": "HardHat",
            "tags": [],
            "visibility": "public",
            "isNew": false
        },
        {
            "organization": "software-and-data-science",
            "key": "software-and-data-science_uan-es-sonarcloud-wcardozo98",
            "name": "uan-es-sonarcloud-wcardozo98",
            "tags": [],
            "visibility": "public",
            "eligibilityStatus": "COMPLETED",
            "eligible": true,
            "isNew": false
        },
        {
            "organization": "zyspec",
            "key": "zyspec_xforms",
            "name": "xforms",
            "tags": [],
            "visibility": "public",
            "eligibilityStatus": "COMPLETED",
            "eligible": true,
            "isNew": false
        },
        {
            "organization": "eriqibar1sdrefagdfsgdfgdfsgfdsgdfsgdfsgfdsgserbresgdfsgse",
            "key": "Eriqibar1_MyApp",
            "name": "MyApp",
            "tags": [],
            "visibility": "public",
            "eligibilityStatus": "COMPLETED",
            "eligible": true,
            "isNew": false
        },
        {
            "organization": "zyspec",
            "key": "zyspec_jobs",
            "name": "jobs",
            "tags": [],
            "visibility": "public",
            "eligibilityStatus": "COMPLETED",
            "eligible": true,
            "isNew": false
        },
        {
            "organization": "kfrye2sonarcloud",
            "key": "kfrye2_MagIonicApp",
            "name": "MagIonicApp",
            "tags": [],
            "visibility": "public",
            "eligibilityStatus": "COMPLETED",
            "eligible": true,
            "isNew": false
        },
        {
            "organization": "grupo-bancolombia",
            "key": "bancolombia_scaffold-clean-architecture",
            "name": "scaffold-clean-architecture",
            "tags": [],
            "visibility": "public",
            "isNew": false
        },
        {
            "organization": "drdduarte1985",
            "key": "partsunlimited.drdduarte",
            "name": "partsunlimited.drdduarte",
            "tags": [],
            "visibility": "public",
            "isNew": false
        }
    ],
    "facets": [
        {
            "property": "languages",
            "values": [
                {
                    "val": "xml",
                    "count": 14842
                },
                {
                    "val": "web",
                    "count": 13243
                },
                {
                    "val": "java",
                    "count": 13146
                },
                {
                    "val": "css",
                    "count": 11599
                },
                {
                    "val": "js",
                    "count": 11508
                },
                {
                    "val": "cs",
                    "count": 6126
                },
                {
                    "val": "php",
                    "count": 2740
                },
                {
                    "val": "py",
                    "count": 2703
                },
                {
                    "val": "ts",
                    "count": 2054
                },
                {
                    "val": "c",
                    "count": 1733
                }
            ]
        },
        {
            "property": "ncloc",
            "values": [
                {
                    "val": "*-1000.0",
                    "count": 28145
                },
                {
                    "val": "1000.0-10000.0",
                    "count": 18880
                },
                {
                    "val": "10000.0-100000.0",
                    "count": 10810
                },
                {
                    "val": "100000.0-500000.0",
                    "count": 1998
                },
                {
                    "val": "500000.0-*",
                    "count": 378
                }
            ]
        }
    ]
}