{
    "paging": {
        "pageIndex": 43,
        "pageSize": 10,
        "total": 32070
    },
    "organizations": [
        {
            "key": "tmp",
            "name": "tmp"
        },
        {
            "key": "java_1804",
            "name": "java"
        },
        {
            "key": "premex",
            "name": "premex"
        },
        {
            "key": "kumbiaphp",
            "name": "KumbiaPHP Framework"
        },
        {
            "key": "uvms-github",
            "name": "Union Vms"
        },
        {
            "key": "red-folder",
            "name": "Mark Taylor"
        },
        {
            "key": "nulboroth",
            "name": "Nulboroh"
        }
    ],
    "components": [
        {
            "organization": "java_1804",
            "key": "activemq-apollo_180410",
            "name": "activemq-apollo",
            "tags": [],
            "visibility": "public",
            "isNew": false
        },
        {
            "organization": "java_1804",
            "key": "activemq-artemis_180410",
            "name": "activemq-artemis",
            "tags": [],
            "visibility": "public",
            "isNew": false
        },
        {
            "organization": "java_1804",
            "key": "activemq-protobuf_180410",
            "name": "activemq-protobuf",
            "tags": [],
            "visibility": "public",
            "isNew": false
        },
        {
            "organization": "tmp",
            "key": "activemq-protobuf_180401",
            "name": "activemq-protobuf_180401",
            "tags": [],
            "visibility": "public",
            "isNew": false
        },
        {
            "organization": "kumbiaphp",
            "key": "KumbiaPHP_ActiveRecord",
            "name": "ActiveRecord",
            "tags": [],
            "visibility": "public",
            "isNew": false
        },
        {
            "organization": "nulboroth",
            "key": "org.activiti:activiti-nulboroth",
            "name": "Activiti-Nulboroth",
            "tags": [],
            "visibility": "public",
            "isNew": false
        },
        {
            "organization": "uvms-github",
            "key": "eu.europa.ec.fisheries.uvms.activity:activity",
            "name": "activity",
            "tags": [],
            "visibility": "public",
            "isNew": false
        },
        {
            "organization": "premex",
            "key": "sonarcloud.premex.microservices.activity",
            "name": "Activity Microservice",
            "tags": [],
            "visibility": "public",
            "isNew": false
        },
        {
            "organization": "uvms-github",
            "key": "eu.europa.ec.fisheries.uvms.activity:activity:PR",
            "name": "activity PR",
            "tags": [],
            "visibility": "public",
            "isNew": false
        },
        {
            "organization": "red-folder",
            "key": "activity-tracker-azure-function",
            "name": "activity-tracker-azure-function",
            "tags": [],
            "visibility": "public",
            "isNew": false
        }
    ],
    "facets": [
        {
            "property": "languages",
            "values": [
                {
                    "val": "xml",
                    "count": 14843
                },
                {
                    "val": "web",
                    "count": 13244
                },
                {
                    "val": "java",
                    "count": 13147
                },
                {
                    "val": "css",
                    "count": 11599
                },
                {
                    "val": "js",
                    "count": 11509
                },
                {
                    "val": "cs",
                    "count": 6127
                },
                {
                    "val": "php",
                    "count": 2740
                },
                {
                    "val": "py",
                    "count": 2703
                },
                {
                    "val": "ts",
                    "count": 2054
                },
                {
                    "val": "c",
                    "count": 1733
                }
            ]
        },
        {
            "property": "ncloc",
            "values": [
                {
                    "val": "*-1000.0",
                    "count": 28145
                },
                {
                    "val": "1000.0-10000.0",
                    "count": 18882
                },
                {
                    "val": "10000.0-100000.0",
                    "count": 10812
                },
                {
                    "val": "100000.0-500000.0",
                    "count": 1998
                },
                {
                    "val": "500000.0-*",
                    "count": 378
                }
            ]
        }
    ]
}