{
    "paging": {
        "pageIndex": 340,
        "pageSize": 10,
        "total": 32066
    },
    "organizations": [
        {
            "key": "donpetry",
            "name": "donpetry"
        },
        {
            "key": "bacta",
            "name": "bacta"
        },
        {
            "key": "scipion-em",
            "name": "scipion-em"
        },
        {
            "key": "luiselo",
            "name": "Luiselo"
        },
        {
            "key": "folio-org",
            "name": "folio-org"
        },
        {
            "key": "stefanpetter",
            "name": "Stefan Petter"
        },
        {
            "key": "space-game-web-99",
            "name": "C1"
        },
        {
            "key": "vuthidiu",
            "name": "VuThiDiu"
        }
    ],
    "components": [
        {
            "organization": "scipion-em",
            "key": "scipion-em_scipion-em-cistem",
            "name": "scipion-em-cistem",
            "tags": [],
            "visibility": "public",
            "isNew": false
        },
        {
            "organization": "scipion-em",
            "key": "scipion-em_scipion-em-spider",
            "name": "scipion-em-spider",
            "tags": [],
            "visibility": "public",
            "isNew": false
        },
        {
            "organization": "stefanpetter",
            "key": "stefanpetter_mslearn-tailspin-spacegame-web",
            "name": "mslearn-tailspin-spacegame-web",
            "tags": [],
            "visibility": "public",
            "eligibilityStatus": "COMPLETED",
            "eligible": false,
            "isNew": false
        },
        {
            "organization": "luiselo",
            "key": "Luiselo_Luis-Elosegui",
            "name": "Luis-Elosegui",
            "tags": [],
            "visibility": "public",
            "eligibilityStatus": "COMPLETED",
            "eligible": false,
            "isNew": false
        },
        {
            "organization": "vuthidiu",
            "key": "VuThiDiu_Test",
            "name": "Test",
            "tags": [],
            "visibility": "public",
            "eligibilityStatus": "COMPLETED",
            "eligible": true,
            "isNew": false
        },
        {
            "organization": "donpetry",
            "key": "donpetry:mslearn-tailspin-spacegame-web",
            "name": "donpetry:mslearn-tailspin-spacegame-web",
            "tags": [],
            "visibility": "public",
            "isNew": false
        },
        {
            "organization": "space-game-web-99",
            "key": "claenjoy_mslearn-tailspin-spacegame-web",
            "name": "mslearn-tailspin-spacegame-web",
            "tags": [],
            "visibility": "public",
            "eligibilityStatus": "COMPLETED",
            "eligible": false,
            "isNew": false
        },
        {
            "organization": "folio-org",
            "key": "org.folio:mod-finc-config",
            "name": "mod-finc-config",
            "tags": [
                "erm",
                "dev-leipzig"
            ],
            "visibility": "public",
            "isNew": false
        },
        {
            "organization": "vuthidiu",
            "key": "VuThiDiu_DragonLearn",
            "name": "DragonLearn",
            "tags": [],
            "visibility": "public",
            "eligibilityStatus": "COMPLETED",
            "eligible": true,
            "isNew": false
        },
        {
            "organization": "bacta",
            "key": "io.bacta:swg-server",
            "name": "swg-server",
            "tags": [],
            "visibility": "public",
            "isNew": false
        }
    ],
    "facets": [
        {
            "property": "languages",
            "values": [
                {
                    "val": "xml",
                    "count": 14842
                },
                {
                    "val": "web",
                    "count": 13243
                },
                {
                    "val": "java",
                    "count": 13146
                },
                {
                    "val": "css",
                    "count": 11599
                },
                {
                    "val": "js",
                    "count": 11508
                },
                {
                    "val": "cs",
                    "count": 6126
                },
                {
                    "val": "php",
                    "count": 2740
                },
                {
                    "val": "py",
                    "count": 2703
                },
                {
                    "val": "ts",
                    "count": 2054
                },
                {
                    "val": "c",
                    "count": 1733
                }
            ]
        },
        {
            "property": "ncloc",
            "values": [
                {
                    "val": "*-1000.0",
                    "count": 28145
                },
                {
                    "val": "1000.0-10000.0",
                    "count": 18880
                },
                {
                    "val": "10000.0-100000.0",
                    "count": 10810
                },
                {
                    "val": "100000.0-500000.0",
                    "count": 1998
                },
                {
                    "val": "500000.0-*",
                    "count": 378
                }
            ]
        }
    ]
}