{
    "paging": {
        "pageIndex": 315,
        "pageSize": 10,
        "total": 32075
    },
    "organizations": [
        {
            "key": "nuyonu-github",
            "name": "nuyonu"
        },
        {
            "key": "scm-devops",
            "name": "scm-devops"
        },
        {
            "key": "wizsrk-github",
            "name": "wizsrk"
        },
        {
            "key": "souteh-github",
            "name": "souteh"
        },
        {
            "key": "shrinidhi96-github",
            "name": "shrinidhi96"
        },
        {
            "key": "jwhaeke-github",
            "name": "Jwhaeke"
        },
        {
            "key": "thoril-github",
            "name": "Thoril"
        },
        {
            "key": "lizethre-github",
            "name": "Lizeth Rios E"
        },
        {
            "key": "noplaceleft",
            "name": "NoPlaceLeft"
        },
        {
            "key": "ahmedmgamal-github",
            "name": "ahmedmgamal"
        }
    ],
    "components": [
        {
            "organization": "souteh-github",
            "key": "souteh_monProjet",
            "name": "mxplus(pom)",
            "tags": [],
            "visibility": "public",
            "isNew": false
        },
        {
            "organization": "nuyonu-github",
            "key": "nuyonu_MyCinema",
            "name": "My Cinema",
            "tags": [],
            "visibility": "public",
            "isNew": false
        },
        {
            "organization": "wizsrk-github",
            "key": "Gizmo123",
            "name": "My project",
            "tags": [],
            "visibility": "public",
            "isNew": false
        },
        {
            "organization": "jwhaeke-github",
            "key": "Jwhaeke_assessment",
            "name": "My project",
            "tags": [],
            "visibility": "public",
            "isNew": false
        },
        {
            "organization": "lizethre-github",
            "key": "LizethRE_ERP-Studio",
            "name": "My project",
            "tags": [],
            "visibility": "public",
            "isNew": false
        },
        {
            "organization": "scm-devops",
            "key": "MyProjectKey",
            "name": "My Project",
            "tags": [],
            "visibility": "public",
            "isNew": false
        },
        {
            "organization": "shrinidhi96-github",
            "key": "My_Project",
            "name": "My Project",
            "tags": [],
            "visibility": "public",
            "isNew": false
        },
        {
            "organization": "noplaceleft",
            "key": "NoPlaceLeft_tools-api",
            "name": "My project",
            "tags": [],
            "visibility": "public",
            "isNew": false
        },
        {
            "organization": "thoril-github",
            "key": "Thoril_juice-shop",
            "name": "My project",
            "tags": [],
            "visibility": "public",
            "isNew": false
        },
        {
            "organization": "ahmedmgamal-github",
            "key": "ahmedmgamal.mybb",
            "name": "My project",
            "tags": [],
            "visibility": "public",
            "isNew": false
        }
    ],
    "facets": [
        {
            "property": "languages",
            "values": [
                {
                    "val": "xml",
                    "count": 14846
                },
                {
                    "val": "web",
                    "count": 13246
                },
                {
                    "val": "java",
                    "count": 13149
                },
                {
                    "val": "css",
                    "count": 11600
                },
                {
                    "val": "js",
                    "count": 11511
                },
                {
                    "val": "cs",
                    "count": 6127
                },
                {
                    "val": "php",
                    "count": 2740
                },
                {
                    "val": "py",
                    "count": 2704
                },
                {
                    "val": "ts",
                    "count": 2054
                },
                {
                    "val": "c",
                    "count": 1733
                }
            ]
        },
        {
            "property": "ncloc",
            "values": [
                {
                    "val": "*-1000.0",
                    "count": 28146
                },
                {
                    "val": "1000.0-10000.0",
                    "count": 18886
                },
                {
                    "val": "10000.0-100000.0",
                    "count": 10813
                },
                {
                    "val": "100000.0-500000.0",
                    "count": 1998
                },
                {
                    "val": "500000.0-*",
                    "count": 378
                }
            ]
        }
    ]
}