{
    "paging": {
        "pageIndex": 726,
        "pageSize": 10,
        "total": 32068
    },
    "organizations": [
        {
            "key": "colonelblimp-github",
            "name": "ColonelBlimp"
        },
        {
            "key": "santimacnet-github",
            "name": "santimacnet"
        },
        {
            "key": "mydrive-solutions",
            "name": "MyDrive Solutions"
        },
        {
            "key": "nextpro",
            "name": "nextpro"
        },
        {
            "key": "ernstmul-github",
            "name": "Ernst Mulders"
        },
        {
            "key": "danielruf-github",
            "name": "Daniel Ruf"
        },
        {
            "key": "maproulette",
            "name": "MapRoulette"
        },
        {
            "key": "default",
            "name": "Attic"
        },
        {
            "key": "rafaelaaraujo-github",
            "name": "Rafaela Araujo"
        },
        {
            "key": "mortimer",
            "name": "mortimer"
        }
    ],
    "components": [
        {
            "organization": "colonelblimp-github",
            "key": "ColonelBlimp_debs",
            "name": "DEBS :: Parent",
            "tags": [],
            "visibility": "public",
            "isNew": false
        },
        {
            "organization": "rafaelaaraujo-github",
            "key": "BestSellers",
            "name": "BestSellers",
            "tags": [],
            "visibility": "public",
            "isNew": false
        },
        {
            "organization": "danielruf-github",
            "key": "DanielRuf_vue-cli",
            "name": "vue-cli",
            "tags": [],
            "visibility": "public",
            "isNew": false
        },
        {
            "organization": "mortimer",
            "key": "libwbxml2-e702c89-csec-audit",
            "name": "libwbxml2-e702c89-csec-audit",
            "tags": [],
            "visibility": "public",
            "isNew": false
        },
        {
            "organization": "default",
            "key": "com.github.oshi:oshi-parent",
            "name": "Operating System and Hardware Information",
            "tags": [],
            "visibility": "public",
            "isNew": false
        },
        {
            "organization": "mydrive-solutions",
            "key": "ios-telematics-core",
            "name": "iOS Telematics Core",
            "tags": [],
            "visibility": "public",
            "isNew": false
        },
        {
            "organization": "ernstmul-github",
            "key": "lighthouse2",
            "name": "lighthouse2",
            "tags": [],
            "visibility": "public",
            "isNew": false
        },
        {
            "organization": "santimacnet-github",
            "key": "AT-MUSICSTORE-MVC",
            "name": "AT-MUSICSTORE-MVC",
            "tags": [],
            "visibility": "public",
            "isNew": false
        },
        {
            "organization": "maproulette",
            "key": "maproulette_maproulette2",
            "name": "maproulette2",
            "tags": [],
            "visibility": "public",
            "eligibilityStatus": "COMPLETED",
            "eligible": true,
            "isNew": false
        },
        {
            "organization": "nextpro",
            "key": "nextpro-api-key",
            "name": "nextpro-api",
            "tags": [],
            "visibility": "public",
            "isNew": false
        }
    ],
    "facets": [
        {
            "property": "languages",
            "values": [
                {
                    "val": "xml",
                    "count": 14842
                },
                {
                    "val": "web",
                    "count": 13244
                },
                {
                    "val": "java",
                    "count": 13146
                },
                {
                    "val": "css",
                    "count": 11600
                },
                {
                    "val": "js",
                    "count": 11509
                },
                {
                    "val": "cs",
                    "count": 6127
                },
                {
                    "val": "php",
                    "count": 2740
                },
                {
                    "val": "py",
                    "count": 2703
                },
                {
                    "val": "ts",
                    "count": 2054
                },
                {
                    "val": "c",
                    "count": 1733
                }
            ]
        },
        {
            "property": "ncloc",
            "values": [
                {
                    "val": "*-1000.0",
                    "count": 28145
                },
                {
                    "val": "1000.0-10000.0",
                    "count": 18881
                },
                {
                    "val": "10000.0-100000.0",
                    "count": 10811
                },
                {
                    "val": "100000.0-500000.0",
                    "count": 1998
                },
                {
                    "val": "500000.0-*",
                    "count": 378
                }
            ]
        }
    ]
}