{
    "paging": {
        "pageIndex": 256,
        "pageSize": 10,
        "total": 32064
    },
    "organizations": [
        {
            "key": "examplenode",
            "name": "djmastrodi"
        },
        {
            "key": "vkmanojk",
            "name": "MANOJKUMAR VK"
        },
        {
            "key": "ewo-team",
            "name": "Ewo team"
        },
        {
            "key": "colin-mueller-sonarsource-github",
            "name": "colin-mueller-sonarsource"
        },
        {
            "key": "jenkins-essentials",
            "name": "Jenkins Essentials"
        },
        {
            "key": "evotor",
            "name": "Evotor"
        },
        {
            "key": "dilshanfardil-github",
            "name": "Dilshan Fardil"
        },
        {
            "key": "mupcorp",
            "name": "mupcorp"
        },
        {
            "key": "anaswara-choorkunnu-prashob37504",
            "name": "Anaswara Choorkunnu Prashob"
        },
        {
            "key": "mchaloupka-github",
            "name": "Milo\u0161 Chaloupka"
        }
    ],
    "components": [
        {
            "organization": "jenkins-essentials",
            "key": "evergreen",
            "name": "evergreen",
            "tags": [],
            "visibility": "public",
            "isNew": false
        },
        {
            "organization": "mchaloupka-github",
            "key": "EVI",
            "name": "EVI",
            "tags": [],
            "visibility": "public",
            "isNew": false
        },
        {
            "organization": "evotor",
            "key": "evotor_Evo-UI-Kit",
            "name": "Evo-UI-Kit",
            "tags": [],
            "visibility": "public",
            "isNew": false
        },
        {
            "organization": "mupcorp",
            "key": "mupewebshop",
            "name": "ewebshop",
            "tags": [],
            "visibility": "public",
            "isNew": false
        },
        {
            "organization": "ewo-team",
            "key": "Ewo-team_ewo-next",
            "name": "ewo-next",
            "tags": [],
            "visibility": "public",
            "isNew": false
        },
        {
            "organization": "dilshanfardil-github",
            "key": "com.dilshan.oodexam:exam-traning",
            "name": "exam-traning",
            "tags": [],
            "visibility": "public",
            "isNew": false
        },
        {
            "organization": "vkmanojk",
            "key": "vkmanojk_ExamDutyAlterationHelper",
            "name": "ExamDutyAlterationHelper",
            "tags": [],
            "visibility": "public",
            "eligibilityStatus": "COMPLETED",
            "eligible": false,
            "isNew": false
        },
        {
            "organization": "anaswara-choorkunnu-prashob37504",
            "key": "com.example:MyWebApp",
            "name": "Example Maven Webapp",
            "tags": [],
            "visibility": "public",
            "isNew": false
        },
        {
            "organization": "examplenode",
            "key": "djmastrodi_ExampleNode",
            "name": "Example Node js",
            "tags": [],
            "visibility": "public",
            "eligibilityStatus": "COMPLETED",
            "eligible": true,
            "isNew": false
        },
        {
            "organization": "colin-mueller-sonarsource-github",
            "key": "sonar-scanning-example",
            "name": "Example of SonarQube Scanner Usage",
            "tags": [],
            "visibility": "public",
            "isNew": false
        }
    ],
    "facets": [
        {
            "property": "languages",
            "values": [
                {
                    "val": "xml",
                    "count": 14842
                },
                {
                    "val": "web",
                    "count": 13242
                },
                {
                    "val": "java",
                    "count": 13146
                },
                {
                    "val": "css",
                    "count": 11597
                },
                {
                    "val": "js",
                    "count": 11505
                },
                {
                    "val": "cs",
                    "count": 6126
                },
                {
                    "val": "php",
                    "count": 2740
                },
                {
                    "val": "py",
                    "count": 2703
                },
                {
                    "val": "ts",
                    "count": 2053
                },
                {
                    "val": "c",
                    "count": 1733
                }
            ]
        },
        {
            "property": "ncloc",
            "values": [
                {
                    "val": "*-1000.0",
                    "count": 28144
                },
                {
                    "val": "1000.0-10000.0",
                    "count": 18878
                },
                {
                    "val": "10000.0-100000.0",
                    "count": 10811
                },
                {
                    "val": "100000.0-500000.0",
                    "count": 1997
                },
                {
                    "val": "500000.0-*",
                    "count": 378
                }
            ]
        }
    ]
}