{
    "paging": {
        "pageIndex": 813,
        "pageSize": 10,
        "total": 32071
    },
    "organizations": [
        {
            "key": "jukusoft",
            "name": "jukusoft"
        },
        {
            "key": "meks77-github",
            "name": "meks77"
        },
        {
            "key": "vijayvani-github",
            "name": "vijayvani"
        },
        {
            "key": "kodougu",
            "name": "kodougu"
        },
        {
            "key": "kelintan-github",
            "name": "Kelin Tan"
        },
        {
            "key": "bingoohuang-github",
            "name": "bingoohuang"
        },
        {
            "key": "dencanhelp",
            "name": "dencanhelp"
        },
        {
            "key": "olgusirman-github",
            "name": "olgusirman"
        },
        {
            "key": "eonx-com",
            "name": "EonX"
        }
    ],
    "components": [
        {
            "organization": "olgusirman-github",
            "key": "olgusirman_Eastanbul",
            "name": "Eastanbul",
            "tags": [],
            "visibility": "public",
            "isNew": false
        },
        {
            "organization": "jukusoft",
            "key": "com.jukusoft:easy-i18n-gettext-parent",
            "name": "Easy i18n gettext library",
            "tags": [],
            "visibility": "public",
            "isNew": false
        },
        {
            "organization": "dencanhelp",
            "key": "EASY-PEASY",
            "name": "Easy Peasy",
            "tags": [],
            "visibility": "public",
            "isNew": false
        },
        {
            "organization": "bingoohuang-github",
            "key": "com.github.bingoohuang:eql",
            "name": "easy sql",
            "tags": [],
            "visibility": "public",
            "isNew": false
        },
        {
            "organization": "meks77-github",
            "key": "at.meks:easy-validation-parent",
            "name": "Easy Validation - Parent",
            "tags": [
                "java8",
                "java"
            ],
            "visibility": "public",
            "isNew": false
        },
        {
            "organization": "kelintan-github",
            "key": "KelinTan_easy-hbase",
            "name": "easy-hbase",
            "tags": [],
            "visibility": "public",
            "isNew": false
        },
        {
            "organization": "eonx-com",
            "key": "eonx-com_easy-monorepo",
            "name": "easy-monorepo",
            "tags": [],
            "visibility": "public",
            "eligibilityStatus": "COMPLETED",
            "eligible": true,
            "isNew": false
        },
        {
            "organization": "vijayvani-github",
            "key": "vijayvani_easy-props",
            "name": "easy-props",
            "tags": [],
            "visibility": "public",
            "isNew": false
        },
        {
            "organization": "kodougu",
            "key": "kodougu_easy-typeorm",
            "name": "easy-typeorm",
            "tags": [],
            "visibility": "public",
            "isNew": false
        },
        {
            "organization": "kodougu",
            "key": "kodougu_easy-web",
            "name": "easy-web",
            "tags": [],
            "visibility": "public",
            "isNew": false
        }
    ],
    "facets": [
        {
            "property": "languages",
            "values": [
                {
                    "val": "xml",
                    "count": 14844
                },
                {
                    "val": "web",
                    "count": 13244
                },
                {
                    "val": "java",
                    "count": 13148
                },
                {
                    "val": "css",
                    "count": 11599
                },
                {
                    "val": "js",
                    "count": 11509
                },
                {
                    "val": "cs",
                    "count": 6127
                },
                {
                    "val": "php",
                    "count": 2740
                },
                {
                    "val": "py",
                    "count": 2703
                },
                {
                    "val": "ts",
                    "count": 2054
                },
                {
                    "val": "c",
                    "count": 1733
                }
            ]
        },
        {
            "property": "ncloc",
            "values": [
                {
                    "val": "*-1000.0",
                    "count": 28144
                },
                {
                    "val": "1000.0-10000.0",
                    "count": 18883
                },
                {
                    "val": "10000.0-100000.0",
                    "count": 10812
                },
                {
                    "val": "100000.0-500000.0",
                    "count": 1998
                },
                {
                    "val": "500000.0-*",
                    "count": 378
                }
            ]
        }
    ]
}