{
    "paging": {
        "pageIndex": 939,
        "pageSize": 10,
        "total": 32063
    },
    "organizations": [
        {
            "key": "mrtimscampi",
            "name": "Julien Machiels"
        },
        {
            "key": "piryus",
            "name": "Emile Legendre"
        },
        {
            "key": "prathameshtajane-github",
            "name": "Prathamesh Tajane"
        },
        {
            "key": "nextstep-org",
            "name": "nextstep-org"
        },
        {
            "key": "tmiroslav97",
            "name": "Miroslav Tomic"
        },
        {
            "key": "davidblj-github",
            "name": "davidblj"
        },
        {
            "key": "edorian-github",
            "name": "Volker Dusch"
        },
        {
            "key": "knowledge-graph-hub",
            "name": "Knowledge-Graph-Hub"
        },
        {
            "key": "mlcsu-digital-innovations",
            "name": "MLCSU Digital Innovations Unit"
        },
        {
            "key": "zrips",
            "name": "Zrips"
        }
    ],
    "components": [
        {
            "organization": "mrtimscampi",
            "key": "MrTimscampi_jellyfin-apiclient-javascript",
            "name": "jellyfin-apiclient-javascript",
            "tags": [],
            "visibility": "public",
            "eligibilityStatus": "COMPLETED",
            "eligible": true,
            "isNew": false
        },
        {
            "organization": "knowledge-graph-hub",
            "key": "Knowledge-Graph-Hub_kg-covid-19",
            "name": "kg-covid-19",
            "tags": [],
            "visibility": "public",
            "eligibilityStatus": "COMPLETED",
            "eligible": true,
            "isNew": false
        },
        {
            "organization": "nextstep-org",
            "key": "agile_assessment_ux",
            "name": "Agile Assessment UX",
            "tags": [],
            "visibility": "public",
            "isNew": false
        },
        {
            "organization": "zrips",
            "key": "Zrips_Jobs",
            "name": "Jobs",
            "tags": [],
            "visibility": "public",
            "eligibilityStatus": "COMPLETED",
            "eligible": false,
            "isNew": false
        },
        {
            "organization": "prathameshtajane-github",
            "key": "solutions.algorithms:javaCodingChallenges",
            "name": "javaCodingChallenges",
            "tags": [],
            "visibility": "public",
            "isNew": false
        },
        {
            "organization": "piryus",
            "key": "Piryus_Electronic_Student_Record_Management_System",
            "name": "Electronic_Student_Record_Management_System",
            "tags": [],
            "visibility": "public",
            "isNew": false
        },
        {
            "organization": "mlcsu-digital-innovations",
            "key": "mlcsu-digital-innovations_MedicalExaminationsPortal",
            "name": "MedicalExaminationsPortal",
            "tags": [],
            "visibility": "public",
            "isNew": false
        },
        {
            "organization": "edorian-github",
            "key": "edc",
            "name": "edc",
            "tags": [],
            "visibility": "public",
            "isNew": false
        },
        {
            "organization": "tmiroslav97",
            "key": "tmiroslav97_TheClinicalSystem",
            "name": "centersystem",
            "tags": [],
            "visibility": "public",
            "isNew": false
        },
        {
            "organization": "davidblj-github",
            "key": "bek01",
            "name": "bolsa_empleos_server",
            "tags": [],
            "visibility": "public",
            "isNew": false
        }
    ],
    "facets": [
        {
            "property": "languages",
            "values": [
                {
                    "val": "xml",
                    "count": 14841
                },
                {
                    "val": "web",
                    "count": 13242
                },
                {
                    "val": "java",
                    "count": 13146
                },
                {
                    "val": "css",
                    "count": 11597
                },
                {
                    "val": "js",
                    "count": 11505
                },
                {
                    "val": "cs",
                    "count": 6126
                },
                {
                    "val": "php",
                    "count": 2739
                },
                {
                    "val": "py",
                    "count": 2703
                },
                {
                    "val": "ts",
                    "count": 2053
                },
                {
                    "val": "c",
                    "count": 1733
                }
            ]
        },
        {
            "property": "ncloc",
            "values": [
                {
                    "val": "*-1000.0",
                    "count": 28145
                },
                {
                    "val": "1000.0-10000.0",
                    "count": 18878
                },
                {
                    "val": "10000.0-100000.0",
                    "count": 10810
                },
                {
                    "val": "100000.0-500000.0",
                    "count": 1997
                },
                {
                    "val": "500000.0-*",
                    "count": 378
                }
            ]
        }
    ]
}