{
    "paging": {
        "pageIndex": 289,
        "pageSize": 10,
        "total": 32065
    },
    "organizations": [
        {
            "key": "group-08",
            "name": "group-08"
        },
        {
            "key": "fgaravaglia-github",
            "name": "Francesco Garavaglia"
        },
        {
            "key": "click-n-move",
            "name": "Click'N'Move"
        },
        {
            "key": "sopra-fs20-group10",
            "name": "SoPra-FS20-Group10"
        },
        {
            "key": "jimmysyss-github",
            "name": "Jimmy Wong"
        },
        {
            "key": "i100van-github",
            "name": "i100van"
        },
        {
            "key": "sopra-fs-20-group-15",
            "name": "sopra-fs-20-group-15"
        },
        {
            "key": "moutardentube-github",
            "name": "Moutardentube"
        },
        {
            "key": "sopra-group-07",
            "name": "SoPra-Group-07"
        },
        {
            "key": "jhon861228",
            "name": "jhon861228"
        }
    ],
    "components": [
        {
            "organization": "fgaravaglia-github",
            "key": "CLIArgumentParserLibrary",
            "name": "CLIArgumentParserLibrary",
            "tags": [],
            "visibility": "public",
            "isNew": false
        },
        {
            "organization": "click-n-move",
            "key": "click-n-move-app:conf/sonarqube",
            "name": "Click-N-Move conf/sonarqube",
            "tags": [],
            "visibility": "public",
            "isNew": false
        },
        {
            "organization": "jhon861228",
            "key": "jhon861228_Clickalo",
            "name": "Clickalo",
            "tags": [],
            "visibility": "public",
            "isNew": false
        },
        {
            "organization": "jimmysyss-github",
            "key": "jimmysyss_clicktrade",
            "name": "Clicktrade",
            "tags": [],
            "visibility": "public",
            "isNew": false
        },
        {
            "organization": "sopra-fs20-group10",
            "key": "SoPra-FS20-Group10_client",
            "name": "client",
            "tags": [],
            "visibility": "public",
            "eligibilityStatus": "COMPLETED",
            "eligible": true,
            "isNew": false
        },
        {
            "organization": "sopra-group-07",
            "key": "SoPra-Group-07_client",
            "name": "client",
            "tags": [],
            "visibility": "public",
            "eligibilityStatus": "COMPLETED",
            "eligible": true,
            "isNew": false
        },
        {
            "organization": "moutardentube-github",
            "key": "client",
            "name": "client",
            "tags": [],
            "visibility": "public",
            "isNew": false
        },
        {
            "organization": "group-08",
            "key": "group-08_client",
            "name": "client",
            "tags": [],
            "visibility": "public",
            "eligibilityStatus": "COMPLETED",
            "eligible": true,
            "isNew": false
        },
        {
            "organization": "i100van-github",
            "key": "i100van_PracticaStratego",
            "name": "Client",
            "tags": [],
            "visibility": "public",
            "isNew": false
        },
        {
            "organization": "sopra-fs-20-group-15",
            "key": "sopra-fs-20-group-15_client",
            "name": "client",
            "tags": [],
            "visibility": "public",
            "eligibilityStatus": "COMPLETED",
            "eligible": true,
            "isNew": false
        }
    ],
    "facets": [
        {
            "property": "languages",
            "values": [
                {
                    "val": "xml",
                    "count": 14842
                },
                {
                    "val": "web",
                    "count": 13243
                },
                {
                    "val": "java",
                    "count": 13146
                },
                {
                    "val": "css",
                    "count": 11599
                },
                {
                    "val": "js",
                    "count": 11507
                },
                {
                    "val": "cs",
                    "count": 6126
                },
                {
                    "val": "php",
                    "count": 2740
                },
                {
                    "val": "py",
                    "count": 2703
                },
                {
                    "val": "ts",
                    "count": 2054
                },
                {
                    "val": "c",
                    "count": 1733
                }
            ]
        },
        {
            "property": "ncloc",
            "values": [
                {
                    "val": "*-1000.0",
                    "count": 28145
                },
                {
                    "val": "1000.0-10000.0",
                    "count": 18879
                },
                {
                    "val": "10000.0-100000.0",
                    "count": 10810
                },
                {
                    "val": "100000.0-500000.0",
                    "count": 1998
                },
                {
                    "val": "500000.0-*",
                    "count": 378
                }
            ]
        }
    ]
}