{
    "paging": {
        "pageIndex": 178,
        "pageSize": 10,
        "total": 32067
    },
    "organizations": [
        {
            "key": "testnna",
            "name": "testnna"
        },
        {
            "key": "intercept",
            "name": "intercept"
        },
        {
            "key": "gilbyscarchest",
            "name": "Tyler"
        },
        {
            "key": "jlndk",
            "name": "Jonas Lindenskov Nielsen"
        },
        {
            "key": "lmferreiro-github",
            "name": "CGSC Test"
        },
        {
            "key": "nextstep-org",
            "name": "nextstep-org"
        },
        {
            "key": "devedse-github",
            "name": "Devedse"
        },
        {
            "key": "hdkdevops",
            "name": "hdkdevops"
        },
        {
            "key": "caleidosmedia",
            "name": "caleidosmedia"
        }
    ],
    "components": [
        {
            "organization": "lmferreiro-github",
            "key": "acceleratordevelopmentrepo",
            "name": "development",
            "tags": [],
            "visibility": "public",
            "isNew": false
        },
        {
            "organization": "devedse-github",
            "key": "DeveVipAccess",
            "name": "DeveVipAccess",
            "tags": [],
            "visibility": "public",
            "isNew": false
        },
        {
            "organization": "jlndk",
            "key": "jlndk_devoops",
            "name": "devoops",
            "tags": [],
            "visibility": "public",
            "eligibilityStatus": "COMPLETED",
            "eligible": false,
            "isNew": false
        },
        {
            "organization": "caleidosmedia",
            "key": "devops-belcorp",
            "name": "devops",
            "tags": [],
            "visibility": "public",
            "isNew": false
        },
        {
            "organization": "nextstep-org",
            "key": "da_ux",
            "name": "DevOps Analyzer UX",
            "tags": [],
            "visibility": "public",
            "isNew": false
        },
        {
            "organization": "hdkdevops",
            "key": "devops-proj",
            "name": "DevOps Demo",
            "tags": [],
            "visibility": "public",
            "isNew": false
        },
        {
            "organization": "testnna",
            "key": "DevOps-Admin",
            "name": "DevOps-Admin",
            "tags": [],
            "visibility": "public",
            "isNew": false
        },
        {
            "organization": "testnna",
            "key": "DevOps-TN",
            "name": "DevOps-TN",
            "tags": [],
            "visibility": "public",
            "isNew": false
        },
        {
            "organization": "gilbyscarchest",
            "key": "devops-tyler",
            "name": "devops-tyler",
            "tags": [],
            "visibility": "public",
            "isNew": false
        },
        {
            "organization": "intercept",
            "key": "DevOpsDemoKey",
            "name": "DevOpsDemoKey",
            "tags": [],
            "visibility": "public",
            "isNew": false
        }
    ],
    "facets": [
        {
            "property": "languages",
            "values": [
                {
                    "val": "xml",
                    "count": 14842
                },
                {
                    "val": "web",
                    "count": 13243
                },
                {
                    "val": "java",
                    "count": 13146
                },
                {
                    "val": "css",
                    "count": 11599
                },
                {
                    "val": "js",
                    "count": 11508
                },
                {
                    "val": "cs",
                    "count": 6126
                },
                {
                    "val": "php",
                    "count": 2740
                },
                {
                    "val": "py",
                    "count": 2703
                },
                {
                    "val": "ts",
                    "count": 2054
                },
                {
                    "val": "c",
                    "count": 1733
                }
            ]
        },
        {
            "property": "ncloc",
            "values": [
                {
                    "val": "*-1000.0",
                    "count": 28145
                },
                {
                    "val": "1000.0-10000.0",
                    "count": 18881
                },
                {
                    "val": "10000.0-100000.0",
                    "count": 10810
                },
                {
                    "val": "100000.0-500000.0",
                    "count": 1998
                },
                {
                    "val": "500000.0-*",
                    "count": 378
                }
            ]
        }
    ]
}