{
    "paging": {
        "pageIndex": 494,
        "pageSize": 10,
        "total": 32063
    },
    "organizations": [
        {
            "key": "rookstest",
            "name": "RooksTest"
        },
        {
            "key": "alex-arkhipov-github",
            "name": "Alex Arkhipov"
        },
        {
            "key": "davidblj-github",
            "name": "davidblj"
        },
        {
            "key": "laristra",
            "name": "laristra"
        },
        {
            "key": "arpit_trinity-bitbucket",
            "name": "Arpit Srivastava"
        },
        {
            "key": "civicsense11",
            "name": "civicsense11"
        },
        {
            "key": "mpoquet-github",
            "name": "mpoquet"
        },
        {
            "key": "civicadls-github",
            "name": "civicadls"
        },
        {
            "key": "trrc-bitbucket",
            "name": "Nn Rr"
        }
    ],
    "components": [
        {
            "organization": "trrc-bitbucket",
            "key": "nl.deventer.huis:gerechtenapp",
            "name": "gerechtenapp Maven Webapp",
            "tags": [],
            "visibility": "public",
            "isNew": false
        },
        {
            "organization": "civicadls-github",
            "key": "f27a7aab724cd8b2ee42d0a0fbe1489261b2e005",
            "name": "f27a7aab724cd8b2ee42d0a0fbe1489261b2e005",
            "tags": [],
            "visibility": "public",
            "isNew": false
        },
        {
            "organization": "civicadls-github",
            "key": "e57bc3005d91a5624a871c066ba50edf5da6149b",
            "name": "e57bc3005d91a5624a871c066ba50edf5da6149b",
            "tags": [],
            "visibility": "public",
            "isNew": false
        },
        {
            "organization": "alex-arkhipov-github",
            "key": "org.apache.flink:flink-parent",
            "name": "flink",
            "tags": [],
            "visibility": "public",
            "isNew": false
        },
        {
            "organization": "davidblj-github",
            "key": "bek01",
            "name": "bolsa_empleos_server",
            "tags": [],
            "visibility": "public",
            "isNew": false
        },
        {
            "organization": "civicsense11",
            "key": "PALLADINOVALENTE",
            "name": "PALLADINOVALENTE",
            "tags": [],
            "visibility": "public",
            "isNew": false
        },
        {
            "organization": "laristra",
            "key": "flecsi:/mpi_halo_bugfix",
            "name": "flecsi /mpi_halo_bugfix",
            "tags": [],
            "visibility": "public",
            "isNew": false
        },
        {
            "organization": "mpoquet-github",
            "key": "netorcai",
            "name": "netorcai",
            "tags": [],
            "visibility": "public",
            "isNew": false
        },
        {
            "organization": "rookstest",
            "key": "rookstest",
            "name": "Rooks Test",
            "tags": [],
            "visibility": "public",
            "isNew": false
        },
        {
            "organization": "arpit_trinity-bitbucket",
            "key": "trinity-qe:trinity-qe",
            "name": "trinity-qe",
            "tags": [],
            "visibility": "public",
            "isNew": false
        }
    ],
    "facets": [
        {
            "property": "languages",
            "values": [
                {
                    "val": "xml",
                    "count": 14840
                },
                {
                    "val": "web",
                    "count": 13241
                },
                {
                    "val": "java",
                    "count": 13146
                },
                {
                    "val": "css",
                    "count": 11596
                },
                {
                    "val": "js",
                    "count": 11504
                },
                {
                    "val": "cs",
                    "count": 6126
                },
                {
                    "val": "php",
                    "count": 2739
                },
                {
                    "val": "py",
                    "count": 2703
                },
                {
                    "val": "ts",
                    "count": 2053
                },
                {
                    "val": "c",
                    "count": 1733
                }
            ]
        },
        {
            "property": "ncloc",
            "values": [
                {
                    "val": "*-1000.0",
                    "count": 28140
                },
                {
                    "val": "1000.0-10000.0",
                    "count": 18880
                },
                {
                    "val": "10000.0-100000.0",
                    "count": 10809
                },
                {
                    "val": "100000.0-500000.0",
                    "count": 1996
                },
                {
                    "val": "500000.0-*",
                    "count": 378
                }
            ]
        }
    ]
}