{
    "paging": {
        "pageIndex": 973,
        "pageSize": 10,
        "total": 32070
    },
    "organizations": [
        {
            "key": "1908-aug19-java",
            "name": "1908-aug19-java"
        },
        {
            "key": "1910javareact",
            "name": "1910javareact"
        },
        {
            "key": "stormrubio3000-github",
            "name": "stormrubio3000"
        },
        {
            "key": "jrcode97",
            "name": "JRCode97"
        },
        {
            "key": "autobake",
            "name": "autobake"
        },
        {
            "key": "simar-pannu",
            "name": "Simar Pannu"
        },
        {
            "key": "emisale94-github",
            "name": "Ethan Misale"
        },
        {
            "key": "bryan-ang",
            "name": "bryan-ang"
        },
        {
            "key": "chickwen12",
            "name": "Sara M Martin"
        },
        {
            "key": "team-2",
            "name": "team-2"
        }
    ],
    "components": [
        {
            "organization": "autobake",
            "key": "project-autobake",
            "name": "project-autobake",
            "tags": [],
            "visibility": "public",
            "isNew": false
        },
        {
            "organization": "bryan-ang",
            "key": "project-ado-test-1",
            "name": "project-ado-test-1",
            "tags": [],
            "visibility": "public",
            "isNew": false
        },
        {
            "organization": "jrcode97",
            "key": "JRCode97_Project-3-frontend",
            "name": "Project-3-frontend",
            "tags": [],
            "visibility": "public",
            "eligibilityStatus": "COMPLETED",
            "eligible": true,
            "isNew": false
        },
        {
            "organization": "stormrubio3000-github",
            "key": "stormrubio3000_Project-2UI",
            "name": "Project-2UI",
            "tags": [],
            "visibility": "public",
            "isNew": false
        },
        {
            "organization": "1908-aug19-java",
            "key": "1908-aug19-java_project2-joe-michael-backend",
            "name": "project-2-spring-backend",
            "tags": [],
            "visibility": "public",
            "isNew": false
        },
        {
            "organization": "1910javareact",
            "key": "1910javareact_project-2-Justin-Naziia-Sam-Wes",
            "name": "project-2-Justin-Naziia-Sam-Wes",
            "tags": [],
            "visibility": "public",
            "isNew": false
        },
        {
            "organization": "emisale94-github",
            "key": "Project-2-JEM",
            "name": "Project-2-JEM",
            "tags": [],
            "visibility": "public",
            "isNew": false
        },
        {
            "organization": "team-2",
            "key": "project-2-client",
            "name": "project-2-client",
            "tags": [],
            "visibility": "public",
            "isNew": true
        },
        {
            "organization": "chickwen12",
            "key": "Chickwen1_project2-jfs",
            "name": "project-2-agenda",
            "tags": [],
            "visibility": "public",
            "isNew": false
        },
        {
            "organization": "simar-pannu",
            "key": "Project-2",
            "name": "Project-2",
            "tags": [],
            "visibility": "public",
            "isNew": false
        }
    ],
    "facets": [
        {
            "property": "languages",
            "values": [
                {
                    "val": "xml",
                    "count": 14843
                },
                {
                    "val": "web",
                    "count": 13244
                },
                {
                    "val": "java",
                    "count": 13147
                },
                {
                    "val": "css",
                    "count": 11600
                },
                {
                    "val": "js",
                    "count": 11509
                },
                {
                    "val": "cs",
                    "count": 6127
                },
                {
                    "val": "php",
                    "count": 2740
                },
                {
                    "val": "py",
                    "count": 2703
                },
                {
                    "val": "ts",
                    "count": 2054
                },
                {
                    "val": "c",
                    "count": 1733
                }
            ]
        },
        {
            "property": "ncloc",
            "values": [
                {
                    "val": "*-1000.0",
                    "count": 28145
                },
                {
                    "val": "1000.0-10000.0",
                    "count": 18882
                },
                {
                    "val": "10000.0-100000.0",
                    "count": 10812
                },
                {
                    "val": "100000.0-500000.0",
                    "count": 1998
                },
                {
                    "val": "500000.0-*",
                    "count": 378
                }
            ]
        }
    ]
}