{
    "paging": {
        "pageIndex": 55,
        "pageSize": 10,
        "total": 32063
    },
    "organizations": [
        {
            "key": "maheshmakham",
            "name": "maheshmakham"
        },
        {
            "key": "nttdevsecopsme2-imf",
            "name": "nttdevsecopsme2-imf"
        },
        {
            "key": "sarabenshabbat",
            "name": "Sara Ben Shabbat"
        },
        {
            "key": "sarwar-tabish82921",
            "name": "Sarwar, Tabish"
        },
        {
            "key": "devopsworkshop",
            "name": "Workshop Org"
        },
        {
            "key": "alexander-kozlenko",
            "name": "Alexander Kozlenko"
        },
        {
            "key": "veritassoftware-github",
            "name": "Shantanu"
        },
        {
            "key": "satrapu-github",
            "name": "Bogdan Marian"
        },
        {
            "key": "vijayeluri-github",
            "name": "VijayEluri"
        },
        {
            "key": "kishaa-sonar-cloud",
            "name": "kishaa-sonar-cloud"
        }
    ],
    "components": [
        {
            "organization": "vijayeluri-github",
            "key": "VijayEluri_aspirin",
            "name": "Aspirin",
            "tags": [],
            "visibility": "public",
            "isNew": false
        },
        {
            "organization": "devopsworkshop",
            "key": "aspnetcoremvcprj01",
            "name": "AspNet Core MVC App Workshop",
            "tags": [],
            "visibility": "public",
            "isNew": false
        },
        {
            "organization": "nttdevsecopsme2-imf",
            "key": "aspnet-core-dotnet-core",
            "name": "aspnet-core-dotnet-core",
            "tags": [],
            "visibility": "public",
            "isNew": false
        },
        {
            "organization": "satrapu-github",
            "key": "aspnet-core-logging",
            "name": "aspnet-core-logging",
            "tags": [
                "aspnet-core",
                "middleware",
                "log4net",
                "coverlet",
                "docker",
                "docker-compose",
                "nunit",
                "powershell",
                "azure-pipelines-yaml"
            ],
            "visibility": "public",
            "isNew": false
        },
        {
            "organization": "kishaa-sonar-cloud",
            "key": "aspnet-coremvc-sonar",
            "name": "aspnet-coremvc-sonar",
            "tags": [],
            "visibility": "public",
            "isNew": false
        },
        {
            "organization": "sarabenshabbat",
            "key": "SaraBenShabbat_aspnet4-sample",
            "name": "aspnet4-sample",
            "tags": [],
            "visibility": "public",
            "eligibilityStatus": "COMPLETED",
            "eligible": false,
            "isNew": false
        },
        {
            "organization": "sarwar-tabish82921",
            "key": "Pakistan1947",
            "name": "AspNetCore",
            "tags": [],
            "visibility": "public",
            "isNew": false
        },
        {
            "organization": "maheshmakham",
            "key": "aspnetcore",
            "name": "aspnetcore",
            "tags": [],
            "visibility": "public",
            "isNew": false
        },
        {
            "organization": "alexander-kozlenko",
            "key": "aspnetcore-json-rpc",
            "name": "aspnetcore-json-rpc",
            "tags": [],
            "visibility": "public",
            "isNew": false
        },
        {
            "organization": "veritassoftware-github",
            "key": "VeritasSoftware_AspNetCore.Security.Jwt",
            "name": "AspNetCore.Security.Jwt",
            "tags": [],
            "visibility": "public",
            "isNew": false
        }
    ],
    "facets": [
        {
            "property": "languages",
            "values": [
                {
                    "val": "xml",
                    "count": 14840
                },
                {
                    "val": "web",
                    "count": 13241
                },
                {
                    "val": "java",
                    "count": 13146
                },
                {
                    "val": "css",
                    "count": 11596
                },
                {
                    "val": "js",
                    "count": 11504
                },
                {
                    "val": "cs",
                    "count": 6126
                },
                {
                    "val": "php",
                    "count": 2739
                },
                {
                    "val": "py",
                    "count": 2703
                },
                {
                    "val": "ts",
                    "count": 2053
                },
                {
                    "val": "c",
                    "count": 1733
                }
            ]
        },
        {
            "property": "ncloc",
            "values": [
                {
                    "val": "*-1000.0",
                    "count": 28143
                },
                {
                    "val": "1000.0-10000.0",
                    "count": 18879
                },
                {
                    "val": "10000.0-100000.0",
                    "count": 10810
                },
                {
                    "val": "100000.0-500000.0",
                    "count": 1996
                },
                {
                    "val": "500000.0-*",
                    "count": 378
                }
            ]
        }
    ]
}