{
    "paging": {
        "pageIndex": 924,
        "pageSize": 10,
        "total": 32066
    },
    "organizations": [
        {
            "key": "hdecarne-github",
            "name": "carne.de"
        },
        {
            "key": "chvote-etat-de-geneve-github",
            "name": "\u00c9tat de Gen\u00e8ve - CHVote"
        },
        {
            "key": "marium027-bitbucket",
            "name": "Marium Khalid"
        },
        {
            "key": "eastedu-markup-service",
            "name": "eastedu"
        },
        {
            "key": "lucas-brito-github",
            "name": "Lucas Brito"
        },
        {
            "key": "qarmin-1",
            "name": "Rafa\u0142"
        },
        {
            "key": "andkovt-github",
            "name": "Andrew"
        },
        {
            "key": "featuretogglestudy",
            "name": "FeatureToggleStudy"
        },
        {
            "key": "cjscommonplatform",
            "name": "CJS Common Platform"
        }
    ],
    "components": [
        {
            "organization": "featuretogglestudy",
            "key": "FeatureToggleStudy_file-repository",
            "name": "file-repository",
            "tags": [],
            "visibility": "public",
            "isNew": false
        },
        {
            "organization": "qarmin-1",
            "key": "qarmin_file-roller",
            "name": "file-roller",
            "tags": [],
            "visibility": "public",
            "isNew": false
        },
        {
            "organization": "eastedu-markup-service",
            "key": "com.eastedu.file:file-service",
            "name": "file-service",
            "tags": [],
            "visibility": "public",
            "isNew": false
        },
        {
            "organization": "cjscommonplatform",
            "key": "uk.gov.justice.services:file-service",
            "name": "file-service",
            "tags": [],
            "visibility": "public",
            "isNew": false
        },
        {
            "organization": "andkovt-github",
            "key": "andkovt_File-Store",
            "name": "File-Store",
            "tags": [],
            "visibility": "public",
            "isNew": false
        },
        {
            "organization": "lucas-brito-github",
            "key": "FileDownloader",
            "name": "FileDownloader",
            "tags": [],
            "visibility": "public",
            "isNew": false
        },
        {
            "organization": "chvote-etat-de-geneve-github",
            "key": "file-namer",
            "name": "FileNamer",
            "tags": [],
            "visibility": "public",
            "isNew": false
        },
        {
            "organization": "marium027-bitbucket",
            "key": "filenew",
            "name": "filenew",
            "tags": [],
            "visibility": "public",
            "isNew": false
        },
        {
            "organization": "hdecarne-github",
            "key": "de.carne.common:filescanner-engine",
            "name": "filescanner-engine",
            "tags": [],
            "visibility": "public",
            "isNew": false
        },
        {
            "organization": "hdecarne-github",
            "key": "de.carne:filescanner:filescanner-gtk-linux-x86_64",
            "name": "filescanner-gtk-linux-x86_64",
            "tags": [],
            "visibility": "public",
            "isNew": false
        }
    ],
    "facets": [
        {
            "property": "languages",
            "values": [
                {
                    "val": "xml",
                    "count": 14842
                },
                {
                    "val": "web",
                    "count": 13243
                },
                {
                    "val": "java",
                    "count": 13146
                },
                {
                    "val": "css",
                    "count": 11599
                },
                {
                    "val": "js",
                    "count": 11508
                },
                {
                    "val": "cs",
                    "count": 6126
                },
                {
                    "val": "php",
                    "count": 2740
                },
                {
                    "val": "py",
                    "count": 2703
                },
                {
                    "val": "ts",
                    "count": 2054
                },
                {
                    "val": "c",
                    "count": 1733
                }
            ]
        },
        {
            "property": "ncloc",
            "values": [
                {
                    "val": "*-1000.0",
                    "count": 28145
                },
                {
                    "val": "1000.0-10000.0",
                    "count": 18880
                },
                {
                    "val": "10000.0-100000.0",
                    "count": 10810
                },
                {
                    "val": "100000.0-500000.0",
                    "count": 1998
                },
                {
                    "val": "500000.0-*",
                    "count": 378
                }
            ]
        }
    ]
}