{
    "paging": {
        "pageIndex": 776,
        "pageSize": 10,
        "total": 32063
    },
    "organizations": [
        {
            "key": "kabassu-github",
            "name": "Kabassu"
        },
        {
            "key": "java_1804",
            "name": "java"
        },
        {
            "key": "sahand1234-github",
            "name": "sahand saniee monfared"
        },
        {
            "key": "vijayvani-github",
            "name": "vijayvani"
        },
        {
            "key": "evolution-gaming",
            "name": "Evolution Gaming"
        },
        {
            "key": "epekkar-github",
            "name": "epekkar"
        },
        {
            "key": "shaik1",
            "name": "shaik1"
        },
        {
            "key": "prasadpotale-github",
            "name": "PrasadPotale"
        },
        {
            "key": "digitalaffinity-bitbucket",
            "name": "Vince Panuccio"
        },
        {
            "key": "vijayeluri-github",
            "name": "VijayEluri"
        }
    ],
    "components": [
        {
            "organization": "kabassu-github",
            "key": "io.kabassu",
            "name": "Kabassu",
            "tags": [],
            "visibility": "public",
            "isNew": false
        },
        {
            "organization": "vijayeluri-github",
            "key": "VijayEluri_kabeja",
            "name": "kabeja",
            "tags": [],
            "visibility": "public",
            "isNew": false
        },
        {
            "organization": "vijayvani-github",
            "key": "vijayvani_kabeja",
            "name": "kabeja",
            "tags": [],
            "visibility": "public",
            "isNew": false
        },
        {
            "organization": "epekkar-github",
            "key": "kactus2",
            "name": "kactus2",
            "tags": [],
            "visibility": "public",
            "isNew": false
        },
        {
            "organization": "java_1804",
            "key": "kafka_180410",
            "name": "kafka",
            "tags": [],
            "visibility": "public",
            "isNew": false
        },
        {
            "organization": "evolution-gaming",
            "key": "com.evolutiongaming:kafka-journal",
            "name": "Kafka-Journal",
            "tags": [],
            "visibility": "public",
            "isNew": false
        },
        {
            "organization": "sahand1234-github",
            "key": "sahand1234",
            "name": "kaggle",
            "tags": [],
            "visibility": "public",
            "isNew": false
        },
        {
            "organization": "prasadpotale-github",
            "key": "KahunaSocialMedia-Pod",
            "name": "KahunaSocialMedia-Pod",
            "tags": [],
            "visibility": "public",
            "isNew": false
        },
        {
            "organization": "shaik1",
            "key": "kaley",
            "name": "kaley",
            "tags": [],
            "visibility": "public",
            "isNew": false
        },
        {
            "organization": "digitalaffinity-bitbucket",
            "key": "kalivault",
            "name": "Kali Vault",
            "tags": [],
            "visibility": "public",
            "isNew": false
        }
    ],
    "facets": [
        {
            "property": "languages",
            "values": [
                {
                    "val": "xml",
                    "count": 14840
                },
                {
                    "val": "web",
                    "count": 13241
                },
                {
                    "val": "java",
                    "count": 13146
                },
                {
                    "val": "css",
                    "count": 11596
                },
                {
                    "val": "js",
                    "count": 11504
                },
                {
                    "val": "cs",
                    "count": 6126
                },
                {
                    "val": "php",
                    "count": 2739
                },
                {
                    "val": "py",
                    "count": 2703
                },
                {
                    "val": "ts",
                    "count": 2053
                },
                {
                    "val": "c",
                    "count": 1733
                }
            ]
        },
        {
            "property": "ncloc",
            "values": [
                {
                    "val": "*-1000.0",
                    "count": 28143
                },
                {
                    "val": "1000.0-10000.0",
                    "count": 18879
                },
                {
                    "val": "10000.0-100000.0",
                    "count": 10810
                },
                {
                    "val": "100000.0-500000.0",
                    "count": 1996
                },
                {
                    "val": "500000.0-*",
                    "count": 378
                }
            ]
        }
    ]
}