{
    "paging": {
        "pageIndex": 29,
        "pageSize": 10,
        "total": 32073
    },
    "organizations": [
        {
            "key": "acerasoni",
            "name": "Andrea Giulio Cerasoni"
        },
        {
            "key": "xandecoding",
            "name": "Alexandre Fernandes dos Santos"
        },
        {
            "key": "lifelines",
            "name": "LifeLines"
        },
        {
            "key": "zeromq-github",
            "name": "zeromq"
        },
        {
            "key": "cartoonfan",
            "name": "CartoonFan"
        },
        {
            "key": "liquigraph",
            "name": "liquigraph"
        },
        {
            "key": "trinadu-github",
            "name": "TrinaDu"
        },
        {
            "key": "littleaj-github",
            "name": "Arthur Little"
        }
    ],
    "components": [
        {
            "organization": "trinadu-github",
            "key": "libtiff-4.0.6",
            "name": "libtiff-4.0.6",
            "tags": [],
            "visibility": "public",
            "isNew": false
        },
        {
            "organization": "trinadu-github",
            "key": "libxslt-1.1.28",
            "name": "libxslt-1.1.28",
            "tags": [],
            "visibility": "public",
            "isNew": false
        },
        {
            "organization": "zeromq-github",
            "key": "zeromq-libzmq",
            "name": "libzmq",
            "tags": [],
            "visibility": "public",
            "isNew": false
        },
        {
            "organization": "lifelines",
            "key": "lifelines_lifelines",
            "name": "lifelines",
            "tags": [],
            "visibility": "public",
            "isNew": false
        },
        {
            "organization": "xandecoding",
            "key": "XandeCoding_Linha-Do-Bem",
            "name": "Linha-Do-Bem",
            "tags": [],
            "visibility": "public",
            "isNew": false
        },
        {
            "organization": "liquigraph",
            "key": "liquigraph",
            "name": "Liquigraph",
            "tags": [],
            "visibility": "public",
            "isNew": false
        },
        {
            "organization": "liquigraph",
            "key": "org.liquigraph:liquigraph-parent",
            "name": "liquigraph-parent",
            "tags": [],
            "visibility": "public",
            "isNew": false
        },
        {
            "organization": "littleaj-github",
            "key": "littleaj_ApplicationInsights-Java",
            "name": "littleaj.ApplicationInsights-Java",
            "tags": [],
            "visibility": "public",
            "isNew": false
        },
        {
            "organization": "cartoonfan",
            "key": "CartoonFan_Llanfair",
            "name": "Llanfair",
            "tags": [],
            "visibility": "public",
            "eligibilityStatus": "COMPLETED",
            "eligible": false,
            "isNew": true
        },
        {
            "organization": "acerasoni",
            "key": "acerasoni_local-token-manager",
            "name": "imp-android",
            "tags": [],
            "visibility": "public",
            "isNew": false
        }
    ],
    "facets": [
        {
            "property": "languages",
            "values": [
                {
                    "val": "xml",
                    "count": 14845
                },
                {
                    "val": "web",
                    "count": 13245
                },
                {
                    "val": "java",
                    "count": 13148
                },
                {
                    "val": "css",
                    "count": 11600
                },
                {
                    "val": "js",
                    "count": 11511
                },
                {
                    "val": "cs",
                    "count": 6127
                },
                {
                    "val": "php",
                    "count": 2740
                },
                {
                    "val": "py",
                    "count": 2703
                },
                {
                    "val": "ts",
                    "count": 2054
                },
                {
                    "val": "c",
                    "count": 1733
                }
            ]
        },
        {
            "property": "ncloc",
            "values": [
                {
                    "val": "*-1000.0",
                    "count": 28145
                },
                {
                    "val": "1000.0-10000.0",
                    "count": 18885
                },
                {
                    "val": "10000.0-100000.0",
                    "count": 10812
                },
                {
                    "val": "100000.0-500000.0",
                    "count": 1998
                },
                {
                    "val": "500000.0-*",
                    "count": 378
                }
            ]
        }
    ]
}