{
    "paging": {
        "pageIndex": 864,
        "pageSize": 10,
        "total": 32064
    },
    "organizations": [
        {
            "key": "tiendungnguyen-bitbucket",
            "name": "Jun Nguyen"
        },
        {
            "key": "lachmanfrantisek-github",
            "name": "lachmanfrantisek"
        },
        {
            "key": "uklimaschewski",
            "name": "Udo Klimaschewski"
        },
        {
            "key": "webbingbrasil",
            "name": "Webbing Brasil"
        },
        {
            "key": "phillipgreenii",
            "name": "Phillip Green II"
        },
        {
            "key": "unice_grp-bago",
            "name": "UNICE_GRP/BAGO"
        },
        {
            "key": "1stian",
            "name": "Stian T"
        },
        {
            "key": "mathieumack-github",
            "name": "MACK Mathieu"
        },
        {
            "key": "ryper",
            "name": "ryper"
        },
        {
            "key": "kvjavaxxv",
            "name": "SoftServe ITA Kv-025.Java"
        }
    ],
    "components": [
        {
            "organization": "tiendungnguyen-bitbucket",
            "key": "vn.edu.hcmiu.lab6:group11",
            "name": "group11",
            "tags": [],
            "visibility": "public",
            "isNew": false
        },
        {
            "organization": "mathieumack-github",
            "key": "github-MvvX.Plugins.OauthClient",
            "name": "MvvX.Plugins.OauthClient",
            "tags": [],
            "visibility": "public",
            "isNew": true
        },
        {
            "organization": "phillipgreenii",
            "key": "phillipgreenii_battle-tracker",
            "name": "battle-tracker",
            "tags": [],
            "visibility": "public",
            "isNew": false
        },
        {
            "organization": "lachmanfrantisek-github",
            "key": "colin",
            "name": "colin",
            "tags": [],
            "visibility": "public",
            "isNew": false
        },
        {
            "organization": "uklimaschewski",
            "key": "uklimaschewski_EvalEx",
            "name": "EvalEx",
            "tags": [],
            "visibility": "public",
            "isNew": false
        },
        {
            "organization": "kvjavaxxv",
            "key": "academy.softserve:Karma:context_problems",
            "name": "Karma context_problems",
            "tags": [],
            "visibility": "public",
            "isNew": false
        },
        {
            "organization": "ryper",
            "key": "io.ryper:ryper-server",
            "name": "ryper-server",
            "tags": [],
            "visibility": "public",
            "isNew": false
        },
        {
            "organization": "webbingbrasil",
            "key": "webbingbrasil_ygg_starter",
            "name": "ygg_starter",
            "tags": [],
            "visibility": "public",
            "isNew": false
        },
        {
            "organization": "unice_grp-bago",
            "key": "unice-grp-bago.BAGOmaze",
            "name": "BAGOmaze",
            "tags": [],
            "visibility": "public",
            "isNew": false
        },
        {
            "organization": "1stian",
            "key": "1stian_OhneeMC",
            "name": "OhneeMC",
            "tags": [],
            "visibility": "public",
            "eligibilityStatus": "COMPLETED",
            "eligible": false,
            "isNew": false
        }
    ],
    "facets": [
        {
            "property": "languages",
            "values": [
                {
                    "val": "xml",
                    "count": 14841
                },
                {
                    "val": "web",
                    "count": 13242
                },
                {
                    "val": "java",
                    "count": 13146
                },
                {
                    "val": "css",
                    "count": 11597
                },
                {
                    "val": "js",
                    "count": 11505
                },
                {
                    "val": "cs",
                    "count": 6126
                },
                {
                    "val": "php",
                    "count": 2740
                },
                {
                    "val": "py",
                    "count": 2703
                },
                {
                    "val": "ts",
                    "count": 2053
                },
                {
                    "val": "c",
                    "count": 1733
                }
            ]
        },
        {
            "property": "ncloc",
            "values": [
                {
                    "val": "*-1000.0",
                    "count": 28143
                },
                {
                    "val": "1000.0-10000.0",
                    "count": 18879
                },
                {
                    "val": "10000.0-100000.0",
                    "count": 10810
                },
                {
                    "val": "100000.0-500000.0",
                    "count": 1997
                },
                {
                    "val": "500000.0-*",
                    "count": 378
                }
            ]
        }
    ]
}