{
    "paging": {
        "pageIndex": 484,
        "pageSize": 10,
        "total": 32064
    },
    "organizations": [
        {
            "key": "triveni-prog",
            "name": "triveni-prog"
        },
        {
            "key": "hkcorp",
            "name": "HKCorp"
        },
        {
            "key": "spark-mobile-sdk",
            "name": "Spark Mobile SDK"
        },
        {
            "key": "knowagelabs",
            "name": "KnowageLabs"
        },
        {
            "key": "spellbook-github",
            "name": "spellbook"
        },
        {
            "key": "cobramarley-github",
            "name": "Jorge Jos\u00e9 Vega Espinar"
        },
        {
            "key": "mrijk",
            "name": "mauritsthinksaloud"
        }
    ],
    "components": [
        {
            "organization": "hkcorp",
            "key": "HKCorp_SpaceInvaderRemix",
            "name": "SpaceInvaderRemix",
            "tags": [],
            "visibility": "public",
            "eligibilityStatus": "COMPLETED",
            "eligible": true,
            "isNew": false
        },
        {
            "organization": "cobramarley-github",
            "key": "SpaceInvaders",
            "name": "SpaceInvaders",
            "tags": [],
            "visibility": "public",
            "isNew": false
        },
        {
            "organization": "knowagelabs",
            "key": "it.eng.knowage:spagobi-cwm",
            "name": "spagobi-cwm",
            "tags": [],
            "visibility": "public",
            "isNew": false
        },
        {
            "organization": "knowagelabs",
            "key": "it.eng.knowage:spagobi-metamodel-core",
            "name": "spagobi-metamodel-core",
            "tags": [],
            "visibility": "public",
            "isNew": false
        },
        {
            "organization": "knowagelabs",
            "key": "it.eng.knowage:spagobi.birt.oda",
            "name": "spagobi.birt.oda",
            "tags": [],
            "visibility": "public",
            "isNew": false
        },
        {
            "organization": "triveni-prog",
            "key": "triveni-prog_spark",
            "name": "Spark",
            "tags": [],
            "visibility": "public",
            "isNew": false
        },
        {
            "organization": "spark-mobile-sdk",
            "key": "spark-android-sdk",
            "name": "spark-android-sdk",
            "tags": [],
            "visibility": "public",
            "isNew": false
        },
        {
            "organization": "spark-mobile-sdk",
            "key": "spark-ios-sdk",
            "name": "spark-ios-sdk",
            "tags": [],
            "visibility": "public",
            "isNew": false
        },
        {
            "organization": "mrijk",
            "key": "mrijk:speculaas",
            "name": "Speculaas",
            "tags": [],
            "visibility": "public",
            "isNew": false
        },
        {
            "organization": "spellbook-github",
            "key": "spellbook-mvc",
            "name": "spellbook-mvc",
            "tags": [],
            "visibility": "public",
            "isNew": false
        }
    ],
    "facets": [
        {
            "property": "languages",
            "values": [
                {
                    "val": "xml",
                    "count": 14841
                },
                {
                    "val": "web",
                    "count": 13243
                },
                {
                    "val": "java",
                    "count": 13146
                },
                {
                    "val": "css",
                    "count": 11598
                },
                {
                    "val": "js",
                    "count": 11506
                },
                {
                    "val": "cs",
                    "count": 6126
                },
                {
                    "val": "php",
                    "count": 2739
                },
                {
                    "val": "py",
                    "count": 2703
                },
                {
                    "val": "ts",
                    "count": 2054
                },
                {
                    "val": "c",
                    "count": 1733
                }
            ]
        },
        {
            "property": "ncloc",
            "values": [
                {
                    "val": "*-1000.0",
                    "count": 28144
                },
                {
                    "val": "1000.0-10000.0",
                    "count": 18879
                },
                {
                    "val": "10000.0-100000.0",
                    "count": 10810
                },
                {
                    "val": "100000.0-500000.0",
                    "count": 1997
                },
                {
                    "val": "500000.0-*",
                    "count": 378
                }
            ]
        }
    ]
}