{
    "paging": {
        "pageIndex": 919,
        "pageSize": 10,
        "total": 32070
    },
    "organizations": [
        {
            "key": "java_1804",
            "name": "java"
        },
        {
            "key": "saravshah",
            "name": "Sarav Shah"
        },
        {
            "key": "frbr1245-github",
            "name": "Wil Braun"
        },
        {
            "key": "ikillnukes-github",
            "name": "\u00c1lvaro"
        },
        {
            "key": "ilestis-github",
            "name": "Jay Payne"
        },
        {
            "key": "dokan-dev",
            "name": "dokan-dev"
        },
        {
            "key": "vijayeluri-github",
            "name": "VijayEluri"
        },
        {
            "key": "adorsys",
            "name": "adorsys"
        },
        {
            "key": "featuretogglestudy",
            "name": "FeatureToggleStudy"
        },
        {
            "key": "francescoz93",
            "name": "francescoZ93"
        }
    ],
    "components": [
        {
            "organization": "ikillnukes-github",
            "key": "lerp2api",
            "name": "lerp2api",
            "tags": [],
            "visibility": "public",
            "isNew": false
        },
        {
            "organization": "saravshah",
            "key": "SaravShah_preservation_catalog",
            "name": "preservation_catalog",
            "tags": [],
            "visibility": "public",
            "isNew": false
        },
        {
            "organization": "dokan-dev",
            "key": "dokany-dev-sys",
            "name": "dokany-sys",
            "tags": [],
            "visibility": "public",
            "isNew": false
        },
        {
            "organization": "francescoz93",
            "key": "francescoZ93_arquillian-core",
            "name": "Arquillian Aggregator",
            "tags": [],
            "visibility": "public",
            "eligibilityStatus": "COMPLETED",
            "eligible": false,
            "isNew": false
        },
        {
            "organization": "frbr1245-github",
            "key": "dw-key",
            "name": "dw-key",
            "tags": [],
            "visibility": "public",
            "isNew": false
        },
        {
            "organization": "vijayeluri-github",
            "key": "VijayEluri_jcifs",
            "name": "jCIFS",
            "tags": [],
            "visibility": "public",
            "isNew": false
        },
        {
            "organization": "ilestis-github",
            "key": "ilestis_miscellany",
            "name": "miscellany",
            "tags": [],
            "visibility": "public",
            "isNew": false
        },
        {
            "organization": "featuretogglestudy",
            "key": "FeatureToggleStudy_BahnhofsAbfahrten",
            "name": "BahnhofsAbfahrten",
            "tags": [],
            "visibility": "public",
            "isNew": false
        },
        {
            "organization": "java_1804",
            "key": "hcatalog_180410",
            "name": "hcatalog",
            "tags": [],
            "visibility": "public",
            "isNew": false
        },
        {
            "organization": "adorsys",
            "key": "adorsys_ledgers",
            "name": "Ledgers",
            "tags": [],
            "visibility": "public",
            "isNew": false
        }
    ],
    "facets": [
        {
            "property": "languages",
            "values": [
                {
                    "val": "xml",
                    "count": 14843
                },
                {
                    "val": "web",
                    "count": 13244
                },
                {
                    "val": "java",
                    "count": 13147
                },
                {
                    "val": "css",
                    "count": 11599
                },
                {
                    "val": "js",
                    "count": 11509
                },
                {
                    "val": "cs",
                    "count": 6127
                },
                {
                    "val": "php",
                    "count": 2740
                },
                {
                    "val": "py",
                    "count": 2703
                },
                {
                    "val": "ts",
                    "count": 2054
                },
                {
                    "val": "c",
                    "count": 1733
                }
            ]
        },
        {
            "property": "ncloc",
            "values": [
                {
                    "val": "*-1000.0",
                    "count": 28145
                },
                {
                    "val": "1000.0-10000.0",
                    "count": 18882
                },
                {
                    "val": "10000.0-100000.0",
                    "count": 10812
                },
                {
                    "val": "100000.0-500000.0",
                    "count": 1998
                },
                {
                    "val": "500000.0-*",
                    "count": 378
                }
            ]
        }
    ]
}