{
    "paging": {
        "pageIndex": 294,
        "pageSize": 10,
        "total": 32066
    },
    "organizations": [
        {
            "key": "arthurr19-bitbucket",
            "name": "Arthur Rubin"
        },
        {
            "key": "greenbuttonalliance",
            "name": "Green Button Alliance"
        },
        {
            "key": "darrylzero-github",
            "name": "plugins-repository"
        },
        {
            "key": "sagittatius-bitbucket",
            "name": "Qiao Qiao"
        },
        {
            "key": "slobanov-github",
            "name": "slobanov"
        },
        {
            "key": "gaurav-zag-team",
            "name": "Gaurav Goyal"
        },
        {
            "key": "easonwc-bitbucket",
            "name": "William Eason"
        },
        {
            "key": "commercetools",
            "name": "commercetools"
        },
        {
            "key": "exasol",
            "name": "Exasol"
        }
    ],
    "components": [
        {
            "organization": "gaurav-zag-team",
            "key": "HybrisTest",
            "name": "commercefacades",
            "tags": [],
            "visibility": "public",
            "isNew": false
        },
        {
            "organization": "commercetools",
            "key": "com.commercetools:commercetools-sync-java",
            "name": "commercetools-sync-java",
            "tags": [
                "commercetools",
                "sync",
                "products",
                "categories",
                "import"
            ],
            "visibility": "public",
            "isNew": false
        },
        {
            "organization": "greenbuttonalliance",
            "key": "GreenButtonAlliance_OpenESPI-Common-java",
            "name": "Common",
            "tags": [],
            "visibility": "public",
            "isNew": false
        },
        {
            "organization": "arthurr19-bitbucket",
            "key": "com.cisco.ipics:components",
            "name": "common",
            "tags": [],
            "visibility": "public",
            "isNew": false
        },
        {
            "organization": "sagittatius-bitbucket",
            "key": "com.thoughtworks.go:gocd:common",
            "name": "common",
            "tags": [],
            "visibility": "public",
            "isNew": false
        },
        {
            "organization": "easonwc-bitbucket",
            "key": "com.wceii:common",
            "name": "common",
            "tags": [],
            "visibility": "public",
            "isNew": false
        },
        {
            "organization": "exasol",
            "key": "com.exasol:virtual-schema-common-java",
            "name": "Common module of Exasol Virtual Schemas Adapters",
            "tags": [],
            "visibility": "public",
            "isNew": false
        },
        {
            "organization": "slobanov-github",
            "key": "ru.otus.springframework:common-parent",
            "name": "common-parent",
            "tags": [],
            "visibility": "public",
            "isNew": false
        },
        {
            "organization": "slobanov-github",
            "key": "ru.otus:common-parent",
            "name": "common-parent",
            "tags": [],
            "visibility": "public",
            "isNew": false
        },
        {
            "organization": "darrylzero-github",
            "key": "com.steammachine.org:common.utils",
            "name": "common.utils",
            "tags": [],
            "visibility": "public",
            "isNew": false
        }
    ],
    "facets": [
        {
            "property": "languages",
            "values": [
                {
                    "val": "xml",
                    "count": 14842
                },
                {
                    "val": "web",
                    "count": 13243
                },
                {
                    "val": "java",
                    "count": 13146
                },
                {
                    "val": "css",
                    "count": 11599
                },
                {
                    "val": "js",
                    "count": 11508
                },
                {
                    "val": "cs",
                    "count": 6126
                },
                {
                    "val": "php",
                    "count": 2740
                },
                {
                    "val": "py",
                    "count": 2703
                },
                {
                    "val": "ts",
                    "count": 2054
                },
                {
                    "val": "c",
                    "count": 1733
                }
            ]
        },
        {
            "property": "ncloc",
            "values": [
                {
                    "val": "*-1000.0",
                    "count": 28145
                },
                {
                    "val": "1000.0-10000.0",
                    "count": 18880
                },
                {
                    "val": "10000.0-100000.0",
                    "count": 10810
                },
                {
                    "val": "100000.0-500000.0",
                    "count": 1998
                },
                {
                    "val": "500000.0-*",
                    "count": 378
                }
            ]
        }
    ]
}