{
    "paging": {
        "pageIndex": 158,
        "pageSize": 10,
        "total": 32068
    },
    "organizations": [
        {
            "key": "freerjm-github",
            "name": "Jon Freer"
        },
        {
            "key": "dernasherbrezon-github",
            "name": "dernasherbrezon"
        },
        {
            "key": "lukelukic-github",
            "name": "lukelukic"
        },
        {
            "key": "danrbailey-github",
            "name": "Dan Bailey"
        },
        {
            "key": "intellias",
            "name": "intellias"
        },
        {
            "key": "hmcts",
            "name": "HMCTS"
        },
        {
            "key": "jolomoreno-github",
            "name": "Jose Lorenzo Moreno"
        },
        {
            "key": "erikkemperman-github",
            "name": "Erik Kemperman"
        },
        {
            "key": "v130391sc",
            "name": "v130391sc"
        },
        {
            "key": "grupp-one",
            "name": "GruppOne"
        }
    ],
    "components": [
        {
            "organization": "lukelukic-github",
            "key": "lukelukic_macrotracker",
            "name": "macrotracker",
            "tags": [],
            "visibility": "public",
            "isNew": false
        },
        {
            "organization": "danrbailey-github",
            "key": "openvdb",
            "name": "openvdb",
            "tags": [],
            "visibility": "public",
            "isNew": false
        },
        {
            "organization": "freerjm-github",
            "key": "com.freer:siren",
            "name": "siren-java",
            "tags": [],
            "visibility": "public",
            "isNew": false
        },
        {
            "organization": "grupp-one",
            "key": "GruppOne_stalker-server",
            "name": "stalker-server",
            "tags": [],
            "visibility": "public",
            "eligibilityStatus": "COMPLETED",
            "eligible": false,
            "isNew": false
        },
        {
            "organization": "dernasherbrezon-github",
            "key": "com.aerse.maven:deb-maven-plugin",
            "name": ".deb packages",
            "tags": [],
            "visibility": "public",
            "isNew": false
        },
        {
            "organization": "v130391sc",
            "key": "es.upm.miw:apaw-ep-sergio-cabrero-alvaro-bonilla",
            "name": "es.upm.miw.apaw-ep-sergio-cabrero-alvaro-bonilla",
            "tags": [],
            "visibility": "public",
            "isNew": false
        },
        {
            "organization": "jolomoreno-github",
            "key": "jolomoreno_APAW.ECP2.JoseLorenzoMoreno",
            "name": "es.upm.miw.APAW.ECP2.JoseLorenzoMoreno",
            "tags": [],
            "visibility": "public",
            "isNew": false
        },
        {
            "organization": "hmcts",
            "key": "vh-admin-web",
            "name": "hmcts/vh-admin-web",
            "tags": [],
            "visibility": "public",
            "isNew": false
        },
        {
            "organization": "intellias",
            "key": "Intellias-CQRS",
            "name": "Intellias-CQRS",
            "tags": [],
            "visibility": "public",
            "isNew": false
        },
        {
            "organization": "erikkemperman-github",
            "key": "io.github.jhipster:jhipster",
            "name": "JHipster core library",
            "tags": [],
            "visibility": "public",
            "isNew": false
        }
    ],
    "facets": [
        {
            "property": "languages",
            "values": [
                {
                    "val": "xml",
                    "count": 14842
                },
                {
                    "val": "web",
                    "count": 13244
                },
                {
                    "val": "java",
                    "count": 13146
                },
                {
                    "val": "css",
                    "count": 11600
                },
                {
                    "val": "js",
                    "count": 11509
                },
                {
                    "val": "cs",
                    "count": 6127
                },
                {
                    "val": "php",
                    "count": 2740
                },
                {
                    "val": "py",
                    "count": 2703
                },
                {
                    "val": "ts",
                    "count": 2054
                },
                {
                    "val": "c",
                    "count": 1733
                }
            ]
        },
        {
            "property": "ncloc",
            "values": [
                {
                    "val": "*-1000.0",
                    "count": 28145
                },
                {
                    "val": "1000.0-10000.0",
                    "count": 18881
                },
                {
                    "val": "10000.0-100000.0",
                    "count": 10811
                },
                {
                    "val": "100000.0-500000.0",
                    "count": 1998
                },
                {
                    "val": "500000.0-*",
                    "count": 378
                }
            ]
        }
    ]
}