{
    "paging": {
        "pageIndex": 733,
        "pageSize": 10,
        "total": 32068
    },
    "organizations": [
        {
            "key": "komposten-github",
            "name": "Komposten"
        },
        {
            "key": "jdb2de",
            "name": "jdb2de"
        },
        {
            "key": "plajer-lair",
            "name": "Plajer's Lair"
        },
        {
            "key": "revaturelabs-screenforce",
            "name": "Revature Labs"
        },
        {
            "key": "prathameshtajane-github",
            "name": "Prathamesh Tajane"
        },
        {
            "key": "jmsjr-github",
            "name": "jmsjr"
        },
        {
            "key": "helhum-github",
            "name": "Helmut Hummel"
        },
        {
            "key": "liushoukai-github",
            "name": "Kay"
        },
        {
            "key": "jbfraser1-github",
            "name": "JamieF SailScores Org"
        }
    ],
    "components": [
        {
            "organization": "prathameshtajane-github",
            "key": "solutions.algorithms:javaCodingChallenges",
            "name": "javaCodingChallenges",
            "tags": [],
            "visibility": "public",
            "isNew": false
        },
        {
            "organization": "jmsjr-github",
            "key": "au.edu.federation.caliko:caliko-aggregate",
            "name": "Caliko library Aggregate POM",
            "tags": [],
            "visibility": "public",
            "isNew": false
        },
        {
            "organization": "jdb2de",
            "key": "org.jdb2de:jdb2de-core",
            "name": "jdb2de-core",
            "tags": [],
            "visibility": "public",
            "isNew": false
        },
        {
            "organization": "liushoukai-github",
            "key": "org.ponderers.commons:commons-util",
            "name": "Ponderers Commons Util",
            "tags": [],
            "visibility": "public",
            "isNew": false
        },
        {
            "organization": "jbfraser1-github",
            "key": "jbfraser1_SailScores",
            "name": "SailScores",
            "tags": [],
            "visibility": "public",
            "eligibilityStatus": "COMPLETED",
            "eligible": false,
            "isNew": false
        },
        {
            "organization": "helhum-github",
            "key": "typo3-console",
            "name": "TYPO3 Console",
            "tags": [],
            "visibility": "public",
            "isNew": false
        },
        {
            "organization": "komposten-github",
            "key": "Komposten_VivaldiModder",
            "name": "VivaldiModder",
            "tags": [],
            "visibility": "public",
            "isNew": false
        },
        {
            "organization": "plajer-lair",
            "key": "Plajer-Lair_Village_Defense",
            "name": "VillageDefense",
            "tags": [],
            "visibility": "public",
            "isNew": false
        },
        {
            "organization": "revaturelabs-screenforce",
            "key": "caliber-2-quality-audit-service:pr/67",
            "name": "caliber-quality-audit-service pr/67",
            "tags": [],
            "visibility": "public",
            "isNew": false
        },
        {
            "organization": "revaturelabs-screenforce",
            "key": "caliber-2-quality-audit-service:pr/68",
            "name": "caliber-quality-audit-service pr/68",
            "tags": [],
            "visibility": "public",
            "isNew": false
        }
    ],
    "facets": [
        {
            "property": "languages",
            "values": [
                {
                    "val": "xml",
                    "count": 14842
                },
                {
                    "val": "web",
                    "count": 13244
                },
                {
                    "val": "java",
                    "count": 13146
                },
                {
                    "val": "css",
                    "count": 11600
                },
                {
                    "val": "js",
                    "count": 11509
                },
                {
                    "val": "cs",
                    "count": 6127
                },
                {
                    "val": "php",
                    "count": 2740
                },
                {
                    "val": "py",
                    "count": 2703
                },
                {
                    "val": "ts",
                    "count": 2054
                },
                {
                    "val": "c",
                    "count": 1733
                }
            ]
        },
        {
            "property": "ncloc",
            "values": [
                {
                    "val": "*-1000.0",
                    "count": 28145
                },
                {
                    "val": "1000.0-10000.0",
                    "count": 18881
                },
                {
                    "val": "10000.0-100000.0",
                    "count": 10811
                },
                {
                    "val": "100000.0-500000.0",
                    "count": 1998
                },
                {
                    "val": "500000.0-*",
                    "count": 378
                }
            ]
        }
    ]
}