{
    "paging": {
        "pageIndex": 626,
        "pageSize": 10,
        "total": 32070
    },
    "organizations": [
        {
            "key": "alessialoi",
            "name": "alessialoi"
        },
        {
            "key": "victormb",
            "name": "victormb19"
        },
        {
            "key": "vijayvani-github",
            "name": "vijayvani"
        },
        {
            "key": "virasafirfanavar",
            "name": "\u0648\u06cc\u0631\u0627 \u0633\u0641\u06cc\u0631 \u0641\u0646\u0627\u0648\u0631"
        },
        {
            "key": "sanderpost-github",
            "name": "sanderpost"
        },
        {
            "key": "jonathanloscalzo-github",
            "name": "Jonathan Loscalzo"
        },
        {
            "key": "ppiegaze",
            "name": "Peeter Piegaze"
        },
        {
            "key": "mediathekview",
            "name": "mediathekview"
        },
        {
            "key": "zozas-github",
            "name": "zozas"
        },
        {
            "key": "featuretogglestudy",
            "name": "FeatureToggleStudy"
        }
    ],
    "components": [
        {
            "organization": "ppiegaze",
            "key": "ppiegaze_NodeGame-SnowballFight",
            "name": "NodeGame-SnowballFight",
            "tags": [],
            "visibility": "public",
            "isNew": false
        },
        {
            "organization": "vijayvani-github",
            "key": "vijayvani_slick2d-maven",
            "name": "Slick2D Maven distribution - parent",
            "tags": [],
            "visibility": "public",
            "isNew": false
        },
        {
            "organization": "alessialoi",
            "key": "alessialoi_incubator-datasketches-java",
            "name": "datasketches-java",
            "tags": [],
            "visibility": "public",
            "eligibilityStatus": "COMPLETED",
            "eligible": false,
            "isNew": false
        },
        {
            "organization": "jonathanloscalzo-github",
            "key": "JonathanLoscalzo_RepairTracking",
            "name": "RepairTracking",
            "tags": [
                "react",
                "redux",
                "csharp",
                "asp.netcore",
                "mysql",
                "docker"
            ],
            "visibility": "public",
            "isNew": false
        },
        {
            "organization": "mediathekview",
            "key": "mediathekview:MediathekView:develop",
            "name": "MediathekView develop",
            "tags": [],
            "visibility": "public",
            "isNew": false
        },
        {
            "organization": "featuretogglestudy",
            "key": "FeatureToggleStudy_div-petitioner-frontend",
            "name": "div-petitioner-frontend",
            "tags": [],
            "visibility": "public",
            "isNew": false
        },
        {
            "organization": "virasafirfanavar",
            "key": "ViraSafirFanavar_itrip",
            "name": "itrip",
            "tags": [],
            "visibility": "public",
            "isNew": false
        },
        {
            "organization": "zozas-github",
            "key": "zozas_CocoaPods",
            "name": "CocoaPods",
            "tags": [
                "1.6.1"
            ],
            "visibility": "public",
            "isNew": false
        },
        {
            "organization": "victormb",
            "key": "victormb19_DiagramsCode",
            "name": "DiagramsCode",
            "tags": [],
            "visibility": "public",
            "isNew": false
        },
        {
            "organization": "sanderpost-github",
            "key": "sanderpost_jitsi-meet",
            "name": "jitsi-meet",
            "tags": [],
            "visibility": "public",
            "isNew": false
        }
    ],
    "facets": [
        {
            "property": "languages",
            "values": [
                {
                    "val": "xml",
                    "count": 14843
                },
                {
                    "val": "web",
                    "count": 13244
                },
                {
                    "val": "java",
                    "count": 13147
                },
                {
                    "val": "css",
                    "count": 11599
                },
                {
                    "val": "js",
                    "count": 11509
                },
                {
                    "val": "cs",
                    "count": 6127
                },
                {
                    "val": "php",
                    "count": 2740
                },
                {
                    "val": "py",
                    "count": 2703
                },
                {
                    "val": "ts",
                    "count": 2054
                },
                {
                    "val": "c",
                    "count": 1733
                }
            ]
        },
        {
            "property": "ncloc",
            "values": [
                {
                    "val": "*-1000.0",
                    "count": 28145
                },
                {
                    "val": "1000.0-10000.0",
                    "count": 18882
                },
                {
                    "val": "10000.0-100000.0",
                    "count": 10812
                },
                {
                    "val": "100000.0-500000.0",
                    "count": 1998
                },
                {
                    "val": "500000.0-*",
                    "count": 378
                }
            ]
        }
    ]
}