{
    "paging": {
        "pageIndex": 257,
        "pageSize": 10,
        "total": 32063
    },
    "organizations": [
        {
            "key": "kiran-sonawane71378",
            "name": "Kiran Sonawane"
        },
        {
            "key": "lolamanas",
            "name": "lolamanas"
        },
        {
            "key": "iojr-az400",
            "name": "LOsorioJr"
        },
        {
            "key": "school-project-uqam",
            "name": "school-project-uqam"
        },
        {
            "key": "regel-github",
            "name": "Sebastien Leger"
        },
        {
            "key": "gustavomcarmo-github",
            "name": "Esign Consulting"
        },
        {
            "key": "champiyann-github",
            "name": "Yann"
        },
        {
            "key": "steineggerroland-github",
            "name": "Roland Steinegger"
        },
        {
            "key": "wajja",
            "name": "WAJJA"
        },
        {
            "key": "ferdyrod-github",
            "name": "Ferdy Rodriguez"
        }
    ],
    "components": [
        {
            "organization": "gustavomcarmo-github",
            "key": "br.com.esign:logistics",
            "name": "logistics",
            "tags": [],
            "visibility": "public",
            "isNew": false
        },
        {
            "organization": "steineggerroland-github",
            "key": "one.steinegger.logistix:logistics-simulator",
            "name": "logistics-simulator",
            "tags": [],
            "visibility": "public",
            "isNew": false
        },
        {
            "organization": "wajja",
            "key": "wajja_logstash-filters",
            "name": "logstash-filters",
            "tags": [],
            "visibility": "public",
            "isNew": false
        },
        {
            "organization": "iojr-az400",
            "key": "LOJR-mslearn-tailspin-spacegame-web",
            "name": "LOJR-mslearn-tailspin-spacegame-web",
            "tags": [],
            "visibility": "public",
            "eligibilityStatus": "COMPLETED",
            "eligible": false,
            "isNew": false
        },
        {
            "organization": "lolamanas",
            "key": "lola_mana",
            "name": "lola",
            "tags": [],
            "visibility": "public",
            "isNew": false
        },
        {
            "organization": "champiyann-github",
            "key": "loopback-next",
            "name": "loopback-next",
            "tags": [],
            "visibility": "public",
            "isNew": false
        },
        {
            "organization": "ferdyrod-github",
            "key": "ferdyrod_LoQuiero",
            "name": "LoQuiero",
            "tags": [],
            "visibility": "public",
            "isNew": false
        },
        {
            "organization": "school-project-uqam",
            "key": "loremipsum-bank",
            "name": "loremipsum-bank",
            "tags": [],
            "visibility": "public",
            "isNew": false
        },
        {
            "organization": "regel-github",
            "key": "regel_loudml",
            "name": "loudml",
            "tags": [],
            "visibility": "public",
            "isNew": false
        },
        {
            "organization": "kiran-sonawane71378",
            "key": "LP_Gas_Phase_II_Front-end",
            "name": "LP_Gas_Phase_II_Front-end",
            "tags": [],
            "visibility": "public",
            "isNew": false
        }
    ],
    "facets": [
        {
            "property": "languages",
            "values": [
                {
                    "val": "xml",
                    "count": 14841
                },
                {
                    "val": "web",
                    "count": 13242
                },
                {
                    "val": "java",
                    "count": 13146
                },
                {
                    "val": "css",
                    "count": 11597
                },
                {
                    "val": "js",
                    "count": 11505
                },
                {
                    "val": "cs",
                    "count": 6126
                },
                {
                    "val": "php",
                    "count": 2739
                },
                {
                    "val": "py",
                    "count": 2703
                },
                {
                    "val": "ts",
                    "count": 2053
                },
                {
                    "val": "c",
                    "count": 1733
                }
            ]
        },
        {
            "property": "ncloc",
            "values": [
                {
                    "val": "*-1000.0",
                    "count": 28144
                },
                {
                    "val": "1000.0-10000.0",
                    "count": 18878
                },
                {
                    "val": "10000.0-100000.0",
                    "count": 10810
                },
                {
                    "val": "100000.0-500000.0",
                    "count": 1997
                },
                {
                    "val": "500000.0-*",
                    "count": 378
                }
            ]
        }
    ]
}