{
    "paging": {
        "pageIndex": 266,
        "pageSize": 10,
        "total": 32065
    },
    "organizations": [
        {
            "key": "cf",
            "name": "cf"
        },
        {
            "key": "clinical-genomics",
            "name": "Clinical Genomics"
        },
        {
            "key": "citation-file-format",
            "name": "citation-file-format"
        },
        {
            "key": "twenzel",
            "name": "Toni Wenzel"
        },
        {
            "key": "medullan",
            "name": "Medullan"
        },
        {
            "key": "cfwest",
            "name": "CrossFire: West Development"
        },
        {
            "key": "1909-sep30-net",
            "name": "1909-sep30-net"
        },
        {
            "key": "hexatomic",
            "name": "Hexatomic research project"
        },
        {
            "key": "emiliano-fama",
            "name": "Emiliano Fam\u00e1"
        },
        {
            "key": "powsybl-ci-github",
            "name": "powsybl"
        }
    ],
    "components": [
        {
            "organization": "hexatomic",
            "key": "hexatomic_cff-maven-plugin",
            "name": "CFF Maven Plugin",
            "tags": [],
            "visibility": "public",
            "eligibilityStatus": "COMPLETED",
            "eligible": false,
            "isNew": false
        },
        {
            "organization": "citation-file-format",
            "key": "citation-file-format_cff-converter-python",
            "name": "cff-converter-python",
            "tags": [],
            "visibility": "public",
            "eligibilityStatus": "COMPLETED",
            "eligible": true,
            "isNew": false
        },
        {
            "organization": "cf",
            "key": "cfv2",
            "name": "cfv2",
            "tags": [],
            "visibility": "public",
            "isNew": false
        },
        {
            "organization": "cfwest",
            "key": "cfna_cfwest-api",
            "name": "cfwest-api",
            "tags": [],
            "visibility": "public",
            "isNew": false
        },
        {
            "organization": "clinical-genomics",
            "key": "Clinical-Genomics_cg",
            "name": "cg",
            "tags": [],
            "visibility": "public",
            "eligibilityStatus": "COMPLETED",
            "eligible": true,
            "isNew": false
        },
        {
            "organization": "emiliano-fama",
            "key": "Emiliano-Fam\u00e1_cg-test",
            "name": "cg-test",
            "tags": [],
            "visibility": "public",
            "isNew": false
        },
        {
            "organization": "twenzel",
            "key": "twenzel_CGM",
            "name": "CGM",
            "tags": [],
            "visibility": "public",
            "isNew": false
        },
        {
            "organization": "1909-sep30-net",
            "key": "cgm-project-Angular",
            "name": "cgm-project-Angular",
            "tags": [],
            "visibility": "public",
            "isNew": false
        },
        {
            "organization": "powsybl-ci-github",
            "key": "com.powsybl:powsybl-cgmes-gl",
            "name": "CGMES GL",
            "tags": [],
            "visibility": "public",
            "isNew": false
        },
        {
            "organization": "medullan",
            "key": "cgx",
            "name": "cgx",
            "tags": [],
            "visibility": "public",
            "isNew": false
        }
    ],
    "facets": [
        {
            "property": "languages",
            "values": [
                {
                    "val": "xml",
                    "count": 14842
                },
                {
                    "val": "web",
                    "count": 13243
                },
                {
                    "val": "java",
                    "count": 13146
                },
                {
                    "val": "css",
                    "count": 11599
                },
                {
                    "val": "js",
                    "count": 11507
                },
                {
                    "val": "cs",
                    "count": 6126
                },
                {
                    "val": "php",
                    "count": 2740
                },
                {
                    "val": "py",
                    "count": 2703
                },
                {
                    "val": "ts",
                    "count": 2054
                },
                {
                    "val": "c",
                    "count": 1733
                }
            ]
        },
        {
            "property": "ncloc",
            "values": [
                {
                    "val": "*-1000.0",
                    "count": 28145
                },
                {
                    "val": "1000.0-10000.0",
                    "count": 18879
                },
                {
                    "val": "10000.0-100000.0",
                    "count": 10810
                },
                {
                    "val": "100000.0-500000.0",
                    "count": 1998
                },
                {
                    "val": "500000.0-*",
                    "count": 378
                }
            ]
        }
    ]
}