{
    "paging": {
        "pageIndex": 824,
        "pageSize": 10,
        "total": 32071
    },
    "organizations": [
        {
            "key": "virti-github",
            "name": "Krystian Sitarek"
        },
        {
            "key": "van-tienhoang-github",
            "name": "van-tienhoang"
        },
        {
            "key": "hhocine",
            "name": "hhocine"
        },
        {
            "key": "gramster-github",
            "name": "Graham Wheeler"
        },
        {
            "key": "danielruf-github",
            "name": "Daniel Ruf"
        },
        {
            "key": "jensderond-github",
            "name": "Jens"
        },
        {
            "key": "sweta-dsouza-github",
            "name": "sweta-dsouza"
        },
        {
            "key": "vsecretary",
            "name": "VirtualSecretary"
        },
        {
            "key": "voxmarkets",
            "name": "Vox Markets"
        }
    ],
    "components": [
        {
            "organization": "voxmarkets",
            "key": "vox-web-style",
            "name": "vox-web-style",
            "tags": [],
            "visibility": "public",
            "isNew": false
        },
        {
            "organization": "voxmarkets",
            "key": "vox-widgets",
            "name": "vox-widgets",
            "tags": [],
            "visibility": "public",
            "isNew": false
        },
        {
            "organization": "van-tienhoang-github",
            "key": "van-tienhoang_vscode",
            "name": "vscode",
            "tags": [],
            "visibility": "public",
            "isNew": false
        },
        {
            "organization": "gramster-github",
            "key": "vscode-python",
            "name": "vscode-python",
            "tags": [],
            "visibility": "public",
            "isNew": false
        },
        {
            "organization": "vsecretary",
            "key": "vsecretary",
            "name": "vsecretary",
            "tags": [],
            "visibility": "public",
            "isNew": false
        },
        {
            "organization": "hhocine",
            "key": "vsgallery-webapi",
            "name": "vsgallery-webapi",
            "tags": [],
            "visibility": "public",
            "isNew": false
        },
        {
            "organization": "sweta-dsouza-github",
            "key": "VSISONARCHECK",
            "name": "VSISONARCHECK",
            "tags": [],
            "visibility": "public",
            "isNew": false
        },
        {
            "organization": "virti-github",
            "key": "vtb",
            "name": "vtb",
            "tags": [],
            "visibility": "public",
            "isNew": false
        },
        {
            "organization": "danielruf-github",
            "key": "DanielRuf_vue",
            "name": "vue",
            "tags": [],
            "visibility": "public",
            "isNew": false
        },
        {
            "organization": "jensderond-github",
            "key": "Jensderond_vue-storefront",
            "name": "vue-storefront",
            "tags": [],
            "visibility": "public",
            "isNew": false
        }
    ],
    "facets": [
        {
            "property": "languages",
            "values": [
                {
                    "val": "xml",
                    "count": 14844
                },
                {
                    "val": "web",
                    "count": 13244
                },
                {
                    "val": "java",
                    "count": 13148
                },
                {
                    "val": "css",
                    "count": 11599
                },
                {
                    "val": "js",
                    "count": 11509
                },
                {
                    "val": "cs",
                    "count": 6127
                },
                {
                    "val": "php",
                    "count": 2740
                },
                {
                    "val": "py",
                    "count": 2703
                },
                {
                    "val": "ts",
                    "count": 2054
                },
                {
                    "val": "c",
                    "count": 1733
                }
            ]
        },
        {
            "property": "ncloc",
            "values": [
                {
                    "val": "*-1000.0",
                    "count": 28144
                },
                {
                    "val": "1000.0-10000.0",
                    "count": 18883
                },
                {
                    "val": "10000.0-100000.0",
                    "count": 10812
                },
                {
                    "val": "100000.0-500000.0",
                    "count": 1998
                },
                {
                    "val": "500000.0-*",
                    "count": 378
                }
            ]
        }
    ]
}