{
    "paging": {
        "pageIndex": 534,
        "pageSize": 10,
        "total": 32075
    },
    "organizations": [
        {
            "key": "cicdkishore",
            "name": "cicdkishore"
        },
        {
            "key": "cicdtest",
            "name": "cicdtest"
        },
        {
            "key": "swapnil201-github",
            "name": "swapnil201"
        },
        {
            "key": "caprettad-github",
            "name": "CaprettaD"
        },
        {
            "key": "alexanderi96",
            "name": "alexanderi96"
        },
        {
            "key": "evolane-cicdrefcase",
            "name": "evolane-cicdrefcase"
        },
        {
            "key": "taulantracaj",
            "name": "taulantracaj"
        },
        {
            "key": "orgagannarapu",
            "name": "Amargannarapu"
        },
        {
            "key": "cicdsession",
            "name": "cicdsession"
        }
    ],
    "components": [
        {
            "organization": "taulantracaj",
            "key": "CiCd.ProjectAzure",
            "name": "CiCd.ProjectAzure",
            "tags": [],
            "visibility": "public",
            "isNew": false
        },
        {
            "organization": "taulantracaj",
            "key": "taulantracaj_CiCd.ProjectAzure",
            "name": "CiCd.ProjectAzure",
            "tags": [],
            "visibility": "public",
            "isNew": false
        },
        {
            "organization": "cicdsession",
            "key": "cicd_session",
            "name": "cicd_session",
            "tags": [],
            "visibility": "public",
            "isNew": false
        },
        {
            "organization": "orgagannarapu",
            "key": "CICDDemo",
            "name": "CICDDemo",
            "tags": [],
            "visibility": "public",
            "isNew": false
        },
        {
            "organization": "cicdkishore",
            "key": "cicdkishore:com.bop.Shopping:BPASS",
            "name": "cicdkishore:BPASS",
            "tags": [],
            "visibility": "public",
            "isNew": false
        },
        {
            "organization": "swapnil201-github",
            "key": "osmosisCiCd",
            "name": "CiCdPipeling",
            "tags": [],
            "visibility": "public",
            "isNew": false
        },
        {
            "organization": "evolane-cicdrefcase",
            "key": "CiCdRefCase",
            "name": "CiCdRefCase",
            "tags": [],
            "visibility": "public",
            "isNew": false
        },
        {
            "organization": "cicdtest",
            "key": "cicdtest",
            "name": "cicdtest",
            "tags": [],
            "visibility": "public",
            "isNew": false
        },
        {
            "organization": "caprettad-github",
            "key": "CaprettaD_Cicerone",
            "name": "Cicerone",
            "tags": [],
            "visibility": "public",
            "isNew": false
        },
        {
            "organization": "alexanderi96",
            "key": "alexanderi96_cicerone",
            "name": "cicerone",
            "tags": [],
            "visibility": "public",
            "isNew": false
        }
    ],
    "facets": [
        {
            "property": "languages",
            "values": [
                {
                    "val": "xml",
                    "count": 14846
                },
                {
                    "val": "web",
                    "count": 13246
                },
                {
                    "val": "java",
                    "count": 13149
                },
                {
                    "val": "css",
                    "count": 11600
                },
                {
                    "val": "js",
                    "count": 11511
                },
                {
                    "val": "cs",
                    "count": 6127
                },
                {
                    "val": "php",
                    "count": 2740
                },
                {
                    "val": "py",
                    "count": 2704
                },
                {
                    "val": "ts",
                    "count": 2054
                },
                {
                    "val": "c",
                    "count": 1733
                }
            ]
        },
        {
            "property": "ncloc",
            "values": [
                {
                    "val": "*-1000.0",
                    "count": 28146
                },
                {
                    "val": "1000.0-10000.0",
                    "count": 18886
                },
                {
                    "val": "10000.0-100000.0",
                    "count": 10813
                },
                {
                    "val": "100000.0-500000.0",
                    "count": 1998
                },
                {
                    "val": "500000.0-*",
                    "count": 378
                }
            ]
        }
    ]
}