{
    "paging": {
        "pageIndex": 714,
        "pageSize": 10,
        "total": 32063
    },
    "organizations": [
        {
            "key": "navit",
            "name": "NAV"
        },
        {
            "key": "unmannedsystems-ucla-github",
            "name": "unmannedsystems-ucla"
        },
        {
            "key": "goatshriek-github",
            "name": "goatshriek"
        },
        {
            "key": "jensbannmann-incub8-bitbucket",
            "name": "jensbannmann-incub8-bitbucket"
        },
        {
            "key": "progettoispwstudio",
            "name": "progettoISPWstudio"
        },
        {
            "key": "contiinguniroma2",
            "name": "contiinguniroma2"
        },
        {
            "key": "chisel",
            "name": "Chisel"
        },
        {
            "key": "jonlabelle-github",
            "name": "jonlabelle-github"
        },
        {
            "key": "casualgaming",
            "name": "Casual Gaming"
        }
    ],
    "components": [
        {
            "organization": "contiinguniroma2",
            "key": "contiinguniroma2_Studio1.0",
            "name": "Studio1.0",
            "tags": [],
            "visibility": "public",
            "isNew": false
        },
        {
            "organization": "contiinguniroma2",
            "key": "contiinguniroma2_StudioApp",
            "name": "StudioApp",
            "tags": [],
            "visibility": "public",
            "isNew": false
        },
        {
            "organization": "progettoispwstudio",
            "key": "progettoISPWstudio_StudioRepo",
            "name": "StudioRepo",
            "tags": [],
            "visibility": "public",
            "isNew": false
        },
        {
            "organization": "casualgaming",
            "key": "CasualGaming_studlan",
            "name": "studlan",
            "tags": [],
            "visibility": "public",
            "isNew": false
        },
        {
            "organization": "goatshriek-github",
            "key": "stumpless",
            "name": "stumpless",
            "tags": [],
            "visibility": "public",
            "isNew": false
        },
        {
            "organization": "navit",
            "key": "navikt_su-se-framover",
            "name": "su-se-framover",
            "tags": [],
            "visibility": "public",
            "eligibilityStatus": "COMPLETED",
            "eligible": true,
            "isNew": true
        },
        {
            "organization": "unmannedsystems-ucla-github",
            "key": "suas_2018",
            "name": "suas_2018",
            "tags": [],
            "visibility": "public",
            "isNew": false
        },
        {
            "organization": "jonlabelle-github",
            "key": "org.jonlabelle-github:SublimeJsPrettier",
            "name": "SublimeJsPrettier",
            "tags": [
                "python",
                "editor",
                "sublimetext"
            ],
            "visibility": "public",
            "isNew": false
        },
        {
            "organization": "chisel",
            "key": "submission",
            "name": "submission",
            "tags": [],
            "visibility": "public",
            "isNew": false
        },
        {
            "organization": "jensbannmann-incub8-bitbucket",
            "key": "nitrox",
            "name": "Subnautica Nitrox",
            "tags": [],
            "visibility": "public",
            "isNew": false
        }
    ],
    "facets": [
        {
            "property": "languages",
            "values": [
                {
                    "val": "xml",
                    "count": 14841
                },
                {
                    "val": "web",
                    "count": 13242
                },
                {
                    "val": "java",
                    "count": 13146
                },
                {
                    "val": "css",
                    "count": 11597
                },
                {
                    "val": "js",
                    "count": 11505
                },
                {
                    "val": "cs",
                    "count": 6126
                },
                {
                    "val": "php",
                    "count": 2739
                },
                {
                    "val": "py",
                    "count": 2703
                },
                {
                    "val": "ts",
                    "count": 2053
                },
                {
                    "val": "c",
                    "count": 1733
                }
            ]
        },
        {
            "property": "ncloc",
            "values": [
                {
                    "val": "*-1000.0",
                    "count": 28145
                },
                {
                    "val": "1000.0-10000.0",
                    "count": 18878
                },
                {
                    "val": "10000.0-100000.0",
                    "count": 10810
                },
                {
                    "val": "100000.0-500000.0",
                    "count": 1997
                },
                {
                    "val": "500000.0-*",
                    "count": 378
                }
            ]
        }
    ]
}