{
    "paging": {
        "pageIndex": 31,
        "pageSize": 10,
        "total": 32063
    },
    "organizations": [
        {
            "key": "hbfernandes",
            "name": "Hilario Fernandes"
        },
        {
            "key": "stop-da-cidadania",
            "name": "Stop da Cidadania"
        },
        {
            "key": "playground-ammar",
            "name": "playground-ammar"
        },
        {
            "key": "conni2461-github",
            "name": "Simon Hauser"
        },
        {
            "key": "potherca-github",
            "name": "Potherca"
        },
        {
            "key": "bpetridis-github",
            "name": "Bill P"
        },
        {
            "key": "apache",
            "name": "The Apache Software Foundation"
        },
        {
            "key": "skilvioo",
            "name": "skilvioo"
        },
        {
            "key": "playground-ammara",
            "name": "playground-ammara"
        }
    ],
    "components": [
        {
            "organization": "apache",
            "key": "apache_incubator-tamaya",
            "name": "Apache Tamaya Base",
            "tags": [
                "tamaya"
            ],
            "visibility": "public",
            "isNew": false
        },
        {
            "organization": "apache",
            "key": "apache_incubator-tamaya-extensions",
            "name": "Apache Tamaya Extensions",
            "tags": [
                "tamaya"
            ],
            "visibility": "public",
            "isNew": false
        },
        {
            "organization": "hbfernandes",
            "key": "pentaho:pentaho-vfs-browser",
            "name": "Apache VFS Browser",
            "tags": [],
            "visibility": "public",
            "isNew": false
        },
        {
            "organization": "potherca-github",
            "key": "Potherca_ApacheDirectoryListTheming",
            "name": "ApacheDirectoryListTheming",
            "tags": [],
            "visibility": "public",
            "eligibilityStatus": "COMPLETED",
            "eligible": true,
            "isNew": false
        },
        {
            "organization": "conni2461-github",
            "key": "ApEngine",
            "name": "ApEngine",
            "tags": [],
            "visibility": "public",
            "isNew": false
        },
        {
            "organization": "bpetridis-github",
            "key": "Apex",
            "name": "Apex",
            "tags": [],
            "visibility": "public",
            "isNew": false
        },
        {
            "organization": "stop-da-cidadania",
            "key": "stop-da-cidadania",
            "name": "api",
            "tags": [],
            "visibility": "public",
            "isNew": false
        },
        {
            "organization": "skilvioo",
            "key": "pepite-api",
            "name": "API of pepite",
            "tags": [],
            "visibility": "public",
            "isNew": false
        },
        {
            "organization": "playground-ammar",
            "key": "ApiPlayground-Ammar",
            "name": "Api Playground",
            "tags": [],
            "visibility": "public",
            "isNew": false
        },
        {
            "organization": "playground-ammara",
            "key": "ApiPlayground-AmmarA",
            "name": "Api Playground",
            "tags": [],
            "visibility": "public",
            "isNew": false
        }
    ],
    "facets": [
        {
            "property": "languages",
            "values": [
                {
                    "val": "xml",
                    "count": 14841
                },
                {
                    "val": "web",
                    "count": 13242
                },
                {
                    "val": "java",
                    "count": 13146
                },
                {
                    "val": "css",
                    "count": 11597
                },
                {
                    "val": "js",
                    "count": 11505
                },
                {
                    "val": "cs",
                    "count": 6126
                },
                {
                    "val": "php",
                    "count": 2739
                },
                {
                    "val": "py",
                    "count": 2703
                },
                {
                    "val": "ts",
                    "count": 2053
                },
                {
                    "val": "c",
                    "count": 1733
                }
            ]
        },
        {
            "property": "ncloc",
            "values": [
                {
                    "val": "*-1000.0",
                    "count": 28145
                },
                {
                    "val": "1000.0-10000.0",
                    "count": 18878
                },
                {
                    "val": "10000.0-100000.0",
                    "count": 10810
                },
                {
                    "val": "100000.0-500000.0",
                    "count": 1997
                },
                {
                    "val": "500000.0-*",
                    "count": 378
                }
            ]
        }
    ]
}