{
    "paging": {
        "pageIndex": 226,
        "pageSize": 10,
        "total": 32068
    },
    "organizations": [
        {
            "key": "nsvir-github",
            "name": "Svirchevsky Nicolas"
        },
        {
            "key": "elsantner",
            "name": "elsantner"
        },
        {
            "key": "francsci-github",
            "name": "Francsci"
        },
        {
            "key": "hazel97-github",
            "name": "hazel97"
        }
    ],
    "components": [
        {
            "organization": "nsvir-github",
            "key": "com.pubnub:pubnub-gson",
            "name": "pubnub-gson",
            "tags": [],
            "visibility": "public",
            "isNew": false
        },
        {
            "organization": "elsantner",
            "key": "RiskBoardGame",
            "name": "RiskBoardGame",
            "tags": [],
            "visibility": "public",
            "isNew": false
        },
        {
            "organization": "francsci-github",
            "key": "Alba",
            "name": "RoaringBitmapParent",
            "tags": [],
            "visibility": "public",
            "isNew": false
        },
        {
            "organization": "francsci-github",
            "key": "Yeah",
            "name": "RoaringBitmapParent",
            "tags": [],
            "visibility": "public",
            "isNew": false
        },
        {
            "organization": "francsci-github",
            "key": "cavallo",
            "name": "RoaringBitmapParent",
            "tags": [],
            "visibility": "public",
            "isNew": false
        },
        {
            "organization": "francsci-github",
            "key": "martinelli",
            "name": "RoaringBitmapParent",
            "tags": [],
            "visibility": "public",
            "isNew": false
        },
        {
            "organization": "francsci-github",
            "key": "michelangelo",
            "name": "RoaringBitmapParent",
            "tags": [],
            "visibility": "public",
            "isNew": false
        },
        {
            "organization": "hazel97-github",
            "key": "mode2",
            "name": "RoaringBitmapParent",
            "tags": [],
            "visibility": "public",
            "isNew": false
        },
        {
            "organization": "francsci-github",
            "key": "myriam",
            "name": "RoaringBitmapParent",
            "tags": [],
            "visibility": "public",
            "isNew": false
        },
        {
            "organization": "francsci-github",
            "key": "pony",
            "name": "RoaringBitmapParent",
            "tags": [],
            "visibility": "public",
            "isNew": false
        }
    ],
    "facets": [
        {
            "property": "languages",
            "values": [
                {
                    "val": "xml",
                    "count": 14842
                },
                {
                    "val": "web",
                    "count": 13244
                },
                {
                    "val": "java",
                    "count": 13146
                },
                {
                    "val": "css",
                    "count": 11600
                },
                {
                    "val": "js",
                    "count": 11509
                },
                {
                    "val": "cs",
                    "count": 6127
                },
                {
                    "val": "php",
                    "count": 2740
                },
                {
                    "val": "py",
                    "count": 2703
                },
                {
                    "val": "ts",
                    "count": 2054
                },
                {
                    "val": "c",
                    "count": 1733
                }
            ]
        },
        {
            "property": "ncloc",
            "values": [
                {
                    "val": "*-1000.0",
                    "count": 28145
                },
                {
                    "val": "1000.0-10000.0",
                    "count": 18881
                },
                {
                    "val": "10000.0-100000.0",
                    "count": 10811
                },
                {
                    "val": "100000.0-500000.0",
                    "count": 1998
                },
                {
                    "val": "500000.0-*",
                    "count": 378
                }
            ]
        }
    ]
}