{
    "paging": {
        "pageIndex": 514,
        "pageSize": 10,
        "total": 32063
    },
    "organizations": [
        {
            "key": "flavia-p",
            "name": "flavia-p"
        },
        {
            "key": "kiran-sonawane71378",
            "name": "Kiran Sonawane"
        },
        {
            "key": "goloinc",
            "name": "goloinc"
        },
        {
            "key": "kentico-github",
            "name": "Kentico-github"
        },
        {
            "key": "deloittearjun",
            "name": "deloittearjun"
        },
        {
            "key": "gerardhysa-github",
            "name": "gerardhysa"
        },
        {
            "key": "kiransonawane2003-github",
            "name": "KiranSonawane2003"
        },
        {
            "key": "lucavaiana",
            "name": "Luca Vaiana"
        }
    ],
    "components": [
        {
            "organization": "lucavaiana",
            "key": "LucaVaiana_Deliverable1",
            "name": "Deliverable1",
            "tags": [],
            "visibility": "public",
            "eligibilityStatus": "COMPLETED",
            "eligible": false,
            "isNew": true
        },
        {
            "organization": "flavia-p",
            "key": "flavia-p_Deliverable2",
            "name": "Deliverable2",
            "tags": [],
            "visibility": "public",
            "isNew": false
        },
        {
            "organization": "kentico-github",
            "key": "com.kenticocloud:delivery-sdk-java",
            "name": "delivery-sdk-java",
            "tags": [],
            "visibility": "public",
            "isNew": false
        },
        {
            "organization": "goloinc",
            "key": "com.fansentertainment:delivery-service",
            "name": "delivery-service",
            "tags": [],
            "visibility": "public",
            "isNew": false
        },
        {
            "organization": "gerardhysa-github",
            "key": "delly",
            "name": "delly",
            "tags": [],
            "visibility": "public",
            "isNew": false
        },
        {
            "organization": "gerardhysa-github",
            "key": "delly1",
            "name": "delly1",
            "tags": [],
            "visibility": "public",
            "isNew": false
        },
        {
            "organization": "deloittearjun",
            "key": "deloiitearjun",
            "name": "deloiitearjun",
            "tags": [],
            "visibility": "public",
            "isNew": false
        },
        {
            "organization": "kiran-sonawane71378",
            "key": "Deloitte_Internal_Portal",
            "name": "Deloitte_Internal_Portal",
            "tags": [],
            "visibility": "public",
            "isNew": false
        },
        {
            "organization": "kiransonawane2003-github",
            "key": "KiranSonawane2003_Deloitte_Portal",
            "name": "Deloitte_Portal",
            "tags": [],
            "visibility": "public",
            "isNew": false
        },
        {
            "organization": "kiransonawane2003-github",
            "key": "KiranSonawane2003_Deloitte_portal-3",
            "name": "Deloitte_portal-3",
            "tags": [],
            "visibility": "public",
            "isNew": false
        }
    ],
    "facets": [
        {
            "property": "languages",
            "values": [
                {
                    "val": "xml",
                    "count": 14840
                },
                {
                    "val": "web",
                    "count": 13241
                },
                {
                    "val": "java",
                    "count": 13146
                },
                {
                    "val": "css",
                    "count": 11596
                },
                {
                    "val": "js",
                    "count": 11504
                },
                {
                    "val": "cs",
                    "count": 6126
                },
                {
                    "val": "php",
                    "count": 2739
                },
                {
                    "val": "py",
                    "count": 2703
                },
                {
                    "val": "ts",
                    "count": 2053
                },
                {
                    "val": "c",
                    "count": 1733
                }
            ]
        },
        {
            "property": "ncloc",
            "values": [
                {
                    "val": "*-1000.0",
                    "count": 28143
                },
                {
                    "val": "1000.0-10000.0",
                    "count": 18880
                },
                {
                    "val": "10000.0-100000.0",
                    "count": 10809
                },
                {
                    "val": "100000.0-500000.0",
                    "count": 1996
                },
                {
                    "val": "500000.0-*",
                    "count": 378
                }
            ]
        }
    ]
}