{
    "paging": {
        "pageIndex": 608,
        "pageSize": 10,
        "total": 32066
    },
    "organizations": [
        {
            "key": "mluisa-gd-github",
            "name": "mluisa-gd"
        },
        {
            "key": "alu0100844665-github",
            "name": "alu0100844665"
        },
        {
            "key": "jsx",
            "name": "Pedro Blanc"
        },
        {
            "key": "lorislab",
            "name": "lorislab"
        },
        {
            "key": "2002-feb24-net",
            "name": "2002-feb24-net"
        },
        {
            "key": "mishaelharrison",
            "name": "MishaelHarrison"
        },
        {
            "key": "xenoamess-github",
            "name": "XenoAmess"
        },
        {
            "key": "cliffordroche",
            "name": "Clifford Roche"
        },
        {
            "key": "silveranstavern-github",
            "name": "Donald Clements"
        }
    ],
    "components": [
        {
            "organization": "silveranstavern-github",
            "key": "P2Notify",
            "name": "P2Notify",
            "tags": [],
            "visibility": "public",
            "isNew": false
        },
        {
            "organization": "cliffordroche",
            "key": "p2pp",
            "name": "p2pp",
            "tags": [],
            "visibility": "public",
            "isNew": false
        },
        {
            "organization": "mishaelharrison",
            "key": "P3",
            "name": "P3",
            "tags": [],
            "visibility": "public",
            "isNew": false
        },
        {
            "organization": "2002-feb24-net",
            "key": "2002-feb24-net_Fur2FeathersNg-project3",
            "name": "p3-f2f-ng",
            "tags": [],
            "visibility": "public",
            "isNew": false
        },
        {
            "organization": "mluisa-gd-github",
            "key": "p3bb",
            "name": "p3bb",
            "tags": [],
            "visibility": "public",
            "isNew": false
        },
        {
            "organization": "xenoamess-github",
            "key": "p3c-idea",
            "name": "p3c-common",
            "tags": [],
            "visibility": "public",
            "isNew": false
        },
        {
            "organization": "jsx",
            "key": "pedroblanc_p5x-playground",
            "name": "p5x-playground",
            "tags": [],
            "visibility": "public",
            "eligibilityStatus": "COMPLETED",
            "eligible": true,
            "isNew": true
        },
        {
            "organization": "lorislab",
            "key": "org.lorislab.p6:p6-data",
            "name": "p6-data",
            "tags": [],
            "visibility": "public",
            "isNew": false
        },
        {
            "organization": "lorislab",
            "key": "org.lorislab.p6:p6-executor",
            "name": "p6-executor",
            "tags": [],
            "visibility": "public",
            "isNew": false
        },
        {
            "organization": "alu0100844665-github",
            "key": "p7_aeda_v1",
            "name": "p7_aeda",
            "tags": [],
            "visibility": "public",
            "isNew": false
        }
    ],
    "facets": [
        {
            "property": "languages",
            "values": [
                {
                    "val": "xml",
                    "count": 14842
                },
                {
                    "val": "web",
                    "count": 13243
                },
                {
                    "val": "java",
                    "count": 13146
                },
                {
                    "val": "css",
                    "count": 11599
                },
                {
                    "val": "js",
                    "count": 11508
                },
                {
                    "val": "cs",
                    "count": 6126
                },
                {
                    "val": "php",
                    "count": 2740
                },
                {
                    "val": "py",
                    "count": 2703
                },
                {
                    "val": "ts",
                    "count": 2054
                },
                {
                    "val": "c",
                    "count": 1733
                }
            ]
        },
        {
            "property": "ncloc",
            "values": [
                {
                    "val": "*-1000.0",
                    "count": 28145
                },
                {
                    "val": "1000.0-10000.0",
                    "count": 18880
                },
                {
                    "val": "10000.0-100000.0",
                    "count": 10810
                },
                {
                    "val": "100000.0-500000.0",
                    "count": 1998
                },
                {
                    "val": "500000.0-*",
                    "count": 378
                }
            ]
        }
    ]
}