{
    "paging": {
        "pageIndex": 171,
        "pageSize": 10,
        "total": 32064
    },
    "organizations": [
        {
            "key": "montreal",
            "name": "montreal"
        },
        {
            "key": "joaophellip-github",
            "name": "Joao Phellip"
        },
        {
            "key": "jackbtroop62-github",
            "name": "Jack Buckon"
        },
        {
            "key": "jalvaradol",
            "name": "JAIME ALVARADO VALIENTE"
        },
        {
            "key": "fish",
            "name": "fish"
        },
        {
            "key": "jolozanop",
            "name": "Jose Ramon Lozano Pinilla"
        },
        {
            "key": "jbc25-github",
            "name": "Julio"
        },
        {
            "key": "ivanalvarado-bitbucket",
            "name": "Ivan Alvarado"
        },
        {
            "key": "juanrodicio-github",
            "name": "Juan Antonio Rodicio L\u00f3pez"
        },
        {
            "key": "huaqia-github",
            "name": "Huang Qiang"
        }
    ],
    "components": [
        {
            "organization": "huaqia-github",
            "key": "huaqia_aafont",
            "name": "app",
            "tags": [],
            "visibility": "public",
            "isNew": false
        },
        {
            "organization": "ivanalvarado-bitbucket",
            "key": "ivanalvarado_slug-loop",
            "name": "app",
            "tags": [],
            "visibility": "public",
            "isNew": false
        },
        {
            "organization": "jackbtroop62-github",
            "key": "jackbtroop62_AR-Space",
            "name": "app",
            "tags": [],
            "visibility": "public",
            "isNew": false
        },
        {
            "organization": "jalvaradol",
            "key": "jalvaradol_ga03proyecto-fork",
            "name": "app",
            "tags": [],
            "visibility": "public",
            "isNew": false
        },
        {
            "organization": "jbc25-github",
            "key": "jbc25_MonedaMES",
            "name": "app",
            "tags": [],
            "visibility": "public",
            "isNew": false
        },
        {
            "organization": "joaophellip-github",
            "key": "joaophellip_MVP",
            "name": "app",
            "tags": [],
            "visibility": "public",
            "isNew": false
        },
        {
            "organization": "jolozanop",
            "key": "jolozanop_gc02proyecto_srnaranja",
            "name": "app",
            "tags": [],
            "visibility": "public",
            "isNew": false
        },
        {
            "organization": "juanrodicio-github",
            "key": "juanrodicio_AllergioApp",
            "name": "app",
            "tags": [],
            "visibility": "public",
            "isNew": false
        },
        {
            "organization": "fish",
            "key": "kech",
            "name": "app",
            "tags": [],
            "visibility": "public",
            "isNew": false
        },
        {
            "organization": "montreal",
            "key": "ketch",
            "name": "app",
            "tags": [],
            "visibility": "public",
            "isNew": false
        }
    ],
    "facets": [
        {
            "property": "languages",
            "values": [
                {
                    "val": "xml",
                    "count": 14841
                },
                {
                    "val": "web",
                    "count": 13242
                },
                {
                    "val": "java",
                    "count": 13146
                },
                {
                    "val": "css",
                    "count": 11597
                },
                {
                    "val": "js",
                    "count": 11505
                },
                {
                    "val": "cs",
                    "count": 6126
                },
                {
                    "val": "php",
                    "count": 2740
                },
                {
                    "val": "py",
                    "count": 2703
                },
                {
                    "val": "ts",
                    "count": 2053
                },
                {
                    "val": "c",
                    "count": 1733
                }
            ]
        },
        {
            "property": "ncloc",
            "values": [
                {
                    "val": "*-1000.0",
                    "count": 28144
                },
                {
                    "val": "1000.0-10000.0",
                    "count": 18879
                },
                {
                    "val": "10000.0-100000.0",
                    "count": 10810
                },
                {
                    "val": "100000.0-500000.0",
                    "count": 1997
                },
                {
                    "val": "500000.0-*",
                    "count": 378
                }
            ]
        }
    ]
}