{
    "paging": {
        "pageIndex": 239,
        "pageSize": 10,
        "total": 32070
    },
    "organizations": [
        {
            "key": "kvjavaxxx",
            "name": "SoftServe ITA Kv-030.Java"
        }
    ],
    "components": [
        {
            "organization": "kvjavaxxx",
            "key": "ua.softserve.academy.kv030:auth-service:angular_integration",
            "name": "auth-service angular_integration",
            "tags": [],
            "visibility": "public",
            "isNew": false
        },
        {
            "organization": "kvjavaxxx",
            "key": "ua.softserve.academy.kv030:auth-service:ChangeDatabase",
            "name": "auth-service ChangeDatabase",
            "tags": [],
            "visibility": "public",
            "isNew": false
        },
        {
            "organization": "kvjavaxxx",
            "key": "ua.softserve.academy.kv030:auth-service:cipher_refactor",
            "name": "auth-service cipher_refactor",
            "tags": [],
            "visibility": "public",
            "isNew": false
        },
        {
            "organization": "kvjavaxxx",
            "key": "ua.softserve.academy.kv030:auth-service:CipherService",
            "name": "auth-service CipherService",
            "tags": [],
            "visibility": "public",
            "isNew": false
        },
        {
            "organization": "kvjavaxxx",
            "key": "ua.softserve.academy.kv030:auth-service:clean_expired_files",
            "name": "auth-service clean_expired_files",
            "tags": [],
            "visibility": "public",
            "isNew": false
        },
        {
            "organization": "kvjavaxxx",
            "key": "ua.softserve.academy.kv030:auth-service:clean_service_fix",
            "name": "auth-service clean_service_fix",
            "tags": [],
            "visibility": "public",
            "isNew": false
        },
        {
            "organization": "kvjavaxxx",
            "key": "ua.softserve.academy.kv030:auth-service:controllers",
            "name": "auth-service controllers",
            "tags": [],
            "visibility": "public",
            "isNew": false
        },
        {
            "organization": "kvjavaxxx",
            "key": "ua.softserve.academy.kv030:auth-service:dao",
            "name": "auth-service dao",
            "tags": [],
            "visibility": "public",
            "isNew": false
        },
        {
            "organization": "kvjavaxxx",
            "key": "ua.softserve.academy.kv030:auth-service:DAO_layer_update",
            "name": "auth-service DAO_layer_update",
            "tags": [],
            "visibility": "public",
            "isNew": false
        },
        {
            "organization": "kvjavaxxx",
            "key": "ua.softserve.academy.kv030:auth-service:demo",
            "name": "auth-service demo",
            "tags": [],
            "visibility": "public",
            "isNew": false
        }
    ],
    "facets": [
        {
            "property": "languages",
            "values": [
                {
                    "val": "xml",
                    "count": 14843
                },
                {
                    "val": "web",
                    "count": 13244
                },
                {
                    "val": "java",
                    "count": 13147
                },
                {
                    "val": "css",
                    "count": 11599
                },
                {
                    "val": "js",
                    "count": 11509
                },
                {
                    "val": "cs",
                    "count": 6127
                },
                {
                    "val": "php",
                    "count": 2740
                },
                {
                    "val": "py",
                    "count": 2703
                },
                {
                    "val": "ts",
                    "count": 2054
                },
                {
                    "val": "c",
                    "count": 1733
                }
            ]
        },
        {
            "property": "ncloc",
            "values": [
                {
                    "val": "*-1000.0",
                    "count": 28145
                },
                {
                    "val": "1000.0-10000.0",
                    "count": 18882
                },
                {
                    "val": "10000.0-100000.0",
                    "count": 10812
                },
                {
                    "val": "100000.0-500000.0",
                    "count": 1998
                },
                {
                    "val": "500000.0-*",
                    "count": 378
                }
            ]
        }
    ]
}