{
    "paging": {
        "pageIndex": 973,
        "pageSize": 10,
        "total": 32066
    },
    "organizations": [
        {
            "key": "dita-ot-plugins",
            "name": "dita-ot-plugins"
        },
        {
            "key": "navit",
            "name": "NAV"
        },
        {
            "key": "30lines",
            "name": "30 Lines"
        },
        {
            "key": "parham21-github",
            "name": "Parham Ghasemloo"
        },
        {
            "key": "foxmoat",
            "name": "foxmoat"
        },
        {
            "key": "dcusoft",
            "name": "dcusoft"
        },
        {
            "key": "felipehermosilla-github",
            "name": "Felipe Hermosilla"
        },
        {
            "key": "nsi2019",
            "name": "nsi2019"
        }
    ],
    "components": [
        {
            "organization": "dcusoft",
            "key": "dcusoft_fourcapital",
            "name": "fourcapital",
            "tags": [],
            "visibility": "public",
            "isNew": false
        },
        {
            "organization": "dita-ot-plugins",
            "key": "fox.jason.audiobook",
            "name": "fox.jason.audiobook",
            "tags": [],
            "visibility": "public",
            "isNew": false
        },
        {
            "organization": "dita-ot-plugins",
            "key": "fox.jason.translate.xliff",
            "name": "fox.jason.translate.xliff",
            "tags": [],
            "visibility": "public",
            "isNew": false
        },
        {
            "organization": "dita-ot-plugins",
            "key": "fox.jason.unit-test",
            "name": "fox.jason.unit-test",
            "tags": [],
            "visibility": "public",
            "isNew": false
        },
        {
            "organization": "parham21-github",
            "key": "Parham21_Fox_git",
            "name": "Fox_git",
            "tags": [],
            "visibility": "public",
            "isNew": false
        },
        {
            "organization": "30lines",
            "key": "fox_valley:dev",
            "name": "Fox_Valley",
            "tags": [],
            "visibility": "public",
            "isNew": false
        },
        {
            "organization": "foxmoat",
            "key": "foxmoat_mslearn-tailspin-spacegame-web",
            "name": "foxmoat_mslearn-tailspin-spacegame-web",
            "tags": [],
            "visibility": "public",
            "isNew": false
        },
        {
            "organization": "nsi2019",
            "key": "Foxtrot.AvailabilityLeave",
            "name": "Foxtrot.AvailabilityLeave",
            "tags": [],
            "visibility": "public",
            "isNew": false
        },
        {
            "organization": "navit",
            "key": "navikt_fp-formidling",
            "name": "FP-FORMIDLING :: Root",
            "tags": [],
            "visibility": "public",
            "isNew": false
        },
        {
            "organization": "felipehermosilla-github",
            "key": "felipehermosilla_fp-psp-frontend",
            "name": "fp-psp-frontend",
            "tags": [],
            "visibility": "public",
            "isNew": false
        }
    ],
    "facets": [
        {
            "property": "languages",
            "values": [
                {
                    "val": "xml",
                    "count": 14842
                },
                {
                    "val": "web",
                    "count": 13243
                },
                {
                    "val": "java",
                    "count": 13146
                },
                {
                    "val": "css",
                    "count": 11599
                },
                {
                    "val": "js",
                    "count": 11508
                },
                {
                    "val": "cs",
                    "count": 6126
                },
                {
                    "val": "php",
                    "count": 2740
                },
                {
                    "val": "py",
                    "count": 2703
                },
                {
                    "val": "ts",
                    "count": 2054
                },
                {
                    "val": "c",
                    "count": 1733
                }
            ]
        },
        {
            "property": "ncloc",
            "values": [
                {
                    "val": "*-1000.0",
                    "count": 28145
                },
                {
                    "val": "1000.0-10000.0",
                    "count": 18880
                },
                {
                    "val": "10000.0-100000.0",
                    "count": 10810
                },
                {
                    "val": "100000.0-500000.0",
                    "count": 1998
                },
                {
                    "val": "500000.0-*",
                    "count": 378
                }
            ]
        }
    ]
}