{
    "paging": {
        "pageIndex": 763,
        "pageSize": 10,
        "total": 32072
    },
    "organizations": [
        {
            "key": "30lines",
            "name": "30 Lines"
        },
        {
            "key": "concealnetwork",
            "name": "ConcealNetwork"
        },
        {
            "key": "priyi00",
            "name": "PRIYI00"
        },
        {
            "key": "paweln1975",
            "name": "paweln1975"
        },
        {
            "key": "virtocommerce",
            "name": "virtocommerce"
        },
        {
            "key": "pierrepinon-github",
            "name": "Pierre Pinon"
        },
        {
            "key": "rlanhellas-github",
            "name": "Ronaldo Lanhellas"
        },
        {
            "key": "jellyfin",
            "name": "Jellyfin"
        },
        {
            "key": "mgrodriguez3-github",
            "name": "mgrodriguez3"
        },
        {
            "key": "jstemerdink-github",
            "name": "Jeroen"
        }
    ],
    "components": [
        {
            "organization": "virtocommerce",
            "key": "vc-module-catalog:dev",
            "name": "vc-module-catalog dev",
            "tags": [],
            "visibility": "public",
            "isNew": false
        },
        {
            "organization": "pierrepinon-github",
            "key": "pierrepinon:domotique-appartement:develop",
            "name": "Apartement Home automation develop",
            "tags": [],
            "visibility": "public",
            "isNew": false
        },
        {
            "organization": "rlanhellas-github",
            "key": "rlanhellas_aquiles-core",
            "name": "Aquiles Framework - Core",
            "tags": [],
            "visibility": "public",
            "isNew": false
        },
        {
            "organization": "paweln1975",
            "key": "paweln1975_Codility",
            "name": "Codility",
            "tags": [],
            "visibility": "public",
            "isNew": false
        },
        {
            "organization": "concealnetwork",
            "key": "ConcealNetwork_conceal-desktop",
            "name": "conceal-desktop",
            "tags": [],
            "visibility": "public",
            "isNew": false
        },
        {
            "organization": "jstemerdink-github",
            "key": "jstemerdink:EPi.Libraries.Favicons",
            "name": "EPi.Libraries.Favicons",
            "tags": [],
            "visibility": "public",
            "isNew": false
        },
        {
            "organization": "mgrodriguez3-github",
            "key": "fortranAnalyser-develop",
            "name": "FortranAnalyser",
            "tags": [],
            "visibility": "public",
            "isNew": false
        },
        {
            "organization": "jellyfin",
            "key": "jellyfin_jellyfin-apiclient-javascript",
            "name": "jellyfin-apiclient-javascript",
            "tags": [],
            "visibility": "public",
            "eligibilityStatus": "COMPLETED",
            "eligible": true,
            "isNew": false
        },
        {
            "organization": "priyi00",
            "key": "PRIYI00_Pokemon-Cliente-Angular",
            "name": "Pokemon-Cliente-Angular",
            "tags": [],
            "visibility": "public",
            "isNew": false
        },
        {
            "organization": "30lines",
            "key": "roscoe-v_2:dev",
            "name": "Roscoe-V_2",
            "tags": [],
            "visibility": "public",
            "isNew": false
        }
    ],
    "facets": [
        {
            "property": "languages",
            "values": [
                {
                    "val": "xml",
                    "count": 14844
                },
                {
                    "val": "web",
                    "count": 13245
                },
                {
                    "val": "java",
                    "count": 13148
                },
                {
                    "val": "css",
                    "count": 11600
                },
                {
                    "val": "js",
                    "count": 11510
                },
                {
                    "val": "cs",
                    "count": 6127
                },
                {
                    "val": "php",
                    "count": 2740
                },
                {
                    "val": "py",
                    "count": 2703
                },
                {
                    "val": "ts",
                    "count": 2054
                },
                {
                    "val": "c",
                    "count": 1733
                }
            ]
        },
        {
            "property": "ncloc",
            "values": [
                {
                    "val": "*-1000.0",
                    "count": 28145
                },
                {
                    "val": "1000.0-10000.0",
                    "count": 18884
                },
                {
                    "val": "10000.0-100000.0",
                    "count": 10812
                },
                {
                    "val": "100000.0-500000.0",
                    "count": 1998
                },
                {
                    "val": "500000.0-*",
                    "count": 378
                }
            ]
        }
    ]
}