{
    "paging": {
        "pageIndex": 22,
        "pageSize": 10,
        "total": 32068
    },
    "organizations": [
        {
            "key": "securedevopsdelivery",
            "name": "Secure DevOps Delivery"
        },
        {
            "key": "fai",
            "name": "fai"
        },
        {
            "key": "faiorg",
            "name": "faiorg"
        }
    ],
    "components": [
        {
            "organization": "securedevopsdelivery",
            "key": "Securedevops-PV",
            "name": "Securedevops-PV",
            "tags": [],
            "visibility": "public",
            "isNew": false
        },
        {
            "organization": "securedevopsdelivery",
            "key": "Securedevops-RF",
            "name": "Securedevops-RF",
            "tags": [],
            "visibility": "public",
            "isNew": false
        },
        {
            "organization": "securedevopsdelivery",
            "key": "Securedevops-RSE",
            "name": "Securedevops-RSE",
            "tags": [],
            "visibility": "public",
            "isNew": false
        },
        {
            "organization": "securedevopsdelivery",
            "key": "Securedevops-SG",
            "name": "Securedevops-SG",
            "tags": [],
            "visibility": "public",
            "isNew": false
        },
        {
            "organization": "securedevopsdelivery",
            "key": "Securedevops-shobhapatil",
            "name": "Securedevops-shobhapatil",
            "tags": [],
            "visibility": "public",
            "isNew": false
        },
        {
            "organization": "securedevopsdelivery",
            "key": "Securedevops-SM",
            "name": "Securedevops-SM",
            "tags": [],
            "visibility": "public",
            "isNew": false
        },
        {
            "organization": "fai",
            "key": "Securedevops-ss",
            "name": "Securedevops-ss",
            "tags": [],
            "visibility": "public",
            "isNew": false
        },
        {
            "organization": "securedevopsdelivery",
            "key": "Securedevops-sultan",
            "name": "Securedevops-sultan",
            "tags": [],
            "visibility": "public",
            "isNew": false
        },
        {
            "organization": "securedevopsdelivery",
            "key": "Securedevops-TR",
            "name": "Securedevops-TR",
            "tags": [],
            "visibility": "public",
            "isNew": false
        },
        {
            "organization": "faiorg",
            "key": "securedevops-training2",
            "name": "securedevops-training2",
            "tags": [],
            "visibility": "public",
            "isNew": false
        }
    ],
    "facets": [
        {
            "property": "languages",
            "values": [
                {
                    "val": "xml",
                    "count": 14842
                },
                {
                    "val": "web",
                    "count": 13244
                },
                {
                    "val": "java",
                    "count": 13146
                },
                {
                    "val": "css",
                    "count": 11600
                },
                {
                    "val": "js",
                    "count": 11509
                },
                {
                    "val": "cs",
                    "count": 6127
                },
                {
                    "val": "php",
                    "count": 2740
                },
                {
                    "val": "py",
                    "count": 2703
                },
                {
                    "val": "ts",
                    "count": 2054
                },
                {
                    "val": "c",
                    "count": 1733
                }
            ]
        },
        {
            "property": "ncloc",
            "values": [
                {
                    "val": "*-1000.0",
                    "count": 28145
                },
                {
                    "val": "1000.0-10000.0",
                    "count": 18881
                },
                {
                    "val": "10000.0-100000.0",
                    "count": 10811
                },
                {
                    "val": "100000.0-500000.0",
                    "count": 1998
                },
                {
                    "val": "500000.0-*",
                    "count": 378
                }
            ]
        }
    ]
}