{
    "paging": {
        "pageIndex": 527,
        "pageSize": 10,
        "total": 32064
    },
    "organizations": [
        {
            "key": "fredboat",
            "name": "FredBoat"
        },
        {
            "key": "davidalonsobadia-github",
            "name": "David Alonso"
        },
        {
            "key": "vijayvani-github",
            "name": "vijayvani"
        },
        {
            "key": "uniqueck-github",
            "name": "Constantin"
        },
        {
            "key": "macahyba-github",
            "name": "Macahyba"
        },
        {
            "key": "spldead-github",
            "name": "splDead"
        },
        {
            "key": "guhilling-github",
            "name": "Gunnar Hilling"
        },
        {
            "key": "roygi",
            "name": "Roy Gonzalez"
        },
        {
            "key": "theodo-sonarcloud-v5ae9b",
            "name": "Theodo.FR"
        },
        {
            "key": "vijayeluri-github",
            "name": "VijayEluri"
        }
    ],
    "components": [
        {
            "organization": "macahyba-github",
            "key": "Macahyba_portalOrcamento",
            "name": "portalOrcamento",
            "tags": [],
            "visibility": "public",
            "isNew": false
        },
        {
            "organization": "theodo-sonarcloud-v5ae9b",
            "key": "theodo_RisXSS",
            "name": "RisXSS",
            "tags": [],
            "visibility": "public",
            "eligibilityStatus": "COMPLETED",
            "eligible": true,
            "isNew": false
        },
        {
            "organization": "davidalonsobadia-github",
            "key": "com.david:example",
            "name": "SpringMVCJPAHibernateSecurity",
            "tags": [],
            "visibility": "public",
            "isNew": false
        },
        {
            "organization": "spldead-github",
            "key": "spldead-frontend-react-developer-srvlog",
            "name": "srvlog2",
            "tags": [],
            "visibility": "public",
            "isNew": false
        },
        {
            "organization": "guhilling-github",
            "key": "de.hilling.junit.cdi:cdi-test",
            "name": "CDI Test",
            "tags": [],
            "visibility": "public",
            "isNew": false
        },
        {
            "organization": "vijayeluri-github",
            "key": "VijayEluri_fig",
            "name": "fig",
            "tags": [],
            "visibility": "public",
            "isNew": false
        },
        {
            "organization": "roygi",
            "key": "RoyGI_Interview",
            "name": "Interview",
            "tags": [],
            "visibility": "public",
            "isNew": false
        },
        {
            "organization": "vijayvani-github",
            "key": "vijayvani_ResourceSyncJava",
            "name": "resourcesync",
            "tags": [],
            "visibility": "public",
            "isNew": false
        },
        {
            "organization": "uniqueck-github",
            "key": "uniqueck_asciidoctorj-decisiontable-extension",
            "name": "asciidoctorj-decisiontable-extension",
            "tags": [],
            "visibility": "public",
            "isNew": false
        },
        {
            "organization": "fredboat",
            "key": "lavalink:Lavalink-Parent:Lavalink-Server",
            "name": "Lavalink-Server",
            "tags": [],
            "visibility": "public",
            "isNew": false
        }
    ],
    "facets": [
        {
            "property": "languages",
            "values": [
                {
                    "val": "xml",
                    "count": 14842
                },
                {
                    "val": "web",
                    "count": 13243
                },
                {
                    "val": "java",
                    "count": 13146
                },
                {
                    "val": "css",
                    "count": 11598
                },
                {
                    "val": "js",
                    "count": 11506
                },
                {
                    "val": "cs",
                    "count": 6126
                },
                {
                    "val": "php",
                    "count": 2740
                },
                {
                    "val": "py",
                    "count": 2703
                },
                {
                    "val": "ts",
                    "count": 2053
                },
                {
                    "val": "c",
                    "count": 1733
                }
            ]
        },
        {
            "property": "ncloc",
            "values": [
                {
                    "val": "*-1000.0",
                    "count": 28144
                },
                {
                    "val": "1000.0-10000.0",
                    "count": 18878
                },
                {
                    "val": "10000.0-100000.0",
                    "count": 10810
                },
                {
                    "val": "100000.0-500000.0",
                    "count": 1998
                },
                {
                    "val": "500000.0-*",
                    "count": 378
                }
            ]
        }
    ]
}