{
    "paging": {
        "pageIndex": 333,
        "pageSize": 10,
        "total": 32070
    },
    "organizations": [
        {
            "key": "phillemans-github",
            "name": "PHillemans"
        },
        {
            "key": "pim97-github",
            "name": "Pim de Bree"
        },
        {
            "key": "cps-development",
            "name": "cps-development"
        },
        {
            "key": "danielruf-github",
            "name": "Daniel Ruf"
        },
        {
            "key": "davinci-sonarcloud",
            "name": "davinci-sonarcloud"
        },
        {
            "key": "sportheroes",
            "name": "sportheroes"
        },
        {
            "key": "bjoernschilberg-github",
            "name": "BjoernSchilberg"
        },
        {
            "key": "quinoacomputing",
            "name": "QuinoaComputing"
        }
    ],
    "components": [
        {
            "organization": "quinoacomputing",
            "key": "quinoa:/dgp1",
            "name": "quinoa /dgp1",
            "tags": [],
            "visibility": "public",
            "isNew": false
        },
        {
            "organization": "quinoacomputing",
            "key": "quinoa:/dgp1_cleanup",
            "name": "quinoa /dgp1_cleanup",
            "tags": [],
            "visibility": "public",
            "isNew": false
        },
        {
            "organization": "quinoacomputing",
            "key": "quinoa:/tc_warning",
            "name": "quinoa /tc_warning",
            "tags": [],
            "visibility": "public",
            "isNew": false
        },
        {
            "organization": "bjoernschilberg-github",
            "key": "auik_prod:auik_prod",
            "name": "auik_prod",
            "tags": [],
            "visibility": "public",
            "isNew": false
        },
        {
            "organization": "danielruf-github",
            "key": "DanielRuf_phpinspectionsea",
            "name": "phpinspectionsea",
            "tags": [],
            "visibility": "public",
            "isNew": false
        },
        {
            "organization": "cps-development",
            "key": "rxorientation",
            "name": "rxorientation",
            "tags": [],
            "visibility": "public",
            "isNew": false
        },
        {
            "organization": "sportheroes",
            "key": "core-api",
            "name": "core-api",
            "tags": [],
            "visibility": "public",
            "isNew": false
        },
        {
            "organization": "pim97-github",
            "key": "ksnvs87dfn8sdnf8",
            "name": "pim97-github",
            "tags": [],
            "visibility": "public",
            "isNew": false
        },
        {
            "organization": "phillemans-github",
            "key": "PHillemans_CITest",
            "name": "CITest",
            "tags": [],
            "visibility": "public",
            "isNew": false
        },
        {
            "organization": "davinci-sonarcloud",
            "key": "FO",
            "name": "Underwriter",
            "tags": [],
            "visibility": "public",
            "isNew": false
        }
    ],
    "facets": [
        {
            "property": "languages",
            "values": [
                {
                    "val": "xml",
                    "count": 14843
                },
                {
                    "val": "web",
                    "count": 13244
                },
                {
                    "val": "java",
                    "count": 13147
                },
                {
                    "val": "css",
                    "count": 11599
                },
                {
                    "val": "js",
                    "count": 11509
                },
                {
                    "val": "cs",
                    "count": 6127
                },
                {
                    "val": "php",
                    "count": 2740
                },
                {
                    "val": "py",
                    "count": 2703
                },
                {
                    "val": "ts",
                    "count": 2054
                },
                {
                    "val": "c",
                    "count": 1733
                }
            ]
        },
        {
            "property": "ncloc",
            "values": [
                {
                    "val": "*-1000.0",
                    "count": 28145
                },
                {
                    "val": "1000.0-10000.0",
                    "count": 18882
                },
                {
                    "val": "10000.0-100000.0",
                    "count": 10812
                },
                {
                    "val": "100000.0-500000.0",
                    "count": 1998
                },
                {
                    "val": "500000.0-*",
                    "count": 378
                }
            ]
        }
    ]
}