{
    "paging": {
        "pageIndex": 535,
        "pageSize": 10,
        "total": 32066
    },
    "organizations": [
        {
            "key": "gatilabs",
            "name": "GATI labs."
        },
        {
            "key": "softlinedemo",
            "name": "softlinedemo"
        },
        {
            "key": "dniel-github",
            "name": "Daniel Engfeldt"
        },
        {
            "key": "danielruf-github",
            "name": "Daniel Ruf"
        },
        {
            "key": "dcusoft",
            "name": "dcusoft"
        },
        {
            "key": "kheme",
            "name": "Okiemute Omuta"
        },
        {
            "key": "4diac",
            "name": "Eclipse 4diac"
        },
        {
            "key": "laravel-pro",
            "name": "Laravel-Pro"
        },
        {
            "key": "neueda-blu-corner",
            "name": "blu-corner"
        },
        {
            "key": "ressec-github",
            "name": "Resse Christophe"
        }
    ],
    "components": [
        {
            "organization": "4diac",
            "key": "fortePosix",
            "name": "fortePosix",
            "tags": [],
            "visibility": "public",
            "isNew": false
        },
        {
            "organization": "laravel-pro",
            "key": "laravel-pro_forum-server",
            "name": "forum-server",
            "tags": [],
            "visibility": "public",
            "isNew": false
        },
        {
            "organization": "dniel-github",
            "key": "dniel_traefik-forward-auth0",
            "name": "forwardauth",
            "tags": [],
            "visibility": "public",
            "isNew": false
        },
        {
            "organization": "softlinedemo",
            "key": "ForWebAppProject",
            "name": "ForWebAppProject",
            "tags": [],
            "visibility": "public",
            "isNew": false
        },
        {
            "organization": "neueda-blu-corner",
            "key": "blu-corner_fosdk",
            "name": "fosdk",
            "tags": [],
            "visibility": "public",
            "isNew": false
        },
        {
            "organization": "kheme",
            "key": "kheme_fotal",
            "name": "fotal",
            "tags": [],
            "visibility": "public",
            "eligibilityStatus": "COMPLETED",
            "eligible": true,
            "isNew": false
        },
        {
            "organization": "gatilabs",
            "key": "foundation",
            "name": "foundation",
            "tags": [],
            "visibility": "public",
            "isNew": false
        },
        {
            "organization": "ressec-github",
            "key": "ressec_hemajoo-foundation",
            "name": "foundation-parent",
            "tags": [],
            "visibility": "public",
            "isNew": false
        },
        {
            "organization": "danielruf-github",
            "key": "foundation-sites",
            "name": "foundation-sites",
            "tags": [],
            "visibility": "public",
            "isNew": false
        },
        {
            "organization": "dcusoft",
            "key": "dcusoft_fourcapital",
            "name": "fourcapital",
            "tags": [],
            "visibility": "public",
            "isNew": false
        }
    ],
    "facets": [
        {
            "property": "languages",
            "values": [
                {
                    "val": "xml",
                    "count": 14842
                },
                {
                    "val": "web",
                    "count": 13243
                },
                {
                    "val": "java",
                    "count": 13146
                },
                {
                    "val": "css",
                    "count": 11599
                },
                {
                    "val": "js",
                    "count": 11508
                },
                {
                    "val": "cs",
                    "count": 6126
                },
                {
                    "val": "php",
                    "count": 2740
                },
                {
                    "val": "py",
                    "count": 2703
                },
                {
                    "val": "ts",
                    "count": 2054
                },
                {
                    "val": "c",
                    "count": 1733
                }
            ]
        },
        {
            "property": "ncloc",
            "values": [
                {
                    "val": "*-1000.0",
                    "count": 28146
                },
                {
                    "val": "1000.0-10000.0",
                    "count": 18880
                },
                {
                    "val": "10000.0-100000.0",
                    "count": 10810
                },
                {
                    "val": "100000.0-500000.0",
                    "count": 1998
                },
                {
                    "val": "500000.0-*",
                    "count": 378
                }
            ]
        }
    ]
}