{
    "paging": {
        "pageIndex": 495,
        "pageSize": 10,
        "total": 32063
    },
    "organizations": [
        {
            "key": "spacepandas",
            "name": "SpacePandas"
        },
        {
            "key": "niprog",
            "name": "niprog"
        },
        {
            "key": "gustavoterras",
            "name": "Gustavo Terras"
        },
        {
            "key": "aslwaynechan",
            "name": "Wayne Chan"
        }
    ],
    "components": [
        {
            "organization": "aslwaynechan",
            "key": "cims-frontend-app-jos",
            "name": "cims-frontend-app-jos",
            "tags": [],
            "visibility": "public",
            "isNew": false
        },
        {
            "organization": "aslwaynechan",
            "key": "cims-frontend-app-sonar",
            "name": "cims-frontend-app-sonar",
            "tags": [],
            "visibility": "public",
            "isNew": false
        },
        {
            "organization": "aslwaynechan",
            "key": "cims-immu-portal-app",
            "name": "cims-immu-portal-app",
            "tags": [],
            "visibility": "public",
            "isNew": false
        },
        {
            "organization": "aslwaynechan",
            "key": "aslwaynechan_cims-immu-portal-svc",
            "name": "cims-immu-portal-svc",
            "tags": [],
            "visibility": "public",
            "isNew": false
        },
        {
            "organization": "aslwaynechan",
            "key": "aslwaynechan_cims-moe-svc",
            "name": "cims-moe-svc",
            "tags": [],
            "visibility": "public",
            "isNew": false
        },
        {
            "organization": "aslwaynechan",
            "key": "aslwaynechan_cims-patient-svc",
            "name": "cims-patient-svc",
            "tags": [],
            "visibility": "public",
            "isNew": false
        },
        {
            "organization": "aslwaynechan",
            "key": "aslwaynechan_cims-user-svc",
            "name": "cims-user-svc",
            "tags": [],
            "visibility": "public",
            "isNew": false
        },
        {
            "organization": "niprog",
            "key": "niprog_CIN_Web",
            "name": "CIN_Web",
            "tags": [],
            "visibility": "public",
            "isNew": false
        },
        {
            "organization": "spacepandas",
            "key": "spacepandas_cineaste-ios",
            "name": "cineaste-ios",
            "tags": [],
            "visibility": "public",
            "isNew": false
        },
        {
            "organization": "gustavoterras",
            "key": "gustavoterras_CineCubos",
            "name": "CineCubos",
            "tags": [],
            "visibility": "public",
            "isNew": false
        }
    ],
    "facets": [
        {
            "property": "languages",
            "values": [
                {
                    "val": "xml",
                    "count": 14841
                },
                {
                    "val": "web",
                    "count": 13242
                },
                {
                    "val": "java",
                    "count": 13146
                },
                {
                    "val": "css",
                    "count": 11597
                },
                {
                    "val": "js",
                    "count": 11505
                },
                {
                    "val": "cs",
                    "count": 6126
                },
                {
                    "val": "php",
                    "count": 2739
                },
                {
                    "val": "py",
                    "count": 2703
                },
                {
                    "val": "ts",
                    "count": 2053
                },
                {
                    "val": "c",
                    "count": 1733
                }
            ]
        },
        {
            "property": "ncloc",
            "values": [
                {
                    "val": "*-1000.0",
                    "count": 28143
                },
                {
                    "val": "1000.0-10000.0",
                    "count": 18878
                },
                {
                    "val": "10000.0-100000.0",
                    "count": 10810
                },
                {
                    "val": "100000.0-500000.0",
                    "count": 1997
                },
                {
                    "val": "500000.0-*",
                    "count": 378
                }
            ]
        }
    ]
}