{
    "paging": {
        "pageIndex": 333,
        "pageSize": 10,
        "total": 32071
    },
    "organizations": [
        {
            "key": "add-ons",
            "name": "Add-ons for Kodi\u2122"
        },
        {
            "key": "blockappdev",
            "name": "BlockAppDev"
        },
        {
            "key": "educationandskillsfundingagency",
            "name": "Education and Skills Funding Agency"
        },
        {
            "key": "atomos",
            "name": "Atomos"
        },
        {
            "key": "revaturelabs-screenforce",
            "name": "Revature Labs"
        },
        {
            "key": "manwatse-github",
            "name": "manwatse"
        },
        {
            "key": "eletterbank-github",
            "name": "eLetterBank"
        },
        {
            "key": "crowsofwar-github",
            "name": "Crows Of War"
        },
        {
            "key": "dericop",
            "name": "Daniel Estiven Rico Posada"
        },
        {
            "key": "fredbrasils-github",
            "name": "Frederico Brasil"
        }
    ],
    "components": [
        {
            "organization": "educationandskillsfundingagency",
            "key": "SonarCloud.SkillsFundingAgency.dfc-futureaccessmodel-localauthorities",
            "name": "dfc-futureaccessmodel-localauthorities",
            "tags": [],
            "visibility": "public",
            "isNew": false
        },
        {
            "organization": "blockappdev",
            "key": "BlockAppDev_BlockApp",
            "name": "FocusKeeper",
            "tags": [],
            "visibility": "public",
            "isNew": false
        },
        {
            "organization": "eletterbank-github",
            "key": "com.springdemo:springDemo",
            "name": "com.springdemo.app",
            "tags": [],
            "visibility": "public",
            "isNew": false
        },
        {
            "organization": "atomos",
            "key": "HermesMadera",
            "name": "HermesMadera",
            "tags": [],
            "visibility": "public",
            "isNew": false
        },
        {
            "organization": "manwatse-github",
            "key": "manwatse_Morc",
            "name": "morc",
            "tags": [],
            "visibility": "public",
            "isNew": false
        },
        {
            "organization": "crowsofwar-github",
            "key": "com.crowsofwar.avatarmod:AvatarMod:lightning",
            "name": "AvatarMod lightning",
            "tags": [],
            "visibility": "public",
            "isNew": false
        },
        {
            "organization": "add-ons",
            "key": "add-ons_plugin.audio.vrt.radio",
            "name": "plugin.audio.vrt.radio",
            "tags": [],
            "visibility": "public",
            "eligibilityStatus": "COMPLETED",
            "eligible": true,
            "isNew": false
        },
        {
            "organization": "fredbrasils-github",
            "key": "fredbrasils_finperson",
            "name": "FinPerson",
            "tags": [],
            "visibility": "public",
            "isNew": false
        },
        {
            "organization": "revaturelabs-screenforce",
            "key": "assignforce-batch-service:development",
            "name": "AssignForceBatchService development",
            "tags": [],
            "visibility": "public",
            "isNew": false
        },
        {
            "organization": "dericop",
            "key": "dericop_delete-repository",
            "name": "delete-repository",
            "tags": [],
            "visibility": "public",
            "eligibilityStatus": "COMPLETED",
            "eligible": true,
            "isNew": false
        }
    ],
    "facets": [
        {
            "property": "languages",
            "values": [
                {
                    "val": "xml",
                    "count": 14844
                },
                {
                    "val": "web",
                    "count": 13244
                },
                {
                    "val": "java",
                    "count": 13148
                },
                {
                    "val": "css",
                    "count": 11599
                },
                {
                    "val": "js",
                    "count": 11509
                },
                {
                    "val": "cs",
                    "count": 6127
                },
                {
                    "val": "php",
                    "count": 2740
                },
                {
                    "val": "py",
                    "count": 2703
                },
                {
                    "val": "ts",
                    "count": 2054
                },
                {
                    "val": "c",
                    "count": 1733
                }
            ]
        },
        {
            "property": "ncloc",
            "values": [
                {
                    "val": "*-1000.0",
                    "count": 28145
                },
                {
                    "val": "1000.0-10000.0",
                    "count": 18883
                },
                {
                    "val": "10000.0-100000.0",
                    "count": 10812
                },
                {
                    "val": "100000.0-500000.0",
                    "count": 1998
                },
                {
                    "val": "500000.0-*",
                    "count": 378
                }
            ]
        }
    ]
}