{
    "paging": {
        "pageIndex": 825,
        "pageSize": 10,
        "total": 32066
    },
    "organizations": [
        {
            "key": "sonarsource",
            "name": "SonarSource"
        },
        {
            "key": "sonartest11",
            "name": "sonartest11"
        },
        {
            "key": "jensgerdes-github",
            "name": "Jens Gerdes"
        },
        {
            "key": "jhsonarteam",
            "name": "Ma super team"
        },
        {
            "key": "henryju-github",
            "name": "Julien HENRY"
        },
        {
            "key": "racodond-github",
            "name": "David RACODON"
        },
        {
            "key": "edwinyangzh-github",
            "name": "Edwin Yang"
        }
    ],
    "components": [
        {
            "organization": "edwinyangzh-github",
            "key": "edwinyangzh_sonar-java-i18n-checks",
            "name": "SonarQube Java I18n Rules",
            "tags": [],
            "visibility": "public",
            "isNew": false
        },
        {
            "organization": "racodond-github",
            "key": "org.codehaus.sonar-plugins.jproperties:jproperties",
            "name": "SonarQube Java Properties Analyzer",
            "tags": [],
            "visibility": "public",
            "isNew": false
        },
        {
            "organization": "racodond-github",
            "key": "org.codehaus.sonar-plugins.json:json",
            "name": "SonarQube JSON Analyzer",
            "tags": [],
            "visibility": "public",
            "isNew": false
        },
        {
            "organization": "sonarsource",
            "key": "org.sonarsource.sqdbmigrator:mysql-migrator",
            "name": "SonarQube MySQL Database Migrator",
            "tags": [],
            "visibility": "public",
            "isNew": false
        },
        {
            "organization": "jensgerdes-github",
            "key": "org.sonarsource.pmd:sonar-pmd-plugin",
            "name": "SonarQube PMD Plugin",
            "tags": [],
            "visibility": "public",
            "isNew": false
        },
        {
            "organization": "jensgerdes-github",
            "key": "org.sonarsource.pmd:sonar-pmd",
            "name": "SonarQube PMD Project",
            "tags": [],
            "visibility": "public",
            "isNew": false
        },
        {
            "organization": "henryju-github",
            "key": "org.sonarsource.scanner.api:sonar-scanner-api-parent",
            "name": "SonarQube Scanner API - Parent",
            "tags": [],
            "visibility": "public",
            "isNew": false
        },
        {
            "organization": "jhsonarteam",
            "key": "jhsonarteam_sonar-scanner-maven",
            "name": "SonarQube Scanner for Maven",
            "tags": [],
            "visibility": "public",
            "isNew": false
        },
        {
            "organization": "henryju-github",
            "key": "org.sonarsource.scanner.maven:sonar-maven-plugin",
            "name": "SonarQube Scanner for Maven",
            "tags": [],
            "visibility": "public",
            "isNew": false
        },
        {
            "organization": "sonartest11",
            "key": "sonartest11_Ultimo",
            "name": "SonarQube Scanner for Maven",
            "tags": [],
            "visibility": "public",
            "isNew": false
        }
    ],
    "facets": [
        {
            "property": "languages",
            "values": [
                {
                    "val": "xml",
                    "count": 14842
                },
                {
                    "val": "web",
                    "count": 13243
                },
                {
                    "val": "java",
                    "count": 13146
                },
                {
                    "val": "css",
                    "count": 11599
                },
                {
                    "val": "js",
                    "count": 11508
                },
                {
                    "val": "cs",
                    "count": 6126
                },
                {
                    "val": "php",
                    "count": 2740
                },
                {
                    "val": "py",
                    "count": 2703
                },
                {
                    "val": "ts",
                    "count": 2054
                },
                {
                    "val": "c",
                    "count": 1733
                }
            ]
        },
        {
            "property": "ncloc",
            "values": [
                {
                    "val": "*-1000.0",
                    "count": 28146
                },
                {
                    "val": "1000.0-10000.0",
                    "count": 18880
                },
                {
                    "val": "10000.0-100000.0",
                    "count": 10810
                },
                {
                    "val": "100000.0-500000.0",
                    "count": 1998
                },
                {
                    "val": "500000.0-*",
                    "count": 378
                }
            ]
        }
    ]
}