{
    "paging": {
        "pageIndex": 50,
        "pageSize": 10,
        "total": 32071
    },
    "organizations": [
        {
            "key": "zowe",
            "name": "Zowe"
        },
        {
            "key": "sbaudoin-github",
            "name": "sbaudoin"
        },
        {
            "key": "antkorwin-github",
            "name": "Anatoliy Korovin"
        },
        {
            "key": "scenegate",
            "name": "SceneGate"
        },
        {
            "key": "cleitonper-github",
            "name": "Cleiton Pereira"
        },
        {
            "key": "yoda-pa-github",
            "name": "yoda-pa-github"
        },
        {
            "key": "yuceefapps",
            "name": "yuceefapps"
        },
        {
            "key": "pleonex-github",
            "name": "Benito Palacios S\u00e1nchez"
        },
        {
            "key": "adorsys",
            "name": "adorsys"
        },
        {
            "key": "zepdev",
            "name": "Zeppelin GmbH - Digital Transformation"
        }
    ],
    "components": [
        {
            "organization": "adorsys",
            "key": "adorsys_xs2a",
            "name": "xs2a",
            "tags": [],
            "visibility": "public",
            "isNew": false
        },
        {
            "organization": "antkorwin-github",
            "key": "com.antkorwin:xsync",
            "name": "XSync",
            "tags": [],
            "visibility": "public",
            "isNew": false
        },
        {
            "organization": "sbaudoin-github",
            "key": "com.github.sbaudoin:yamllint",
            "name": "YAMLLint",
            "tags": [],
            "visibility": "public",
            "isNew": false
        },
        {
            "organization": "scenegate",
            "key": "SceneGate_Yarhl",
            "name": "Yarhl",
            "tags": [],
            "visibility": "public",
            "isNew": false
        },
        {
            "organization": "pleonex-github",
            "key": "yarhl",
            "name": "yarhl",
            "tags": [],
            "visibility": "public",
            "isNew": false
        },
        {
            "organization": "yoda-pa-github",
            "key": "yoda",
            "name": "yoda",
            "tags": [
                "python"
            ],
            "visibility": "public",
            "isNew": false
        },
        {
            "organization": "yuceefapps",
            "key": "YuceefApp",
            "name": "YuceefApp",
            "tags": [],
            "visibility": "public",
            "isNew": false
        },
        {
            "organization": "zepdev",
            "key": "zepdev_zeppelin-element-library",
            "name": "Zeppelin Element Library",
            "tags": [],
            "visibility": "public",
            "isNew": false
        },
        {
            "organization": "cleitonper-github",
            "key": "cleitonper_zest",
            "name": "Zest",
            "tags": [],
            "visibility": "public",
            "isNew": false
        },
        {
            "organization": "zowe",
            "key": "zowe_imperative",
            "name": "Zowe Imperative",
            "tags": [],
            "visibility": "public",
            "eligibilityStatus": "COMPLETED",
            "eligible": true,
            "isNew": false
        }
    ],
    "facets": [
        {
            "property": "languages",
            "values": [
                {
                    "val": "xml",
                    "count": 14844
                },
                {
                    "val": "web",
                    "count": 13244
                },
                {
                    "val": "java",
                    "count": 13148
                },
                {
                    "val": "css",
                    "count": 11599
                },
                {
                    "val": "js",
                    "count": 11509
                },
                {
                    "val": "cs",
                    "count": 6127
                },
                {
                    "val": "php",
                    "count": 2740
                },
                {
                    "val": "py",
                    "count": 2703
                },
                {
                    "val": "ts",
                    "count": 2054
                },
                {
                    "val": "c",
                    "count": 1733
                }
            ]
        },
        {
            "property": "ncloc",
            "values": [
                {
                    "val": "*-1000.0",
                    "count": 28144
                },
                {
                    "val": "1000.0-10000.0",
                    "count": 18883
                },
                {
                    "val": "10000.0-100000.0",
                    "count": 10812
                },
                {
                    "val": "100000.0-500000.0",
                    "count": 1998
                },
                {
                    "val": "500000.0-*",
                    "count": 378
                }
            ]
        }
    ]
}