{
    "paging": {
        "pageIndex": 897,
        "pageSize": 10,
        "total": 32066
    },
    "organizations": [
        {
            "key": "majst32",
            "name": "majst32"
        },
        {
            "key": "chexu99",
            "name": "chexu99"
        },
        {
            "key": "ciellu",
            "name": "CielLu"
        },
        {
            "key": "store-integration-test",
            "name": "store-integration-test"
        },
        {
            "key": "tgdevtes6",
            "name": "TG Dev Test 6"
        },
        {
            "key": "folio-org",
            "name": "folio-org"
        },
        {
            "key": "francescozacc",
            "name": "francescozacc"
        },
        {
            "key": "guru-invest",
            "name": "guru-invest"
        },
        {
            "key": "damicristi-github",
            "name": "Damodar Rajbhandari"
        },
        {
            "key": "francescoz93",
            "name": "francescoZ93"
        }
    ],
    "components": [
        {
            "organization": "guru-invest",
            "key": "guru-invest_guru.api.preregistry",
            "name": "guru.api.preregistry",
            "tags": [],
            "visibility": "public",
            "isNew": false
        },
        {
            "organization": "tgdevtes6",
            "key": "tgdevtest6",
            "name": "tgdevtest6",
            "tags": [],
            "visibility": "public",
            "isNew": false
        },
        {
            "organization": "majst32",
            "key": "partsunlimited-techdebt",
            "name": "partsunlimited-techdebt",
            "tags": [],
            "visibility": "public",
            "isNew": false
        },
        {
            "organization": "folio-org",
            "key": "org.folio:mod-user-import",
            "name": "mod-user-import",
            "tags": [
                "users",
                "dev-core-platform"
            ],
            "visibility": "public",
            "isNew": false
        },
        {
            "organization": "francescoz93",
            "key": "francescoZ93_BIMserver",
            "name": "Build",
            "tags": [],
            "visibility": "public",
            "isNew": false
        },
        {
            "organization": "damicristi-github",
            "key": "Damicristi_cdt",
            "name": "cdt",
            "tags": [],
            "visibility": "public",
            "eligibilityStatus": "COMPLETED",
            "eligible": true,
            "isNew": false
        },
        {
            "organization": "ciellu",
            "key": "CielLu_extension",
            "name": "extension",
            "tags": [],
            "visibility": "public",
            "eligibilityStatus": "COMPLETED",
            "eligible": true,
            "isNew": false
        },
        {
            "organization": "chexu99",
            "key": "chexu99_TTrispoOriginal",
            "name": "TTrispoOriginal",
            "tags": [],
            "visibility": "public",
            "isNew": false
        },
        {
            "organization": "store-integration-test",
            "key": "store-integration-api-promociones-test",
            "name": "store-integration-api-promociones-test",
            "tags": [],
            "visibility": "public",
            "isNew": false
        },
        {
            "organization": "francescozacc",
            "key": "francescozacc_walkmod-core",
            "name": "walkmod-core",
            "tags": [],
            "visibility": "public",
            "eligibilityStatus": "COMPLETED",
            "eligible": false,
            "isNew": false
        }
    ],
    "facets": [
        {
            "property": "languages",
            "values": [
                {
                    "val": "xml",
                    "count": 14842
                },
                {
                    "val": "web",
                    "count": 13243
                },
                {
                    "val": "java",
                    "count": 13146
                },
                {
                    "val": "css",
                    "count": 11599
                },
                {
                    "val": "js",
                    "count": 11508
                },
                {
                    "val": "cs",
                    "count": 6126
                },
                {
                    "val": "php",
                    "count": 2740
                },
                {
                    "val": "py",
                    "count": 2703
                },
                {
                    "val": "ts",
                    "count": 2054
                },
                {
                    "val": "c",
                    "count": 1733
                }
            ]
        },
        {
            "property": "ncloc",
            "values": [
                {
                    "val": "*-1000.0",
                    "count": 28145
                },
                {
                    "val": "1000.0-10000.0",
                    "count": 18880
                },
                {
                    "val": "10000.0-100000.0",
                    "count": 10810
                },
                {
                    "val": "100000.0-500000.0",
                    "count": 1998
                },
                {
                    "val": "500000.0-*",
                    "count": 378
                }
            ]
        }
    ]
}