{
    "paging": {
        "pageIndex": 299,
        "pageSize": 10,
        "total": 32071
    },
    "organizations": [
        {
            "key": "szsaunders-github",
            "name": "Szsaunders"
        },
        {
            "key": "agiledevelopmentclub",
            "name": "AgileDevelopmentClub"
        },
        {
            "key": "andre-victor-araujo-bitbucket",
            "name": "Andr\u00e9 Victor das Gra\u00e7as Ara\u00fajo"
        },
        {
            "key": "hhru",
            "name": "hhru"
        },
        {
            "key": "hmcts",
            "name": "HMCTS"
        },
        {
            "key": "uvms-github",
            "name": "Union Vms"
        },
        {
            "key": "lackky",
            "name": "Lackky"
        },
        {
            "key": "argosnotary",
            "name": "argosnotary"
        },
        {
            "key": "paulorenato",
            "name": "Paulo Renato"
        },
        {
            "key": "coronasafe",
            "name": "Corona Safe"
        }
    ],
    "components": [
        {
            "organization": "andre-victor-araujo-bitbucket",
            "key": "projeto-pdv",
            "name": "projeto-pdv",
            "tags": [],
            "visibility": "public",
            "isNew": false
        },
        {
            "organization": "szsaunders-github",
            "key": "CookingQuest",
            "name": "CookingQuest",
            "tags": [],
            "visibility": "public",
            "isNew": false
        },
        {
            "organization": "hhru",
            "key": "ru.hh.nab:nuts-and-bolts-parent",
            "name": "nuts'n'bolts parent module",
            "tags": [],
            "visibility": "public",
            "isNew": false
        },
        {
            "organization": "lackky",
            "key": "lackky_api",
            "name": "api",
            "tags": [],
            "visibility": "public",
            "eligibilityStatus": "COMPLETED",
            "eligible": true,
            "isNew": false
        },
        {
            "organization": "agiledevelopmentclub",
            "key": "AgileDevelopmentClub_library",
            "name": "library-backend-service",
            "tags": [],
            "visibility": "public",
            "isNew": false
        },
        {
            "organization": "coronasafe",
            "key": "coronasafe_coronaport",
            "name": "coronaport",
            "tags": [],
            "visibility": "public",
            "eligibilityStatus": "COMPLETED",
            "eligible": true,
            "isNew": false
        },
        {
            "organization": "uvms-github",
            "key": "eu.europa.ec.fisheries.uvms.plugins:ais:PR",
            "name": "ais PR",
            "tags": [],
            "visibility": "public",
            "isNew": false
        },
        {
            "organization": "argosnotary",
            "key": "argosnotary_argos-parent",
            "name": "argos-parent",
            "tags": [],
            "visibility": "public",
            "eligibilityStatus": "COMPLETED",
            "eligible": false,
            "isNew": false
        },
        {
            "organization": "hmcts",
            "key": "vh-admin-web",
            "name": "hmcts/vh-admin-web",
            "tags": [],
            "visibility": "public",
            "isNew": false
        },
        {
            "organization": "paulorenato",
            "key": "blog.test",
            "name": "blog.test",
            "tags": [],
            "visibility": "public",
            "isNew": false
        }
    ],
    "facets": [
        {
            "property": "languages",
            "values": [
                {
                    "val": "xml",
                    "count": 14844
                },
                {
                    "val": "web",
                    "count": 13244
                },
                {
                    "val": "java",
                    "count": 13148
                },
                {
                    "val": "css",
                    "count": 11599
                },
                {
                    "val": "js",
                    "count": 11509
                },
                {
                    "val": "cs",
                    "count": 6127
                },
                {
                    "val": "php",
                    "count": 2740
                },
                {
                    "val": "py",
                    "count": 2703
                },
                {
                    "val": "ts",
                    "count": 2054
                },
                {
                    "val": "c",
                    "count": 1733
                }
            ]
        },
        {
            "property": "ncloc",
            "values": [
                {
                    "val": "*-1000.0",
                    "count": 28145
                },
                {
                    "val": "1000.0-10000.0",
                    "count": 18883
                },
                {
                    "val": "10000.0-100000.0",
                    "count": 10812
                },
                {
                    "val": "100000.0-500000.0",
                    "count": 1998
                },
                {
                    "val": "500000.0-*",
                    "count": 378
                }
            ]
        }
    ]
}