{
    "paging": {
        "pageIndex": 365,
        "pageSize": 10,
        "total": 32073
    },
    "organizations": [
        {
            "key": "kmd-developer-bitbucket",
            "name": "KrazzyMania Designs"
        },
        {
            "key": "dstack-group",
            "name": "DStack Group"
        },
        {
            "key": "szsaunders-github",
            "name": "Szsaunders"
        },
        {
            "key": "aluizt",
            "name": "Alexandre Luiz Tavares"
        },
        {
            "key": "egovernments",
            "name": "eGovernments Foundation"
        },
        {
            "key": "button-github",
            "name": "button"
        },
        {
            "key": "glorifiedking",
            "name": "Raymond Byaruhanga"
        },
        {
            "key": "vibrantlogtally",
            "name": "vibrantlogtally"
        },
        {
            "key": "julianoserpa-github",
            "name": "Juliano Serpa"
        },
        {
            "key": "alelasar-github",
            "name": "aleLasar"
        }
    ],
    "components": [
        {
            "organization": "egovernments",
            "key": "egovernments_business-services",
            "name": "business-services",
            "tags": [],
            "visibility": "public",
            "isNew": false
        },
        {
            "organization": "szsaunders-github",
            "key": "BusinessBears",
            "name": "BusinessBears",
            "tags": [],
            "visibility": "public",
            "isNew": false
        },
        {
            "organization": "julianoserpa-github",
            "key": "BusinessLangEvaluator",
            "name": "BusinessLangEvaluator",
            "tags": [],
            "visibility": "public",
            "isNew": false
        },
        {
            "organization": "kmd-developer-bitbucket",
            "key": "kmd-developer_business-management",
            "name": "BusinessManagement",
            "tags": [],
            "visibility": "public",
            "isNew": false
        },
        {
            "organization": "aluizt",
            "key": "buspoa",
            "name": "buspoa",
            "tags": [],
            "visibility": "public",
            "isNew": false
        },
        {
            "organization": "glorifiedking",
            "key": "glorifiedKing_bustravel",
            "name": "bustravel",
            "tags": [],
            "visibility": "public",
            "isNew": false
        },
        {
            "organization": "dstack-group",
            "key": "Butterfly",
            "name": "butterfly",
            "tags": [],
            "visibility": "public",
            "isNew": false
        },
        {
            "organization": "alelasar-github",
            "key": "aleLasar_Butterfly-",
            "name": "Butterfly-",
            "tags": [],
            "visibility": "public",
            "isNew": false
        },
        {
            "organization": "button-github",
            "key": "button-github",
            "name": "Button 309 Project",
            "tags": [],
            "visibility": "public",
            "isNew": false
        },
        {
            "organization": "vibrantlogtally",
            "key": "buycementcrm",
            "name": "buycementcrm",
            "tags": [],
            "visibility": "public",
            "isNew": false
        }
    ],
    "facets": [
        {
            "property": "languages",
            "values": [
                {
                    "val": "xml",
                    "count": 14845
                },
                {
                    "val": "web",
                    "count": 13245
                },
                {
                    "val": "java",
                    "count": 13148
                },
                {
                    "val": "css",
                    "count": 11600
                },
                {
                    "val": "js",
                    "count": 11511
                },
                {
                    "val": "cs",
                    "count": 6127
                },
                {
                    "val": "php",
                    "count": 2740
                },
                {
                    "val": "py",
                    "count": 2703
                },
                {
                    "val": "ts",
                    "count": 2054
                },
                {
                    "val": "c",
                    "count": 1733
                }
            ]
        },
        {
            "property": "ncloc",
            "values": [
                {
                    "val": "*-1000.0",
                    "count": 28146
                },
                {
                    "val": "1000.0-10000.0",
                    "count": 18885
                },
                {
                    "val": "10000.0-100000.0",
                    "count": 10812
                },
                {
                    "val": "100000.0-500000.0",
                    "count": 1998
                },
                {
                    "val": "500000.0-*",
                    "count": 378
                }
            ]
        }
    ]
}