{
    "paging": {
        "pageIndex": 68,
        "pageSize": 10,
        "total": 32063
    },
    "organizations": [
        {
            "key": "rhanton-github",
            "name": "Rick Hanton"
        },
        {
            "key": "hmanager",
            "name": "Health Manager"
        },
        {
            "key": "laristra",
            "name": "laristra"
        },
        {
            "key": "henryju-github",
            "name": "Julien HENRY"
        },
        {
            "key": "kvjavaxxv",
            "name": "SoftServe ITA Kv-025.Java"
        },
        {
            "key": "gii2016_17",
            "name": "GII2016_17"
        }
    ],
    "components": [
        {
            "organization": "hmanager",
            "key": "HealthManager:register_module",
            "name": "Health manager register_module",
            "tags": [],
            "visibility": "public",
            "isNew": false
        },
        {
            "organization": "kvjavaxxv",
            "key": "academy.softserve:AuraCore:JSON_Fixes",
            "name": "Aura Core JSON_Fixes",
            "tags": [],
            "visibility": "public",
            "isNew": false
        },
        {
            "organization": "rhanton-github",
            "key": "com.kubra.es:es-admin",
            "name": "es-admin",
            "tags": [],
            "visibility": "public",
            "isNew": false
        },
        {
            "organization": "laristra",
            "key": "flecsi:/data_allocation_fix",
            "name": "flecsi /data_allocation_fix",
            "tags": [],
            "visibility": "public",
            "isNew": false
        },
        {
            "organization": "gii2016_17",
            "key": "ubu.gii.tfg.SimuladorApuestas",
            "name": "201702 :: SimuladorApuestas",
            "tags": [],
            "visibility": "public",
            "isNew": false
        },
        {
            "organization": "gii2016_17",
            "key": "ubu.gii.tfg.201702DietaPorDientes",
            "name": "201702 :: DietaPorDientes",
            "tags": [],
            "visibility": "public",
            "isNew": false
        },
        {
            "organization": "gii2016_17",
            "key": "ubu.gii.tfg.201701gobees",
            "name": "201701gobees",
            "tags": [],
            "visibility": "public",
            "isNew": false
        },
        {
            "organization": "henryju-github",
            "key": "org.sonarsource.scanner.api:sonar-scanner-api-parent",
            "name": "SonarQube Scanner API - Parent",
            "tags": [],
            "visibility": "public",
            "isNew": false
        },
        {
            "organization": "gii2016_17",
            "key": "ubu.gii.tfg.2017Torneos",
            "name": "201702 :: Torneos",
            "tags": [],
            "visibility": "public",
            "isNew": false
        },
        {
            "organization": "gii2016_17",
            "key": "ubu.gii.tfg.201702GestionTFG_Web2.0",
            "name": "201702 :: GestionTFG_Web2.0",
            "tags": [],
            "visibility": "public",
            "isNew": false
        }
    ],
    "facets": [
        {
            "property": "languages",
            "values": [
                {
                    "val": "xml",
                    "count": 14840
                },
                {
                    "val": "web",
                    "count": 13241
                },
                {
                    "val": "java",
                    "count": 13146
                },
                {
                    "val": "css",
                    "count": 11596
                },
                {
                    "val": "js",
                    "count": 11504
                },
                {
                    "val": "cs",
                    "count": 6126
                },
                {
                    "val": "php",
                    "count": 2739
                },
                {
                    "val": "py",
                    "count": 2703
                },
                {
                    "val": "ts",
                    "count": 2053
                },
                {
                    "val": "c",
                    "count": 1733
                }
            ]
        },
        {
            "property": "ncloc",
            "values": [
                {
                    "val": "*-1000.0",
                    "count": 28140
                },
                {
                    "val": "1000.0-10000.0",
                    "count": 18880
                },
                {
                    "val": "10000.0-100000.0",
                    "count": 10809
                },
                {
                    "val": "100000.0-500000.0",
                    "count": 1996
                },
                {
                    "val": "500000.0-*",
                    "count": 378
                }
            ]
        }
    ]
}