{
    "paging": {
        "pageIndex": 918,
        "pageSize": 10,
        "total": 32073
    },
    "organizations": [
        {
            "key": "annimon-github",
            "name": "aNNiMON"
        },
        {
            "key": "kukkerem",
            "name": "Kukkerem"
        },
        {
            "key": "lightningbug-io",
            "name": "Lightning Bug"
        },
        {
            "key": "noxkiwi",
            "name": "nox.kiwi"
        },
        {
            "key": "ligoj-github",
            "name": "Ligoj (links)"
        },
        {
            "key": "pantheon-tech",
            "name": "Pantheon Technologies"
        }
    ],
    "components": [
        {
            "organization": "lightningbug-io",
            "key": "lightningbug-io_lightningbug-maven-plugin",
            "name": "lightningbug-maven-plugin Maven Plugin",
            "tags": [],
            "visibility": "public",
            "isNew": false
        },
        {
            "organization": "kukkerem",
            "key": "Kukkerem_lightnovel-crawler",
            "name": "lightnovel-crawler",
            "tags": [],
            "visibility": "public",
            "isNew": false
        },
        {
            "organization": "noxkiwi",
            "key": "NoxKiwi_lightsystem",
            "name": "LightSystem",
            "tags": [],
            "visibility": "public",
            "isNew": false
        },
        {
            "organization": "annimon-github",
            "key": "lightweight-stream-api",
            "name": "Lightweight-Stream-API",
            "tags": [
                "java",
                "functional"
            ],
            "visibility": "public",
            "isNew": false
        },
        {
            "organization": "pantheon-tech",
            "key": "PantheonTechnologies_lighty-core",
            "name": "lighty-core",
            "tags": [],
            "visibility": "public",
            "eligibilityStatus": "COMPLETED",
            "eligible": false,
            "isNew": false
        },
        {
            "organization": "ligoj-github",
            "key": "org.ligoj.api:root",
            "name": "Ligoj - API",
            "tags": [],
            "visibility": "public",
            "isNew": false
        },
        {
            "organization": "ligoj-github",
            "key": "org.ligoj.app:root",
            "name": "Ligoj - Application",
            "tags": [],
            "visibility": "public",
            "isNew": false
        },
        {
            "organization": "ligoj-github",
            "key": "org.ligoj.bootstrap:root",
            "name": "Ligoj - Bootstrap",
            "tags": [],
            "visibility": "public",
            "isNew": false
        },
        {
            "organization": "ligoj-github",
            "key": "org.ligoj.plugin:plugin-bt",
            "name": "Ligoj - Plugin BT (Bug Tracker)",
            "tags": [],
            "visibility": "public",
            "isNew": false
        },
        {
            "organization": "ligoj-github",
            "key": "org.ligoj.plugin:plugin-bt-jira",
            "name": "Ligoj - Plugin BT - Jira",
            "tags": [],
            "visibility": "public",
            "isNew": false
        }
    ],
    "facets": [
        {
            "property": "languages",
            "values": [
                {
                    "val": "xml",
                    "count": 14845
                },
                {
                    "val": "web",
                    "count": 13245
                },
                {
                    "val": "java",
                    "count": 13148
                },
                {
                    "val": "css",
                    "count": 11600
                },
                {
                    "val": "js",
                    "count": 11511
                },
                {
                    "val": "cs",
                    "count": 6127
                },
                {
                    "val": "php",
                    "count": 2740
                },
                {
                    "val": "py",
                    "count": 2703
                },
                {
                    "val": "ts",
                    "count": 2054
                },
                {
                    "val": "c",
                    "count": 1733
                }
            ]
        },
        {
            "property": "ncloc",
            "values": [
                {
                    "val": "*-1000.0",
                    "count": 28146
                },
                {
                    "val": "1000.0-10000.0",
                    "count": 18885
                },
                {
                    "val": "10000.0-100000.0",
                    "count": 10812
                },
                {
                    "val": "100000.0-500000.0",
                    "count": 1998
                },
                {
                    "val": "500000.0-*",
                    "count": 378
                }
            ]
        }
    ]
}