{
    "paging": {
        "pageIndex": 335,
        "pageSize": 10,
        "total": 32064
    },
    "organizations": [
        {
            "key": "metaintellect",
            "name": "Kornelije Sajler"
        },
        {
            "key": "phpfui",
            "name": "Bruce Wells"
        },
        {
            "key": "razvan-batin",
            "name": "Razvan Batin"
        },
        {
            "key": "instalint",
            "name": "instalint"
        },
        {
            "key": "oleg-balunenko-github",
            "name": "Oleg Balunenko"
        },
        {
            "key": "devsecops-grupobabel",
            "name": "devopsgrupobabel"
        },
        {
            "key": "ridedifferent",
            "name": "ridedifferent"
        },
        {
            "key": "mar666bpm",
            "name": "Mar666bpm"
        },
        {
            "key": "vijayeluri-github",
            "name": "VijayEluri"
        },
        {
            "key": "saiaku-gaming",
            "name": "saiaku-gaming"
        }
    ],
    "components": [
        {
            "organization": "vijayeluri-github",
            "key": "VijayEluri_inspektr",
            "name": "Inspektr Auditing Library",
            "tags": [],
            "visibility": "public",
            "isNew": false
        },
        {
            "organization": "ridedifferent",
            "key": "Instabot",
            "name": "Instabot",
            "tags": [],
            "visibility": "public",
            "isNew": false
        },
        {
            "organization": "oleg-balunenko-github",
            "key": "instadiff-cli",
            "name": "Instadiff CLI",
            "tags": [],
            "visibility": "public",
            "isNew": false
        },
        {
            "organization": "phpfui",
            "key": "phpfui_InstaDoc",
            "name": "InstaDoc",
            "tags": [],
            "visibility": "public",
            "eligibilityStatus": "COMPLETED",
            "eligible": true,
            "isNew": true
        },
        {
            "organization": "mar666bpm",
            "key": "instagram-java-scraper",
            "name": "instagram-java-scraper",
            "tags": [],
            "visibility": "public",
            "isNew": false
        },
        {
            "organization": "instalint",
            "key": "io.instalint:instalint",
            "name": "instalint",
            "tags": [],
            "visibility": "public",
            "isNew": false
        },
        {
            "organization": "saiaku-gaming",
            "key": "com.valhallagame.valhalla:instance-service-server",
            "name": "Instance Service Server",
            "tags": [],
            "visibility": "public",
            "isNew": false
        },
        {
            "organization": "metaintellect",
            "key": "xajler_instantcoach-api",
            "name": "instantcoach-api",
            "tags": [],
            "visibility": "public",
            "isNew": false
        },
        {
            "organization": "devsecops-grupobabel",
            "key": "DemoJava:DemoJava",
            "name": "Integraci\u00f3n Bootstrap con JSP",
            "tags": [],
            "visibility": "public",
            "isNew": false
        },
        {
            "organization": "razvan-batin",
            "key": "Razvan-Batin_integration",
            "name": "integration",
            "tags": [],
            "visibility": "public",
            "isNew": false
        }
    ],
    "facets": [
        {
            "property": "languages",
            "values": [
                {
                    "val": "xml",
                    "count": 14841
                },
                {
                    "val": "web",
                    "count": 13242
                },
                {
                    "val": "java",
                    "count": 13146
                },
                {
                    "val": "css",
                    "count": 11597
                },
                {
                    "val": "js",
                    "count": 11505
                },
                {
                    "val": "cs",
                    "count": 6126
                },
                {
                    "val": "php",
                    "count": 2740
                },
                {
                    "val": "py",
                    "count": 2703
                },
                {
                    "val": "ts",
                    "count": 2053
                },
                {
                    "val": "c",
                    "count": 1733
                }
            ]
        },
        {
            "property": "ncloc",
            "values": [
                {
                    "val": "*-1000.0",
                    "count": 28143
                },
                {
                    "val": "1000.0-10000.0",
                    "count": 18879
                },
                {
                    "val": "10000.0-100000.0",
                    "count": 10810
                },
                {
                    "val": "100000.0-500000.0",
                    "count": 1997
                },
                {
                    "val": "500000.0-*",
                    "count": 378
                }
            ]
        }
    ]
}