{
    "paging": {
        "pageIndex": 221,
        "pageSize": 10,
        "total": 32071
    },
    "organizations": [
        {
            "key": "csys-fresher-batch-2019",
            "name": "ChainsysTraining"
        },
        {
            "key": "svstoll-github",
            "name": "Sven Stoll"
        },
        {
            "key": "stnokott-github",
            "name": "NoahK"
        },
        {
            "key": "snapgreen",
            "name": "SnapGreen"
        },
        {
            "key": "andreadepaolis",
            "name": "andreadepaolis"
        },
        {
            "key": "fightrpg-discordbotrpg",
            "name": "FightRPG-DiscordBotRPG"
        },
        {
            "key": "ldalzotto-github",
            "name": "ldalzotto"
        },
        {
            "key": "torchwisdom",
            "name": "torchwisdom"
        },
        {
            "key": "workminestech",
            "name": "workminestech"
        },
        {
            "key": "pantelemonvictorstefan",
            "name": "PantelemonVictorStefan"
        }
    ],
    "components": [
        {
            "organization": "ldalzotto-github",
            "key": "MyCrossyRoad",
            "name": "MyCrossyRoad",
            "tags": [],
            "visibility": "public",
            "isNew": false
        },
        {
            "organization": "svstoll-github",
            "key": "ch.uzh.ifi.ase:cscc-recommender",
            "name": "CSCC Recommender",
            "tags": [],
            "visibility": "public",
            "isNew": false
        },
        {
            "organization": "pantelemonvictorstefan",
            "key": "FiiProjectKeeperBackend",
            "name": "FiiProjectKeeperBackend",
            "tags": [],
            "visibility": "public",
            "isNew": false
        },
        {
            "organization": "torchwisdom",
            "key": "torchwisdom",
            "name": "torchwisdom",
            "tags": [],
            "visibility": "public",
            "isNew": false
        },
        {
            "organization": "fightrpg-discordbotrpg",
            "key": "FightRPG-DiscordBotRPG_DiscordBotRPG-Discord",
            "name": "DiscordBotRPG-Discord",
            "tags": [],
            "visibility": "public",
            "isNew": false
        },
        {
            "organization": "csys-fresher-batch-2019",
            "key": "csys-fresher-batch-2019_shipticketapp-sivanathan",
            "name": "shipticket",
            "tags": [],
            "visibility": "public",
            "isNew": false
        },
        {
            "organization": "snapgreen",
            "key": "SnapGreen_SE308-winter2020-environmental-app",
            "name": "SE308-winter2020-environmental-app",
            "tags": [],
            "visibility": "public",
            "eligibilityStatus": "COMPLETED",
            "eligible": true,
            "isNew": false
        },
        {
            "organization": "andreadepaolis",
            "key": "andreadepaolis_final",
            "name": "final",
            "tags": [],
            "visibility": "public",
            "isNew": false
        },
        {
            "organization": "stnokott-github",
            "key": "stnokott_Bestelldienst",
            "name": "Bestelldienst",
            "tags": [],
            "visibility": "public",
            "isNew": false
        },
        {
            "organization": "workminestech",
            "key": "com.workminestech.dashboard:",
            "name": "dashboard",
            "tags": [],
            "visibility": "public",
            "isNew": false
        }
    ],
    "facets": [
        {
            "property": "languages",
            "values": [
                {
                    "val": "xml",
                    "count": 14844
                },
                {
                    "val": "web",
                    "count": 13244
                },
                {
                    "val": "java",
                    "count": 13148
                },
                {
                    "val": "css",
                    "count": 11599
                },
                {
                    "val": "js",
                    "count": 11509
                },
                {
                    "val": "cs",
                    "count": 6127
                },
                {
                    "val": "php",
                    "count": 2740
                },
                {
                    "val": "py",
                    "count": 2703
                },
                {
                    "val": "ts",
                    "count": 2054
                },
                {
                    "val": "c",
                    "count": 1733
                }
            ]
        },
        {
            "property": "ncloc",
            "values": [
                {
                    "val": "*-1000.0",
                    "count": 28145
                },
                {
                    "val": "1000.0-10000.0",
                    "count": 18883
                },
                {
                    "val": "10000.0-100000.0",
                    "count": 10812
                },
                {
                    "val": "100000.0-500000.0",
                    "count": 1998
                },
                {
                    "val": "500000.0-*",
                    "count": 378
                }
            ]
        }
    ]
}