{
    "paging": {
        "pageIndex": 861,
        "pageSize": 10,
        "total": 32070
    },
    "organizations": [
        {
            "key": "dan323-github",
            "name": "dan323"
        },
        {
            "key": "java_1804",
            "name": "java"
        },
        {
            "key": "ayende-github",
            "name": "Ayende Rahien"
        },
        {
            "key": "darktable-org",
            "name": "darktable-org"
        },
        {
            "key": "dtoole86-github",
            "name": "dtoole86"
        },
        {
            "key": "raulsebastian-github",
            "name": "Raul Sebastian"
        },
        {
            "key": "sandarkin-github",
            "name": "Roman Sandarkin"
        },
        {
            "key": "vatplanner",
            "name": "VATPlanner"
        },
        {
            "key": "dahewett-github",
            "name": "Devin Hewett"
        },
        {
            "key": "rachith",
            "name": "rachith"
        }
    ],
    "components": [
        {
            "organization": "dan323-github",
            "key": "com.dan323:ray-tracing",
            "name": "ray-tracing",
            "tags": [],
            "visibility": "public",
            "isNew": false
        },
        {
            "organization": "dtoole86-github",
            "key": "dtoole86_ray",
            "name": "ray",
            "tags": [],
            "visibility": "public",
            "isNew": false
        },
        {
            "organization": "dahewett-github",
            "key": "ray_test",
            "name": "ray",
            "tags": [],
            "visibility": "public",
            "isNew": false
        },
        {
            "organization": "darktable-org",
            "key": "rawspeed:develop",
            "name": "RawSpeed develop",
            "tags": [],
            "visibility": "public",
            "isNew": false
        },
        {
            "organization": "sandarkin-github",
            "key": "io.oracly:rawshan",
            "name": "rawshan",
            "tags": [],
            "visibility": "public",
            "isNew": false
        },
        {
            "organization": "rachith",
            "key": "rachith_raw_laravel",
            "name": "raw_laravel",
            "tags": [],
            "visibility": "public",
            "eligibilityStatus": "COMPLETED",
            "eligible": true,
            "isNew": false
        },
        {
            "organization": "vatplanner",
            "key": "org.vatplanner:raw-data-archiver-parent",
            "name": "Raw Data Archiver",
            "tags": [],
            "visibility": "public",
            "isNew": false
        },
        {
            "organization": "ayende-github",
            "key": "ayende_ravendb",
            "name": "ravendb",
            "tags": [],
            "visibility": "public",
            "isNew": false
        },
        {
            "organization": "java_1804",
            "key": "rave_180410",
            "name": "rave",
            "tags": [],
            "visibility": "public",
            "isNew": false
        },
        {
            "organization": "raulsebastian-github",
            "key": "RaulSchnelzerWebsite",
            "name": "RaulSchnelzer-Website",
            "tags": [],
            "visibility": "public",
            "eligibilityStatus": "COMPLETED",
            "eligible": true,
            "isNew": false
        }
    ],
    "facets": [
        {
            "property": "languages",
            "values": [
                {
                    "val": "xml",
                    "count": 14843
                },
                {
                    "val": "web",
                    "count": 13244
                },
                {
                    "val": "java",
                    "count": 13147
                },
                {
                    "val": "css",
                    "count": 11600
                },
                {
                    "val": "js",
                    "count": 11509
                },
                {
                    "val": "cs",
                    "count": 6127
                },
                {
                    "val": "php",
                    "count": 2740
                },
                {
                    "val": "py",
                    "count": 2703
                },
                {
                    "val": "ts",
                    "count": 2054
                },
                {
                    "val": "c",
                    "count": 1733
                }
            ]
        },
        {
            "property": "ncloc",
            "values": [
                {
                    "val": "*-1000.0",
                    "count": 28145
                },
                {
                    "val": "1000.0-10000.0",
                    "count": 18882
                },
                {
                    "val": "10000.0-100000.0",
                    "count": 10812
                },
                {
                    "val": "100000.0-500000.0",
                    "count": 1998
                },
                {
                    "val": "500000.0-*",
                    "count": 378
                }
            ]
        }
    ]
}