{
    "paging": {
        "pageIndex": 748,
        "pageSize": 10,
        "total": 32073
    },
    "organizations": [
        {
            "key": "awesome-social-network",
            "name": "awesome-social-network"
        },
        {
            "key": "jdinkla",
            "name": "J\u00f6rn Dinkla"
        },
        {
            "key": "drawdrawdrawdraw",
            "name": "drawdrawdrawdraw"
        },
        {
            "key": "kcelestine-github",
            "name": "Khadijah"
        },
        {
            "key": "carlos-daniel-salas-diaz",
            "name": "Carlos Daniel Salas Diaz"
        },
        {
            "key": "frmanager-github",
            "name": "frmanager"
        },
        {
            "key": "theaegisinitiative",
            "name": "The AEGIS Initiative"
        },
        {
            "key": "fightcore",
            "name": "FightCore"
        }
    ],
    "components": [
        {
            "organization": "frmanager-github",
            "key": "fr-webapp-admin:test",
            "name": "FRManager Back End test",
            "tags": [],
            "visibility": "public",
            "isNew": false
        },
        {
            "organization": "frmanager-github",
            "key": "fr-webapp",
            "name": "FRManager Front End",
            "tags": [],
            "visibility": "public",
            "isNew": false
        },
        {
            "organization": "frmanager-github",
            "key": "fr-webapp:test",
            "name": "FRManager Front End test",
            "tags": [],
            "visibility": "public",
            "isNew": false
        },
        {
            "organization": "jdinkla",
            "key": "jdinkla_from-the-ground-up-ray-tracer",
            "name": "from-the-ground-up-ray-tracer",
            "tags": [],
            "visibility": "public",
            "eligibilityStatus": "COMPLETED",
            "eligible": true,
            "isNew": false
        },
        {
            "organization": "drawdrawdrawdraw",
            "key": "drawdrawdrawdraw_fromfiles2",
            "name": "fromfiles2",
            "tags": [],
            "visibility": "public",
            "eligibilityStatus": "COMPLETED",
            "eligible": true,
            "isNew": false
        },
        {
            "organization": "kcelestine-github",
            "key": "front-end",
            "name": "front-end",
            "tags": [],
            "visibility": "public",
            "isNew": false
        },
        {
            "organization": "theaegisinitiative",
            "key": "theaegisinitiative_front-end",
            "name": "front-end",
            "tags": [],
            "visibility": "public",
            "isNew": false
        },
        {
            "organization": "awesome-social-network",
            "key": "awesome-social-network_front-office",
            "name": "front-office",
            "tags": [],
            "visibility": "public",
            "isNew": false
        },
        {
            "organization": "carlos-daniel-salas-diaz",
            "key": "Carlos-Daniel-Salas-Diaz_frontend",
            "name": "frontend",
            "tags": [],
            "visibility": "public",
            "isNew": false
        },
        {
            "organization": "fightcore",
            "key": "FightCore_Frontend",
            "name": "Frontend",
            "tags": [],
            "visibility": "public",
            "isNew": false
        }
    ],
    "facets": [
        {
            "property": "languages",
            "values": [
                {
                    "val": "xml",
                    "count": 14845
                },
                {
                    "val": "web",
                    "count": 13245
                },
                {
                    "val": "java",
                    "count": 13148
                },
                {
                    "val": "css",
                    "count": 11600
                },
                {
                    "val": "js",
                    "count": 11511
                },
                {
                    "val": "cs",
                    "count": 6127
                },
                {
                    "val": "php",
                    "count": 2740
                },
                {
                    "val": "py",
                    "count": 2703
                },
                {
                    "val": "ts",
                    "count": 2054
                },
                {
                    "val": "c",
                    "count": 1733
                }
            ]
        },
        {
            "property": "ncloc",
            "values": [
                {
                    "val": "*-1000.0",
                    "count": 28145
                },
                {
                    "val": "1000.0-10000.0",
                    "count": 18885
                },
                {
                    "val": "10000.0-100000.0",
                    "count": 10812
                },
                {
                    "val": "100000.0-500000.0",
                    "count": 1998
                },
                {
                    "val": "500000.0-*",
                    "count": 378
                }
            ]
        }
    ]
}