{
    "paging": {
        "pageIndex": 709,
        "pageSize": 10,
        "total": 32070
    },
    "organizations": [
        {
            "key": "securedevopsdelivery",
            "name": "Secure DevOps Delivery"
        }
    ],
    "components": [
        {
            "organization": "securedevopsdelivery",
            "key": "Securedevops-RF",
            "name": "Securedevops-RF",
            "tags": [],
            "visibility": "public",
            "isNew": false
        },
        {
            "organization": "securedevopsdelivery",
            "key": "Securedevops-PV",
            "name": "Securedevops-PV",
            "tags": [],
            "visibility": "public",
            "isNew": false
        },
        {
            "organization": "securedevopsdelivery",
            "key": "Securedevops-projectkey",
            "name": "Securedevops-projectname",
            "tags": [],
            "visibility": "public",
            "isNew": false
        },
        {
            "organization": "securedevopsdelivery",
            "key": "Securedevops-projectbob",
            "name": "Securedevops-projectbob",
            "tags": [],
            "visibility": "public",
            "isNew": false
        },
        {
            "organization": "securedevopsdelivery",
            "key": "Securedevops-PraveenP",
            "name": "Securedevops-PraveenP",
            "tags": [],
            "visibility": "public",
            "isNew": false
        },
        {
            "organization": "securedevopsdelivery",
            "key": "Securedevops-PP",
            "name": "Securedevops-PP",
            "tags": [],
            "visibility": "public",
            "isNew": false
        },
        {
            "organization": "securedevopsdelivery",
            "key": "Securedevops-P",
            "name": "Securedevops-P",
            "tags": [],
            "visibility": "public",
            "isNew": false
        },
        {
            "organization": "securedevopsdelivery",
            "key": "Securedevops-OF",
            "name": "Securedevops-OF",
            "tags": [],
            "visibility": "public",
            "isNew": false
        },
        {
            "organization": "securedevopsdelivery",
            "key": "Securedevops-ng",
            "name": "Securedevops-ng",
            "tags": [],
            "visibility": "public",
            "isNew": false
        },
        {
            "organization": "securedevopsdelivery",
            "key": "Securedevops-Netti",
            "name": "Securedevops-Netti",
            "tags": [],
            "visibility": "public",
            "isNew": false
        }
    ],
    "facets": [
        {
            "property": "languages",
            "values": [
                {
                    "val": "xml",
                    "count": 14843
                },
                {
                    "val": "web",
                    "count": 13244
                },
                {
                    "val": "java",
                    "count": 13147
                },
                {
                    "val": "css",
                    "count": 11600
                },
                {
                    "val": "js",
                    "count": 11509
                },
                {
                    "val": "cs",
                    "count": 6127
                },
                {
                    "val": "php",
                    "count": 2740
                },
                {
                    "val": "py",
                    "count": 2703
                },
                {
                    "val": "ts",
                    "count": 2054
                },
                {
                    "val": "c",
                    "count": 1733
                }
            ]
        },
        {
            "property": "ncloc",
            "values": [
                {
                    "val": "*-1000.0",
                    "count": 28145
                },
                {
                    "val": "1000.0-10000.0",
                    "count": 18882
                },
                {
                    "val": "10000.0-100000.0",
                    "count": 10812
                },
                {
                    "val": "100000.0-500000.0",
                    "count": 1998
                },
                {
                    "val": "500000.0-*",
                    "count": 378
                }
            ]
        }
    ]
}