{
    "paging": {
        "pageIndex": 924,
        "pageSize": 10,
        "total": 32070
    },
    "organizations": [
        {
            "key": "ado-2-workshop",
            "name": "ado-2-workshop"
        },
        {
            "key": "pramod",
            "name": "pramod"
        },
        {
            "key": "hans3l",
            "name": "H4ns3l"
        },
        {
            "key": "rafaelruwer",
            "name": "Rafael Victor Ruwer Araujo"
        },
        {
            "key": "pujamudaliar",
            "name": "pujamudaliar"
        },
        {
            "key": "woctezuma-github",
            "name": "Wok"
        },
        {
            "key": "partsunlimitednew",
            "name": "partsunlimitednew"
        },
        {
            "key": "partsunlimited1",
            "name": "partsunlimited1"
        },
        {
            "key": "webtechno-g",
            "name": "Webtechno-G"
        },
        {
            "key": "jean-giono-github",
            "name": "Jean-Giono"
        }
    ],
    "components": [
        {
            "organization": "ado-2-workshop",
            "key": "pul-test-setup",
            "name": "pul-test-setup",
            "tags": [],
            "visibility": "public",
            "isNew": false
        },
        {
            "organization": "partsunlimited1",
            "key": "partsunlimited.senecajohns",
            "name": "pul",
            "tags": [],
            "visibility": "public",
            "isNew": false
        },
        {
            "organization": "partsunlimitednew",
            "key": "partsunlimited.vishal",
            "name": "pul",
            "tags": [],
            "visibility": "public",
            "isNew": false
        },
        {
            "organization": "pujamudaliar",
            "key": "pujamudaliar_puja_minio",
            "name": "puja_minio",
            "tags": [],
            "visibility": "public",
            "eligibilityStatus": "COMPLETED",
            "eligible": true,
            "isNew": false
        },
        {
            "organization": "woctezuma-github",
            "key": "woctezuma_puissance4",
            "name": "puissance4",
            "tags": [],
            "visibility": "public",
            "isNew": false
        },
        {
            "organization": "hans3l",
            "key": "Hans3L_puebadrf",
            "name": "puebadrf",
            "tags": [],
            "visibility": "public",
            "isNew": false
        },
        {
            "organization": "rafaelruwer",
            "key": "rafaelruwer_pucrs-mansw",
            "name": "pucrs-mansw",
            "tags": [],
            "visibility": "public",
            "eligibilityStatus": "COMPLETED",
            "eligible": true,
            "isNew": false
        },
        {
            "organization": "webtechno-g",
            "key": "Webtechno-G_PubSubHubbub",
            "name": "PubSubHubbub",
            "tags": [],
            "visibility": "public",
            "eligibilityStatus": "COMPLETED",
            "eligible": true,
            "isNew": true
        },
        {
            "organization": "pramod",
            "key": "pubpcalculator",
            "name": "pubpcalculator",
            "tags": [],
            "visibility": "public",
            "isNew": false
        },
        {
            "organization": "jean-giono-github",
            "key": "Jean-Giono_java",
            "name": "pubnub-gson",
            "tags": [],
            "visibility": "public",
            "isNew": false
        }
    ],
    "facets": [
        {
            "property": "languages",
            "values": [
                {
                    "val": "xml",
                    "count": 14843
                },
                {
                    "val": "web",
                    "count": 13244
                },
                {
                    "val": "java",
                    "count": 13147
                },
                {
                    "val": "css",
                    "count": 11600
                },
                {
                    "val": "js",
                    "count": 11509
                },
                {
                    "val": "cs",
                    "count": 6127
                },
                {
                    "val": "php",
                    "count": 2740
                },
                {
                    "val": "py",
                    "count": 2703
                },
                {
                    "val": "ts",
                    "count": 2054
                },
                {
                    "val": "c",
                    "count": 1733
                }
            ]
        },
        {
            "property": "ncloc",
            "values": [
                {
                    "val": "*-1000.0",
                    "count": 28145
                },
                {
                    "val": "1000.0-10000.0",
                    "count": 18882
                },
                {
                    "val": "10000.0-100000.0",
                    "count": 10812
                },
                {
                    "val": "100000.0-500000.0",
                    "count": 1998
                },
                {
                    "val": "500000.0-*",
                    "count": 378
                }
            ]
        }
    ]
}