{
    "paging": {
        "pageIndex": 686,
        "pageSize": 10,
        "total": 32071
    },
    "organizations": [
        {
            "key": "flavia-p",
            "name": "flavia-p"
        },
        {
            "key": "jrjs1996-github",
            "name": "James Scarrow"
        },
        {
            "key": "malavasiale",
            "name": "malavasiale"
        },
        {
            "key": "valevalefra",
            "name": "valevalefra"
        },
        {
            "key": "pippopaperino",
            "name": "Capo80"
        },
        {
            "key": "kentico-github",
            "name": "Kentico-github"
        },
        {
            "key": "cesto93",
            "name": "cesto93"
        },
        {
            "key": "lexie93",
            "name": "Lexie93"
        },
        {
            "key": "lucavaiana",
            "name": "Luca Vaiana"
        }
    ],
    "components": [
        {
            "organization": "lexie93",
            "key": "Lexie93_Deliverable2",
            "name": "Deliverable2",
            "tags": [],
            "visibility": "public",
            "eligibilityStatus": "COMPLETED",
            "eligible": false,
            "isNew": false
        },
        {
            "organization": "lucavaiana",
            "key": "LucaVaiana_Deliverable2",
            "name": "Deliverable2",
            "tags": [],
            "visibility": "public",
            "eligibilityStatus": "COMPLETED",
            "eligible": false,
            "isNew": true
        },
        {
            "organization": "valevalefra",
            "key": "Valevalefra_Deliverable2",
            "name": "Deliverable2",
            "tags": [],
            "visibility": "public",
            "isNew": false
        },
        {
            "organization": "cesto93",
            "key": "cesto93_deliverable2",
            "name": "deliverable2",
            "tags": [],
            "visibility": "public",
            "eligibilityStatus": "COMPLETED",
            "eligible": false,
            "isNew": false
        },
        {
            "organization": "flavia-p",
            "key": "flavia-p_Deliverable2",
            "name": "Deliverable2",
            "tags": [],
            "visibility": "public",
            "isNew": false
        },
        {
            "organization": "pippopaperino",
            "key": "Capo80_Deliverable_2",
            "name": "Deliverable_2",
            "tags": [],
            "visibility": "public",
            "eligibilityStatus": "COMPLETED",
            "eligible": false,
            "isNew": false
        },
        {
            "organization": "malavasiale",
            "key": "malavasiale_deliverabletwom1",
            "name": "deliverabletwom1",
            "tags": [],
            "visibility": "public",
            "eligibilityStatus": "COMPLETED",
            "eligible": false,
            "isNew": false
        },
        {
            "organization": "kentico-github",
            "key": "delivery-sdk-java:delivery",
            "name": "delivery",
            "tags": [],
            "visibility": "public",
            "isNew": false
        },
        {
            "organization": "jrjs1996-github",
            "key": "jrjs1996_Delivery",
            "name": "Delivery",
            "tags": [],
            "visibility": "public",
            "isNew": false
        },
        {
            "organization": "kentico-github",
            "key": "com.kenticocloud:delivery-sdk-java",
            "name": "delivery-sdk-java",
            "tags": [],
            "visibility": "public",
            "isNew": false
        }
    ],
    "facets": [
        {
            "property": "languages",
            "values": [
                {
                    "val": "xml",
                    "count": 14844
                },
                {
                    "val": "web",
                    "count": 13244
                },
                {
                    "val": "java",
                    "count": 13148
                },
                {
                    "val": "css",
                    "count": 11599
                },
                {
                    "val": "js",
                    "count": 11509
                },
                {
                    "val": "cs",
                    "count": 6127
                },
                {
                    "val": "php",
                    "count": 2740
                },
                {
                    "val": "py",
                    "count": 2703
                },
                {
                    "val": "ts",
                    "count": 2054
                },
                {
                    "val": "c",
                    "count": 1733
                }
            ]
        },
        {
            "property": "ncloc",
            "values": [
                {
                    "val": "*-1000.0",
                    "count": 28144
                },
                {
                    "val": "1000.0-10000.0",
                    "count": 18883
                },
                {
                    "val": "10000.0-100000.0",
                    "count": 10812
                },
                {
                    "val": "100000.0-500000.0",
                    "count": 1998
                },
                {
                    "val": "500000.0-*",
                    "count": 378
                }
            ]
        }
    ]
}