{
    "paging": {
        "pageIndex": 975,
        "pageSize": 10,
        "total": 32075
    },
    "organizations": [
        {
            "key": "conghau020304",
            "name": "Tr\u01b0\u01a1ng C\u00f4ng H\u1eadu"
        },
        {
            "key": "dreamebear",
            "name": "dreamebear"
        },
        {
            "key": "final-project-group",
            "name": "final-project-group"
        },
        {
            "key": "suminb-github",
            "name": "Sumin Byeon"
        },
        {
            "key": "saurabh1369",
            "name": "Saurabh1369"
        },
        {
            "key": "gansm",
            "name": "Markus Gans"
        },
        {
            "key": "final-project",
            "name": "final_project"
        },
        {
            "key": "jebradbury39-github",
            "name": "jebradbury39"
        },
        {
            "key": "brontik-github",
            "name": "BRONTIK"
        },
        {
            "key": "kiransai16-github",
            "name": "KiranSai16"
        }
    ],
    "components": [
        {
            "organization": "conghau020304",
            "key": "conghau020304_final-project",
            "name": "final-project",
            "tags": [],
            "visibility": "public",
            "isNew": false
        },
        {
            "organization": "final-project-group",
            "key": "final-project-key",
            "name": "final-project",
            "tags": [],
            "visibility": "public",
            "isNew": false
        },
        {
            "organization": "final-project",
            "key": "final-project",
            "name": "Final-Project in DanIT",
            "tags": [],
            "visibility": "public",
            "isNew": false
        },
        {
            "organization": "kiransai16-github",
            "key": "NewProject",
            "name": "FinalAssignment Maven Webapp",
            "tags": [],
            "visibility": "public",
            "isNew": false
        },
        {
            "organization": "gansm",
            "key": "gansm_finalcut",
            "name": "finalcut",
            "tags": [],
            "visibility": "public",
            "eligibilityStatus": "COMPLETED",
            "eligible": false,
            "isNew": false
        },
        {
            "organization": "dreamebear",
            "key": "dreamebear_finalProject",
            "name": "finalProject",
            "tags": [],
            "visibility": "public",
            "isNew": false
        },
        {
            "organization": "jebradbury39-github",
            "key": "bradbury.je.finalproject305:finalproject305",
            "name": "finalproject305",
            "tags": [],
            "visibility": "public",
            "isNew": false
        },
        {
            "organization": "saurabh1369",
            "key": "Saurabh1369_FinalProject_Angular",
            "name": "FinalProject_Angular",
            "tags": [],
            "visibility": "public",
            "eligibilityStatus": "COMPLETED",
            "eligible": true,
            "isNew": true
        },
        {
            "organization": "brontik-github",
            "key": "BRONTIK_finaltest",
            "name": "finaltest",
            "tags": [],
            "visibility": "public",
            "isNew": false
        },
        {
            "organization": "suminb-github",
            "key": "finance",
            "name": "finance",
            "tags": [],
            "visibility": "public",
            "isNew": false
        }
    ],
    "facets": [
        {
            "property": "languages",
            "values": [
                {
                    "val": "xml",
                    "count": 14846
                },
                {
                    "val": "web",
                    "count": 13246
                },
                {
                    "val": "java",
                    "count": 13149
                },
                {
                    "val": "css",
                    "count": 11600
                },
                {
                    "val": "js",
                    "count": 11511
                },
                {
                    "val": "cs",
                    "count": 6127
                },
                {
                    "val": "php",
                    "count": 2740
                },
                {
                    "val": "py",
                    "count": 2704
                },
                {
                    "val": "ts",
                    "count": 2054
                },
                {
                    "val": "c",
                    "count": 1733
                }
            ]
        },
        {
            "property": "ncloc",
            "values": [
                {
                    "val": "*-1000.0",
                    "count": 28146
                },
                {
                    "val": "1000.0-10000.0",
                    "count": 18886
                },
                {
                    "val": "10000.0-100000.0",
                    "count": 10813
                },
                {
                    "val": "100000.0-500000.0",
                    "count": 1998
                },
                {
                    "val": "500000.0-*",
                    "count": 378
                }
            ]
        }
    ]
}