{
    "paging": {
        "pageIndex": 932,
        "pageSize": 10,
        "total": 32073
    },
    "organizations": [
        {
            "key": "dsmithson-github",
            "name": "Derek Smithson"
        },
        {
            "key": "marium027-bitbucket",
            "name": "Marium Khalid"
        },
        {
            "key": "api4kbs",
            "name": "API for Knowledge Bases and Platforms"
        },
        {
            "key": "sit-kmutt",
            "name": "SIT KMUTT"
        }
    ],
    "components": [
        {
            "organization": "api4kbs",
            "key": "API4KBs_kmdp-models",
            "name": "KMDP :: Models, Languages and Tools Core Implementation",
            "tags": [],
            "visibility": "public",
            "isNew": false
        },
        {
            "organization": "api4kbs",
            "key": "API4KBs_kmdp-asset-repository",
            "name": "KMDP :: Server :: Knowledge Asset Repository Service",
            "tags": [],
            "visibility": "public",
            "isNew": false
        },
        {
            "organization": "api4kbs",
            "key": "API4KBs_kmdp-language",
            "name": "KMDP :: Server :: Knowledge Transrepresentation Service",
            "tags": [],
            "visibility": "public",
            "isNew": false
        },
        {
            "organization": "api4kbs",
            "key": "API4KBs_kmdp-reasoning-service",
            "name": "KMDP :: Server :: TEST :: Inference Broker",
            "tags": [],
            "visibility": "public",
            "isNew": false
        },
        {
            "organization": "api4kbs",
            "key": "API4KBs_kmdp-artifact-repository",
            "name": "kmdp-knowledge-artifact-repository",
            "tags": [],
            "visibility": "public",
            "isNew": false
        },
        {
            "organization": "marium027-bitbucket",
            "key": "kmoddebstretchee",
            "name": "kmoddebstretchee",
            "tags": [],
            "visibility": "public",
            "isNew": false
        },
        {
            "organization": "marium027-bitbucket",
            "key": "kmodxenial",
            "name": "kmodxenial",
            "tags": [],
            "visibility": "public",
            "isNew": false
        },
        {
            "organization": "sit-kmutt",
            "key": "sit:int206:KMUTTRMS:Dummy",
            "name": "KMUTT-RMS Club Dummy",
            "tags": [],
            "visibility": "public",
            "isNew": false
        },
        {
            "organization": "sit-kmutt",
            "key": "sit:int105:KMUTT-RMS-JSP",
            "name": "KMUTT-RMS-JSP",
            "tags": [],
            "visibility": "public",
            "isNew": false
        },
        {
            "organization": "dsmithson-github",
            "key": "dsmithson_KnightwareCore",
            "name": "KnightwareCore",
            "tags": [],
            "visibility": "public",
            "isNew": false
        }
    ],
    "facets": [
        {
            "property": "languages",
            "values": [
                {
                    "val": "xml",
                    "count": 14845
                },
                {
                    "val": "web",
                    "count": 13245
                },
                {
                    "val": "java",
                    "count": 13148
                },
                {
                    "val": "css",
                    "count": 11600
                },
                {
                    "val": "js",
                    "count": 11511
                },
                {
                    "val": "cs",
                    "count": 6127
                },
                {
                    "val": "php",
                    "count": 2740
                },
                {
                    "val": "py",
                    "count": 2703
                },
                {
                    "val": "ts",
                    "count": 2054
                },
                {
                    "val": "c",
                    "count": 1733
                }
            ]
        },
        {
            "property": "ncloc",
            "values": [
                {
                    "val": "*-1000.0",
                    "count": 28145
                },
                {
                    "val": "1000.0-10000.0",
                    "count": 18885
                },
                {
                    "val": "10000.0-100000.0",
                    "count": 10812
                },
                {
                    "val": "100000.0-500000.0",
                    "count": 1998
                },
                {
                    "val": "500000.0-*",
                    "count": 378
                }
            ]
        }
    ]
}