{
    "paging": {
        "pageIndex": 921,
        "pageSize": 10,
        "total": 32064
    },
    "organizations": [
        {
            "key": "manusa-github",
            "name": "Marc Nuri"
        },
        {
            "key": "pocga-github",
            "name": "pocga"
        },
        {
            "key": "vijayvani-github",
            "name": "vijayvani"
        },
        {
            "key": "marcellogpassos-bitbucket",
            "name": "Marcello Passos"
        },
        {
            "key": "aborozdykh",
            "name": "aborozdykh"
        },
        {
            "key": "rondoublec",
            "name": "R\u00e9my"
        },
        {
            "key": "babylon3389-github",
            "name": "babylon3389"
        },
        {
            "key": "makamekm",
            "name": "Makame"
        },
        {
            "key": "touchbit",
            "name": "TouchBIT"
        },
        {
            "key": "kaloglu-github",
            "name": "kaloglu"
        }
    ],
    "components": [
        {
            "organization": "makamekm",
            "key": "makamekm_meet-event",
            "name": "meet-event",
            "tags": [],
            "visibility": "public",
            "isNew": false
        },
        {
            "organization": "aborozdykh",
            "key": "internet-shop",
            "name": "internet-shop",
            "tags": [],
            "visibility": "public",
            "eligibilityStatus": "COMPLETED",
            "eligible": false,
            "isNew": false
        },
        {
            "organization": "kaloglu-github",
            "key": "kaloglu_BedavaNeVarAdmin-Android",
            "name": "BedavaNeVarAdmin-Android",
            "tags": [],
            "visibility": "public",
            "isNew": false
        },
        {
            "organization": "touchbit",
            "key": "org.touchbit:gitlab-merge-request-jira-plugin",
            "name": "GitLab merge request jira plugin",
            "tags": [],
            "visibility": "public",
            "isNew": false
        },
        {
            "organization": "vijayvani-github",
            "key": "vijayvani_yubico-java-client",
            "name": "Yubico OTP validation client",
            "tags": [],
            "visibility": "public",
            "isNew": false
        },
        {
            "organization": "marcellogpassos-bitbucket",
            "key": "br.com.unimedjp.areadofornecedor",
            "name": "areadofornecedor",
            "tags": [],
            "visibility": "public",
            "isNew": false
        },
        {
            "organization": "pocga-github",
            "key": "com.sophossolutions.pocga:PedidosGA",
            "name": "PedidosGA",
            "tags": [],
            "visibility": "public",
            "isNew": false
        },
        {
            "organization": "rondoublec",
            "key": "Rondoublec_myerp9",
            "name": "AppMyERP",
            "tags": [],
            "visibility": "public",
            "eligibilityStatus": "COMPLETED",
            "eligible": false,
            "isNew": false
        },
        {
            "organization": "manusa-github",
            "key": "manusa_electronim",
            "name": "ElectronIM",
            "tags": [],
            "visibility": "public",
            "isNew": false
        },
        {
            "organization": "babylon3389-github",
            "key": "babylon3389_survey-example-spring-boot-angular",
            "name": "survey-poc",
            "tags": [],
            "visibility": "public",
            "isNew": false
        }
    ],
    "facets": [
        {
            "property": "languages",
            "values": [
                {
                    "val": "xml",
                    "count": 14841
                },
                {
                    "val": "web",
                    "count": 13242
                },
                {
                    "val": "java",
                    "count": 13146
                },
                {
                    "val": "css",
                    "count": 11597
                },
                {
                    "val": "js",
                    "count": 11505
                },
                {
                    "val": "cs",
                    "count": 6126
                },
                {
                    "val": "php",
                    "count": 2740
                },
                {
                    "val": "py",
                    "count": 2703
                },
                {
                    "val": "ts",
                    "count": 2053
                },
                {
                    "val": "c",
                    "count": 1733
                }
            ]
        },
        {
            "property": "ncloc",
            "values": [
                {
                    "val": "*-1000.0",
                    "count": 28143
                },
                {
                    "val": "1000.0-10000.0",
                    "count": 18879
                },
                {
                    "val": "10000.0-100000.0",
                    "count": 10810
                },
                {
                    "val": "100000.0-500000.0",
                    "count": 1997
                },
                {
                    "val": "500000.0-*",
                    "count": 378
                }
            ]
        }
    ]
}