{
    "paging": {
        "pageIndex": 126,
        "pageSize": 10,
        "total": 32066
    },
    "organizations": [
        {
            "key": "kmd-developer-bitbucket",
            "name": "KrazzyMania Designs"
        },
        {
            "key": "flaviogodwosen",
            "name": "FlavioGodwosen"
        },
        {
            "key": "aluizt",
            "name": "Alexandre Luiz Tavares"
        },
        {
            "key": "csys-fresher-batch-2019",
            "name": "ChainsysTraining"
        },
        {
            "key": "siviotti-github",
            "name": "Douglas Siviotti"
        },
        {
            "key": "button-github",
            "name": "button"
        },
        {
            "key": "glorifiedking",
            "name": "Raymond Byaruhanga"
        },
        {
            "key": "gerardhysa-github",
            "name": "gerardhysa"
        },
        {
            "key": "julianoserpa-github",
            "name": "Juliano Serpa"
        },
        {
            "key": "fivesenses",
            "name": "Five Senses Coffee"
        }
    ],
    "components": [
        {
            "organization": "fivesenses",
            "key": "fivesenses_business_central",
            "name": "business_central",
            "tags": [],
            "visibility": "public",
            "eligibilityStatus": "COMPLETED",
            "eligible": true,
            "isNew": false
        },
        {
            "organization": "julianoserpa-github",
            "key": "BusinessLangEvaluator",
            "name": "BusinessLangEvaluator",
            "tags": [],
            "visibility": "public",
            "isNew": false
        },
        {
            "organization": "kmd-developer-bitbucket",
            "key": "kmd-developer_business-management",
            "name": "BusinessManagement",
            "tags": [],
            "visibility": "public",
            "isNew": false
        },
        {
            "organization": "aluizt",
            "key": "buspoa",
            "name": "buspoa",
            "tags": [],
            "visibility": "public",
            "isNew": false
        },
        {
            "organization": "csys-fresher-batch-2019",
            "key": "csys-fresher-batch-2019_busticketapp-manoj",
            "name": "BusTicket",
            "tags": [],
            "visibility": "public",
            "isNew": false
        },
        {
            "organization": "glorifiedking",
            "key": "glorifiedKing_bustravel",
            "name": "bustravel",
            "tags": [],
            "visibility": "public",
            "isNew": false
        },
        {
            "organization": "button-github",
            "key": "button-github",
            "name": "Button 309 Project",
            "tags": [],
            "visibility": "public",
            "isNew": false
        },
        {
            "organization": "siviotti-github",
            "key": "br.net.buzu:buzu",
            "name": "buzu",
            "tags": [],
            "visibility": "public",
            "isNew": false
        },
        {
            "organization": "flaviogodwosen",
            "key": "FlavioGodwosen_bvb-brasil",
            "name": "bvb-brasil",
            "tags": [],
            "visibility": "public",
            "eligibilityStatus": "COMPLETED",
            "eligible": false,
            "isNew": false
        },
        {
            "organization": "gerardhysa-github",
            "key": "bwa2",
            "name": "bwa2",
            "tags": [],
            "visibility": "public",
            "isNew": false
        }
    ],
    "facets": [
        {
            "property": "languages",
            "values": [
                {
                    "val": "xml",
                    "count": 14842
                },
                {
                    "val": "web",
                    "count": 13243
                },
                {
                    "val": "java",
                    "count": 13146
                },
                {
                    "val": "css",
                    "count": 11599
                },
                {
                    "val": "js",
                    "count": 11508
                },
                {
                    "val": "cs",
                    "count": 6126
                },
                {
                    "val": "php",
                    "count": 2740
                },
                {
                    "val": "py",
                    "count": 2703
                },
                {
                    "val": "ts",
                    "count": 2054
                },
                {
                    "val": "c",
                    "count": 1733
                }
            ]
        },
        {
            "property": "ncloc",
            "values": [
                {
                    "val": "*-1000.0",
                    "count": 28145
                },
                {
                    "val": "1000.0-10000.0",
                    "count": 18880
                },
                {
                    "val": "10000.0-100000.0",
                    "count": 10810
                },
                {
                    "val": "100000.0-500000.0",
                    "count": 1998
                },
                {
                    "val": "500000.0-*",
                    "count": 378
                }
            ]
        }
    ]
}