{
    "paging": {
        "pageIndex": 190,
        "pageSize": 10,
        "total": 32064
    },
    "organizations": [
        {
            "key": "gcio-coco",
            "name": "gcio-coco"
        },
        {
            "key": "codice",
            "name": "codice"
        },
        {
            "key": "dgladyshev-github",
            "name": "Dmitry Gladyshev"
        },
        {
            "key": "echipagcp-github",
            "name": "echipaGCP"
        },
        {
            "key": "mediathekview",
            "name": "mediathekview"
        },
        {
            "key": "sherry975-rxi",
            "name": "sherry975-rxi"
        },
        {
            "key": "connexta-test",
            "name": "Connexta-Test"
        },
        {
            "key": "philipparndt-github",
            "name": "Philipp Arndt"
        }
    ],
    "components": [
        {
            "organization": "connexta-test",
            "key": "org.codice.ddf.admin.query:admin",
            "name": "DDF :: Admin Console",
            "tags": [],
            "visibility": "public",
            "isNew": false
        },
        {
            "organization": "codice",
            "key": "codice_ddf-admin-ui",
            "name": "ddf-admin-ui",
            "tags": [],
            "visibility": "public",
            "eligibilityStatus": "COMPLETED",
            "eligible": true,
            "isNew": false
        },
        {
            "organization": "sherry975-rxi",
            "key": "sherry975-rxi_ddf-solr",
            "name": "ddf-solr",
            "tags": [],
            "visibility": "public",
            "isNew": false
        },
        {
            "organization": "echipagcp-github",
            "key": "ddordermicroservice",
            "name": "DDOrderMicroservice",
            "tags": [],
            "visibility": "public",
            "isNew": false
        },
        {
            "organization": "echipagcp-github",
            "key": "ddshoppinglistmicroservice",
            "name": "ddshoppinglistmicroservice generated by jhipster",
            "tags": [],
            "visibility": "public",
            "isNew": false
        },
        {
            "organization": "gcio-coco",
            "key": "ddTracker",
            "name": "ddTracker",
            "tags": [],
            "visibility": "public",
            "isNew": false
        },
        {
            "organization": "mediathekview",
            "key": "mediathekview_MLib",
            "name": "de.mediathekview:MLib",
            "tags": [],
            "visibility": "public",
            "isNew": false
        },
        {
            "organization": "philipparndt-github",
            "key": "de.rnd7.calexport:de.rnd7.calexport",
            "name": "de.rnd7.calexport",
            "tags": [],
            "visibility": "public",
            "isNew": false
        },
        {
            "organization": "dgladyshev-github",
            "key": "com.dgladyshev.dead-code-detector",
            "name": "Dead Code Detector",
            "tags": [],
            "visibility": "public",
            "isNew": false
        },
        {
            "organization": "dgladyshev-github",
            "key": "com.dgladyshev.dead-code-detector:v2_experimental_neo4j",
            "name": "Dead Code Detector v2_experimental_neo4j",
            "tags": [],
            "visibility": "public",
            "isNew": false
        }
    ],
    "facets": [
        {
            "property": "languages",
            "values": [
                {
                    "val": "xml",
                    "count": 14842
                },
                {
                    "val": "web",
                    "count": 13242
                },
                {
                    "val": "java",
                    "count": 13146
                },
                {
                    "val": "css",
                    "count": 11597
                },
                {
                    "val": "js",
                    "count": 11505
                },
                {
                    "val": "cs",
                    "count": 6126
                },
                {
                    "val": "php",
                    "count": 2740
                },
                {
                    "val": "py",
                    "count": 2703
                },
                {
                    "val": "ts",
                    "count": 2053
                },
                {
                    "val": "c",
                    "count": 1733
                }
            ]
        },
        {
            "property": "ncloc",
            "values": [
                {
                    "val": "*-1000.0",
                    "count": 28144
                },
                {
                    "val": "1000.0-10000.0",
                    "count": 18878
                },
                {
                    "val": "10000.0-100000.0",
                    "count": 10811
                },
                {
                    "val": "100000.0-500000.0",
                    "count": 1997
                },
                {
                    "val": "500000.0-*",
                    "count": 378
                }
            ]
        }
    ]
}