{
    "paging": {
        "pageIndex": 427,
        "pageSize": 10,
        "total": 32066
    },
    "organizations": [
        {
            "key": "pradameinhof",
            "name": "pradameinhof"
        },
        {
            "key": "bouch",
            "name": "bouch"
        },
        {
            "key": "frbr1245-github",
            "name": "Wil Braun"
        },
        {
            "key": "adriantdlg",
            "name": "adriantdlg"
        },
        {
            "key": "qarmin-1",
            "name": "Rafa\u0142"
        },
        {
            "key": "shaun-lawrenson89127",
            "name": "Shaun Lawrenson"
        },
        {
            "key": "kmcquade",
            "name": "Kinnaird McQuade"
        },
        {
            "key": "testinguser883",
            "name": "testinguser883"
        },
        {
            "key": "slandail-github",
            "name": "slandail"
        },
        {
            "key": "thomuk",
            "name": "Thom"
        }
    ],
    "components": [
        {
            "organization": "kmcquade",
            "key": "kmcquade_dvna",
            "name": "dvna",
            "tags": [],
            "visibility": "public",
            "eligibilityStatus": "COMPLETED",
            "eligible": true,
            "isNew": false
        },
        {
            "organization": "bouch",
            "key": "sw-secure_dvna",
            "name": "dvna",
            "tags": [],
            "visibility": "public",
            "isNew": false
        },
        {
            "organization": "testinguser883",
            "key": "testinguser883_dvna",
            "name": "dvna",
            "tags": [],
            "visibility": "public",
            "isNew": false
        },
        {
            "organization": "adriantdlg",
            "key": "adriantdlg_dvpwa",
            "name": "dvpwa",
            "tags": [],
            "visibility": "public",
            "eligibilityStatus": "COMPLETED",
            "eligible": true,
            "isNew": false
        },
        {
            "organization": "pradameinhof",
            "key": "pradameinhof_dvpwa",
            "name": "dvpwa",
            "tags": [],
            "visibility": "public",
            "eligibilityStatus": "COMPLETED",
            "eligible": true,
            "isNew": false
        },
        {
            "organization": "slandail-github",
            "key": "slandail_dvpwa",
            "name": "dvpwa",
            "tags": [],
            "visibility": "public",
            "isNew": false
        },
        {
            "organization": "shaun-lawrenson89127",
            "key": "DVTAcademy",
            "name": "DVTAcademy",
            "tags": [],
            "visibility": "public",
            "isNew": false
        },
        {
            "organization": "frbr1245-github",
            "key": "dw-key",
            "name": "dw-key",
            "tags": [],
            "visibility": "public",
            "isNew": false
        },
        {
            "organization": "thomuk",
            "key": "ThomUK_DXFighter",
            "name": "DXFighter",
            "tags": [],
            "visibility": "public",
            "eligibilityStatus": "COMPLETED",
            "eligible": true,
            "isNew": true
        },
        {
            "organization": "qarmin-1",
            "key": "qarmin_dxvk",
            "name": "dxvk",
            "tags": [],
            "visibility": "public",
            "isNew": false
        }
    ],
    "facets": [
        {
            "property": "languages",
            "values": [
                {
                    "val": "xml",
                    "count": 14842
                },
                {
                    "val": "web",
                    "count": 13243
                },
                {
                    "val": "java",
                    "count": 13146
                },
                {
                    "val": "css",
                    "count": 11599
                },
                {
                    "val": "js",
                    "count": 11508
                },
                {
                    "val": "cs",
                    "count": 6126
                },
                {
                    "val": "php",
                    "count": 2740
                },
                {
                    "val": "py",
                    "count": 2703
                },
                {
                    "val": "ts",
                    "count": 2054
                },
                {
                    "val": "c",
                    "count": 1733
                }
            ]
        },
        {
            "property": "ncloc",
            "values": [
                {
                    "val": "*-1000.0",
                    "count": 28146
                },
                {
                    "val": "1000.0-10000.0",
                    "count": 18880
                },
                {
                    "val": "10000.0-100000.0",
                    "count": 10810
                },
                {
                    "val": "100000.0-500000.0",
                    "count": 1998
                },
                {
                    "val": "500000.0-*",
                    "count": 378
                }
            ]
        }
    ]
}