{
    "paging": {
        "pageIndex": 620,
        "pageSize": 10,
        "total": 32064
    },
    "organizations": [
        {
            "key": "bluntapp",
            "name": "BluntApp"
        },
        {
            "key": "balusc-github",
            "name": "OmniFaces"
        },
        {
            "key": "freightforge",
            "name": "FreightForge"
        },
        {
            "key": "okty-io",
            "name": "Okty"
        },
        {
            "key": "mu1206-github",
            "name": "mu1206"
        },
        {
            "key": "milos-ostojic22707",
            "name": "Milos Ostojic"
        },
        {
            "key": "onebeartoe-github",
            "name": "Roberto Marquez"
        }
    ],
    "components": [
        {
            "organization": "okty-io",
            "key": "Okty-io_okty-learning",
            "name": "Okty Learning",
            "tags": [],
            "visibility": "public",
            "isNew": false
        },
        {
            "organization": "okty-io",
            "key": "Okty-io_okty-server",
            "name": "Okty Server",
            "tags": [],
            "visibility": "public",
            "isNew": false
        },
        {
            "organization": "balusc-github",
            "key": "org.omnifaces:omnifaces",
            "name": "OmniFaces",
            "tags": [],
            "visibility": "public",
            "isNew": false
        },
        {
            "organization": "bluntapp",
            "key": "BluntApp_onboard-service",
            "name": "onboard-service",
            "tags": [],
            "visibility": "public",
            "isNew": false
        },
        {
            "organization": "freightforge",
            "key": "com.freightforge:onboarding-mail-integration",
            "name": "onboarding-mail-integration",
            "tags": [],
            "visibility": "public",
            "isNew": false
        },
        {
            "organization": "milos-ostojic22707",
            "key": "eFrontIOnBServices",
            "name": "OnBServices",
            "tags": [],
            "visibility": "public",
            "isNew": false
        },
        {
            "organization": "milos-ostojic22707",
            "key": "eFrontIOnbWebApp",
            "name": "OnBWebApp",
            "tags": [],
            "visibility": "public",
            "isNew": false
        },
        {
            "organization": "mu1206-github",
            "key": "mu1206",
            "name": "one_check",
            "tags": [],
            "visibility": "public",
            "isNew": false
        },
        {
            "organization": "mu1206-github",
            "key": "mu1206_one_check",
            "name": "one_check",
            "tags": [],
            "visibility": "public",
            "isNew": false
        },
        {
            "organization": "onebeartoe-github",
            "key": "org.onebeartoe:onebeartoe-building-applications-parent",
            "name": "onebeartoe-building-applications",
            "tags": [],
            "visibility": "public",
            "isNew": false
        }
    ],
    "facets": [
        {
            "property": "languages",
            "values": [
                {
                    "val": "xml",
                    "count": 14841
                },
                {
                    "val": "web",
                    "count": 13242
                },
                {
                    "val": "java",
                    "count": 13146
                },
                {
                    "val": "css",
                    "count": 11597
                },
                {
                    "val": "js",
                    "count": 11505
                },
                {
                    "val": "cs",
                    "count": 6126
                },
                {
                    "val": "php",
                    "count": 2740
                },
                {
                    "val": "py",
                    "count": 2703
                },
                {
                    "val": "ts",
                    "count": 2053
                },
                {
                    "val": "c",
                    "count": 1733
                }
            ]
        },
        {
            "property": "ncloc",
            "values": [
                {
                    "val": "*-1000.0",
                    "count": 28143
                },
                {
                    "val": "1000.0-10000.0",
                    "count": 18879
                },
                {
                    "val": "10000.0-100000.0",
                    "count": 10810
                },
                {
                    "val": "100000.0-500000.0",
                    "count": 1997
                },
                {
                    "val": "500000.0-*",
                    "count": 378
                }
            ]
        }
    ]
}