{
    "paging": {
        "pageIndex": 806,
        "pageSize": 10,
        "total": 32066
    },
    "organizations": [
        {
            "key": "nikkyai-github",
            "name": "NikkyAI"
        },
        {
            "key": "eqrx",
            "name": "Alexander Sowitzki"
        },
        {
            "key": "maruta-bis5-github",
            "name": "maruTA-bis5"
        },
        {
            "key": "slachiewicz-github",
            "name": "slachiewicz-github"
        },
        {
            "key": "nhill",
            "name": "nhill"
        },
        {
            "key": "mauroandreadevopsacademy-github",
            "name": "mauroandreadevopsacademy"
        },
        {
            "key": "iohva-github",
            "name": "iohva"
        },
        {
            "key": "yadickson-github",
            "name": "Yadickson Soto"
        },
        {
            "key": "aurel-schwitter55418",
            "name": "Aurel Schwitter"
        },
        {
            "key": "mattvalencia-github",
            "name": "mattvalencia"
        }
    ],
    "components": [
        {
            "organization": "aurel-schwitter55418",
            "key": "ch.zhaw.psit3:Matterhorn",
            "name": "Matterhorn",
            "tags": [],
            "visibility": "public",
            "isNew": false
        },
        {
            "organization": "nikkyai-github",
            "key": "MatterLink",
            "name": "MatterLink",
            "tags": [],
            "visibility": "public",
            "isNew": false
        },
        {
            "organization": "maruta-bis5-github",
            "key": "net.bis5.mattermost4j:mattermost4j-parent",
            "name": "Mattermost4J Parent POM",
            "tags": [],
            "visibility": "public",
            "isNew": false
        },
        {
            "organization": "mattvalencia-github",
            "key": "matthew1995project1PizzaStore",
            "name": "matthew1995project1PizzaStore",
            "tags": [],
            "visibility": "public",
            "isNew": false
        },
        {
            "organization": "nhill",
            "key": "maug-t1_maugtest",
            "name": "maugtest",
            "tags": [],
            "visibility": "public",
            "isNew": false
        },
        {
            "organization": "mauroandreadevopsacademy-github",
            "key": "mauroandreadevopsacademy",
            "name": "MauroAndrea-Devops",
            "tags": [],
            "visibility": "public",
            "isNew": false
        },
        {
            "organization": "eqrx",
            "key": "eqrx_mauzr",
            "name": "mauzr",
            "tags": [],
            "visibility": "public",
            "eligibilityStatus": "COMPLETED",
            "eligible": true,
            "isNew": false
        },
        {
            "organization": "iohva-github",
            "key": "iohva_fys",
            "name": "maven",
            "tags": [],
            "visibility": "public",
            "isNew": false
        },
        {
            "organization": "slachiewicz-github",
            "key": "slachiewicz_maven",
            "name": "maven",
            "tags": [],
            "visibility": "public",
            "isNew": false
        },
        {
            "organization": "yadickson-github",
            "key": "com.github.yadickson:autoplsp",
            "name": "Maven Auto PLSQL/SP Generator Plugin",
            "tags": [],
            "visibility": "public",
            "isNew": false
        }
    ],
    "facets": [
        {
            "property": "languages",
            "values": [
                {
                    "val": "xml",
                    "count": 14842
                },
                {
                    "val": "web",
                    "count": 13243
                },
                {
                    "val": "java",
                    "count": 13146
                },
                {
                    "val": "css",
                    "count": 11599
                },
                {
                    "val": "js",
                    "count": 11508
                },
                {
                    "val": "cs",
                    "count": 6126
                },
                {
                    "val": "php",
                    "count": 2740
                },
                {
                    "val": "py",
                    "count": 2703
                },
                {
                    "val": "ts",
                    "count": 2054
                },
                {
                    "val": "c",
                    "count": 1733
                }
            ]
        },
        {
            "property": "ncloc",
            "values": [
                {
                    "val": "*-1000.0",
                    "count": 28146
                },
                {
                    "val": "1000.0-10000.0",
                    "count": 18880
                },
                {
                    "val": "10000.0-100000.0",
                    "count": 10810
                },
                {
                    "val": "100000.0-500000.0",
                    "count": 1998
                },
                {
                    "val": "500000.0-*",
                    "count": 378
                }
            ]
        }
    ]
}