{
    "paging": {
        "pageIndex": 563,
        "pageSize": 10,
        "total": 32075
    },
    "organizations": [
        {
            "key": "cn-src",
            "name": "cn-src"
        },
        {
            "key": "johndavidorr-github",
            "name": "JohnDavidOrr"
        },
        {
            "key": "swagcat14-github",
            "name": "swagcat14"
        },
        {
            "key": "sonicity-github",
            "name": "Sonicity"
        },
        {
            "key": "cryptonate-site",
            "name": "cryptonate-site"
        },
        {
            "key": "felipe-de-senna20",
            "name": "Felipe de Senna"
        },
        {
            "key": "krzemson-github",
            "name": "krzemson"
        }
    ],
    "components": [
        {
            "organization": "felipe-de-senna20",
            "key": "felipedesenna_cms-books-frontend",
            "name": "cms-books-frontend",
            "tags": [],
            "visibility": "public",
            "eligibilityStatus": "COMPLETED",
            "eligible": true,
            "isNew": false
        },
        {
            "organization": "krzemson-github",
            "key": "cms2",
            "name": "cms2",
            "tags": [],
            "visibility": "public",
            "isNew": false
        },
        {
            "organization": "krzemson-github",
            "key": "cms3",
            "name": "cms3",
            "tags": [],
            "visibility": "public",
            "isNew": false
        },
        {
            "organization": "krzemson-github",
            "key": "cms4",
            "name": "cms4",
            "tags": [],
            "visibility": "public",
            "isNew": false
        },
        {
            "organization": "johndavidorr-github",
            "key": "CMSforceAngular",
            "name": "CMSforceAngular",
            "tags": [],
            "visibility": "public",
            "isNew": false
        },
        {
            "organization": "johndavidorr-github",
            "key": "JohnDavidOrr_CMSforceAngular",
            "name": "CMSforceAngular",
            "tags": [],
            "visibility": "public",
            "isNew": false
        },
        {
            "organization": "sonicity-github",
            "key": "nl.sonicity.sha2017.cms:cmsha-backend",
            "name": "cmsha-backend",
            "tags": [],
            "visibility": "public",
            "isNew": false
        },
        {
            "organization": "swagcat14-github",
            "key": "cmsms",
            "name": "cmsms",
            "tags": [],
            "visibility": "public",
            "isNew": false
        },
        {
            "organization": "cn-src",
            "key": "cn.javaer.commons:cn-any",
            "name": "cn-any",
            "tags": [],
            "visibility": "public",
            "isNew": false
        },
        {
            "organization": "cryptonate-site",
            "key": "cryptonate-site_cn-backend",
            "name": "cn-backend",
            "tags": [],
            "visibility": "public",
            "isNew": false
        }
    ],
    "facets": [
        {
            "property": "languages",
            "values": [
                {
                    "val": "xml",
                    "count": 14846
                },
                {
                    "val": "web",
                    "count": 13246
                },
                {
                    "val": "java",
                    "count": 13149
                },
                {
                    "val": "css",
                    "count": 11600
                },
                {
                    "val": "js",
                    "count": 11511
                },
                {
                    "val": "cs",
                    "count": 6127
                },
                {
                    "val": "php",
                    "count": 2740
                },
                {
                    "val": "py",
                    "count": 2704
                },
                {
                    "val": "ts",
                    "count": 2054
                },
                {
                    "val": "c",
                    "count": 1733
                }
            ]
        },
        {
            "property": "ncloc",
            "values": [
                {
                    "val": "*-1000.0",
                    "count": 28146
                },
                {
                    "val": "1000.0-10000.0",
                    "count": 18886
                },
                {
                    "val": "10000.0-100000.0",
                    "count": 10813
                },
                {
                    "val": "100000.0-500000.0",
                    "count": 1998
                },
                {
                    "val": "500000.0-*",
                    "count": 378
                }
            ]
        }
    ]
}