{
    "paging": {
        "pageIndex": 75,
        "pageSize": 10,
        "total": 32068
    },
    "organizations": [
        {
            "key": "foundation",
            "name": "Foundation"
        },
        {
            "key": "ryshu-github",
            "name": "Oscar MARIE--TAILLEFER"
        },
        {
            "key": "iamgarp-github",
            "name": "iamgarp"
        },
        {
            "key": "egovernments",
            "name": "eGovernments Foundation"
        },
        {
            "key": "eric-therond-sonarsource",
            "name": "eric-therond-sonarsource"
        },
        {
            "key": "blakesaucier-github",
            "name": "James"
        },
        {
            "key": "congxinyu",
            "name": "congxinyu"
        },
        {
            "key": "zhujian7-github",
            "name": "Jian Zhu"
        },
        {
            "key": "dev_yaware-bitbucket",
            "name": "Yaware Team"
        },
        {
            "key": "obizues-github",
            "name": "Obizues"
        }
    ],
    "components": [
        {
            "organization": "foundation",
            "key": "foundation_foundation-sites",
            "name": "foundation-sites",
            "tags": [],
            "visibility": "public",
            "isNew": false
        },
        {
            "organization": "egovernments",
            "key": "egovernments_frontend",
            "name": "frontend",
            "tags": [],
            "visibility": "public",
            "isNew": false
        },
        {
            "organization": "iamgarp-github",
            "key": "jjj",
            "name": "jjj",
            "tags": [],
            "visibility": "public",
            "isNew": false
        },
        {
            "organization": "blakesaucier-github",
            "key": "blakeSaucier_NorthwindTraders",
            "name": "NorthwindTraders",
            "tags": [],
            "visibility": "public",
            "isNew": false
        },
        {
            "organization": "ryshu-github",
            "key": "jsonpath-picker",
            "name": "JSON Path Picker",
            "tags": [],
            "visibility": "public",
            "isNew": false
        },
        {
            "organization": "obizues-github",
            "key": "obizues_LMSv2",
            "name": "LMSv2",
            "tags": [],
            "visibility": "public",
            "isNew": false
        },
        {
            "organization": "dev_yaware-bitbucket",
            "key": "sentrifugo",
            "name": "sentrifugo",
            "tags": [],
            "visibility": "public",
            "isNew": false
        },
        {
            "organization": "congxinyu",
            "key": "sonar.oa",
            "name": "sonar.oa",
            "tags": [],
            "visibility": "public",
            "isNew": false
        },
        {
            "organization": "eric-therond-sonarsource",
            "key": "eric-therond-sonarsource_webgoat-java",
            "name": "webgoat-java",
            "tags": [],
            "visibility": "public",
            "isNew": false
        },
        {
            "organization": "zhujian7-github",
            "key": "cyclone",
            "name": "cyclone",
            "tags": [],
            "visibility": "public",
            "isNew": false
        }
    ],
    "facets": [
        {
            "property": "languages",
            "values": [
                {
                    "val": "xml",
                    "count": 14842
                },
                {
                    "val": "web",
                    "count": 13244
                },
                {
                    "val": "java",
                    "count": 13146
                },
                {
                    "val": "css",
                    "count": 11600
                },
                {
                    "val": "js",
                    "count": 11509
                },
                {
                    "val": "cs",
                    "count": 6127
                },
                {
                    "val": "php",
                    "count": 2740
                },
                {
                    "val": "py",
                    "count": 2703
                },
                {
                    "val": "ts",
                    "count": 2054
                },
                {
                    "val": "c",
                    "count": 1733
                }
            ]
        },
        {
            "property": "ncloc",
            "values": [
                {
                    "val": "*-1000.0",
                    "count": 28145
                },
                {
                    "val": "1000.0-10000.0",
                    "count": 18881
                },
                {
                    "val": "10000.0-100000.0",
                    "count": 10811
                },
                {
                    "val": "100000.0-500000.0",
                    "count": 1998
                },
                {
                    "val": "500000.0-*",
                    "count": 378
                }
            ]
        }
    ]
}