{
    "paging": {
        "pageIndex": 742,
        "pageSize": 10,
        "total": 32064
    },
    "organizations": [
        {
            "key": "heloise-fernandes-github",
            "name": "Heloise-fernandes"
        },
        {
            "key": "fathzer-github",
            "name": "Astesana"
        },
        {
            "key": "desaisamir",
            "name": "DesaiSamir"
        },
        {
            "key": "johannblais",
            "name": "Johann Blais"
        },
        {
            "key": "thjomnx-github",
            "name": "Markus Enax"
        },
        {
            "key": "sankhaonline-github",
            "name": "sankhaonline"
        },
        {
            "key": "mthmulders-github",
            "name": "Maarten Mulders"
        },
        {
            "key": "cadynk-github",
            "name": "Cady Kagume"
        },
        {
            "key": "gustavo-moraes-lopes50489",
            "name": "Gustavo Moraes Lopes"
        },
        {
            "key": "xsmrcek",
            "name": "Daniel Smr\u010dek"
        }
    ],
    "components": [
        {
            "organization": "sankhaonline-github",
            "key": "io.sankha:friday-ale",
            "name": "Friday Ale",
            "tags": [],
            "visibility": "public",
            "isNew": false
        },
        {
            "organization": "heloise-fernandes-github",
            "key": "FrontFont",
            "name": "FrontFont",
            "tags": [],
            "visibility": "public",
            "isNew": false
        },
        {
            "organization": "mthmulders-github",
            "key": "mthmulders_futbolin",
            "name": "Futbol\u00edn :: Parent",
            "tags": [],
            "visibility": "public",
            "isNew": false
        },
        {
            "organization": "cadynk-github",
            "key": "Revature-Hermes",
            "name": "Hermes",
            "tags": [],
            "visibility": "public",
            "isNew": false
        },
        {
            "organization": "desaisamir",
            "key": "DesaiSamir_homebase",
            "name": "homebase",
            "tags": [],
            "visibility": "public",
            "isNew": false
        },
        {
            "organization": "johannblais",
            "key": "JohannBlais_InformationBox",
            "name": "InformationBox",
            "tags": [],
            "visibility": "public",
            "isNew": false
        },
        {
            "organization": "thjomnx-github",
            "key": "com.github.thjomnx:java-systemd",
            "name": "Java access to systemd via D-Bus",
            "tags": [],
            "visibility": "public",
            "isNew": false
        },
        {
            "organization": "fathzer-github",
            "key": "com.fathzer:javaluator",
            "name": "javaluator",
            "tags": [],
            "visibility": "public",
            "isNew": false
        },
        {
            "organization": "xsmrcek",
            "key": "xsmrcek_jbehave-support",
            "name": "jbehave-support",
            "tags": [],
            "visibility": "public",
            "isNew": false
        },
        {
            "organization": "gustavo-moraes-lopes50489",
            "key": "jira-client",
            "name": "Jira Client Sonar",
            "tags": [
                "jira",
                "angular"
            ],
            "visibility": "public",
            "isNew": false
        }
    ],
    "facets": [
        {
            "property": "languages",
            "values": [
                {
                    "val": "xml",
                    "count": 14841
                },
                {
                    "val": "web",
                    "count": 13243
                },
                {
                    "val": "java",
                    "count": 13146
                },
                {
                    "val": "css",
                    "count": 11598
                },
                {
                    "val": "js",
                    "count": 11506
                },
                {
                    "val": "cs",
                    "count": 6126
                },
                {
                    "val": "php",
                    "count": 2739
                },
                {
                    "val": "py",
                    "count": 2703
                },
                {
                    "val": "ts",
                    "count": 2054
                },
                {
                    "val": "c",
                    "count": 1733
                }
            ]
        },
        {
            "property": "ncloc",
            "values": [
                {
                    "val": "*-1000.0",
                    "count": 28144
                },
                {
                    "val": "1000.0-10000.0",
                    "count": 18879
                },
                {
                    "val": "10000.0-100000.0",
                    "count": 10810
                },
                {
                    "val": "100000.0-500000.0",
                    "count": 1997
                },
                {
                    "val": "500000.0-*",
                    "count": 378
                }
            ]
        }
    ]
}