{
    "paging": {
        "pageIndex": 867,
        "pageSize": 10,
        "total": 32075
    },
    "organizations": [
        {
            "key": "lukasbach-github",
            "name": "Lukas Bach"
        },
        {
            "key": "falko_schwabe-bitbucket",
            "name": "BitbucketAccountOrganization"
        },
        {
            "key": "shahrameffati59442-github",
            "name": "ShahramEffati59442"
        },
        {
            "key": "schwabe-github",
            "name": "Falko Schwabe"
        },
        {
            "key": "bcgov-sonarcloud",
            "name": "Province of British Columbia"
        },
        {
            "key": "kit-sdq",
            "name": "Software Design and Quality (SDQ)"
        },
        {
            "key": "beltasha-github",
            "name": "beltasha"
        }
    ],
    "components": [
        {
            "organization": "beltasha-github",
            "key": "beltasha_edu-web-client",
            "name": "edu-web-client",
            "tags": [],
            "visibility": "public",
            "isNew": false
        },
        {
            "organization": "kit-sdq",
            "key": "kit-sdq_textannotation",
            "name": "edu.kit.textannotation.root",
            "tags": [],
            "visibility": "public",
            "eligibilityStatus": "COMPLETED",
            "eligible": false,
            "isNew": false
        },
        {
            "organization": "lukasbach-github",
            "key": "lukasbach_textannotation",
            "name": "edu.kit.textannotation.root",
            "tags": [],
            "visibility": "public",
            "eligibilityStatus": "COMPLETED",
            "eligible": false,
            "isNew": false
        },
        {
            "organization": "schwabe-github",
            "key": "edu.schwabe.multi-tenancy-webapp",
            "name": "edu.schwabe.multi-tenancy-webapp",
            "tags": [],
            "visibility": "public",
            "isNew": false
        },
        {
            "organization": "schwabe-github",
            "key": "edu.schwabe.raytracer",
            "name": "edu.schwabe.raytracer",
            "tags": [],
            "visibility": "public",
            "isNew": false
        },
        {
            "organization": "falko_schwabe-bitbucket",
            "key": "falko_schwabe_edu.schwabe.webapp-prototypes",
            "name": "edu.schwabe.webapp-prototypes",
            "tags": [],
            "visibility": "public",
            "isNew": false
        },
        {
            "organization": "bcgov-sonarcloud",
            "key": "bcgov_EDUC-PEN-REQUEST",
            "name": "EDUC-PEN-REQUEST",
            "tags": [],
            "visibility": "public",
            "eligibilityStatus": "COMPLETED",
            "eligible": true,
            "isNew": false
        },
        {
            "organization": "bcgov-sonarcloud",
            "key": "bcgov_EDUC-STUDENT-ADMIN",
            "name": "EDUC-STUDENT-ADMIN",
            "tags": [],
            "visibility": "public",
            "eligibilityStatus": "COMPLETED",
            "eligible": true,
            "isNew": false
        },
        {
            "organization": "bcgov-sonarcloud",
            "key": "bcgov_EDUC-STUDENT-PROFILE",
            "name": "EDUC-STUDENT-PROFILE",
            "tags": [],
            "visibility": "public",
            "eligibilityStatus": "COMPLETED",
            "eligible": true,
            "isNew": false
        },
        {
            "organization": "shahrameffati59442-github",
            "key": "EducationApp",
            "name": "EducationApp",
            "tags": [],
            "visibility": "public",
            "isNew": false
        }
    ],
    "facets": [
        {
            "property": "languages",
            "values": [
                {
                    "val": "xml",
                    "count": 14846
                },
                {
                    "val": "web",
                    "count": 13246
                },
                {
                    "val": "java",
                    "count": 13149
                },
                {
                    "val": "css",
                    "count": 11600
                },
                {
                    "val": "js",
                    "count": 11511
                },
                {
                    "val": "cs",
                    "count": 6127
                },
                {
                    "val": "php",
                    "count": 2740
                },
                {
                    "val": "py",
                    "count": 2704
                },
                {
                    "val": "ts",
                    "count": 2054
                },
                {
                    "val": "c",
                    "count": 1733
                }
            ]
        },
        {
            "property": "ncloc",
            "values": [
                {
                    "val": "*-1000.0",
                    "count": 28146
                },
                {
                    "val": "1000.0-10000.0",
                    "count": 18886
                },
                {
                    "val": "10000.0-100000.0",
                    "count": 10813
                },
                {
                    "val": "100000.0-500000.0",
                    "count": 1998
                },
                {
                    "val": "500000.0-*",
                    "count": 378
                }
            ]
        }
    ]
}