{
    "paging": {
        "pageIndex": 3,
        "pageSize": 10,
        "total": 32071
    },
    "organizations": [
        {
            "key": "serg-norseman-github",
            "name": "Sergey Zhdanovskih"
        },
        {
            "key": "fede-vaccaro",
            "name": "Federico Vaccaro"
        },
        {
            "key": "gae-jang-mo",
            "name": "gae-jang-mo"
        },
        {
            "key": "3aacfe8b5b095d54ca2128a4bc103641",
            "name": "GlaAndry"
        },
        {
            "key": "playground-canb",
            "name": "playground-canb"
        },
        {
            "key": "apache",
            "name": "The Apache Software Foundation"
        },
        {
            "key": "federicoguerri-github",
            "name": "Federico Guerri"
        },
        {
            "key": "ccathala",
            "name": "ccathala"
        }
    ],
    "components": [
        {
            "organization": "3aacfe8b5b095d54ca2128a4bc103641",
            "key": "GlaAndry_bookkeeper",
            "name": "Apache BookKeeper :: Parent",
            "tags": [],
            "visibility": "public",
            "eligibilityStatus": "COMPLETED",
            "eligible": false,
            "isNew": true
        },
        {
            "organization": "apache",
            "key": "apache_sling-org-apache-sling-jcr-repoinit",
            "name": "Apache Sling Repoinit JCR",
            "tags": [
                "sling"
            ],
            "visibility": "public",
            "isNew": false
        },
        {
            "organization": "apache",
            "key": "apache_sling-org-apache-sling-scripting-sightly-compiler-java",
            "name": "Apache Sling Scripting HTL Java Compiler",
            "tags": [
                "sling"
            ],
            "visibility": "public",
            "isNew": false
        },
        {
            "organization": "apache",
            "key": "apache_sling-org-apache-sling-testing-sling-mock",
            "name": "Apache Sling Testing Sling Mock",
            "tags": [
                "sling"
            ],
            "visibility": "public",
            "isNew": false
        },
        {
            "organization": "ccathala",
            "key": "ccathala_OC_Bibliotheque_P10",
            "name": "API",
            "tags": [],
            "visibility": "public",
            "eligibilityStatus": "COMPLETED",
            "eligible": false,
            "isNew": false
        },
        {
            "organization": "playground-canb",
            "key": "ApiPlayground-CanB",
            "name": "Api Playground",
            "tags": [],
            "visibility": "public",
            "isNew": false
        },
        {
            "organization": "gae-jang-mo",
            "key": "gae-jang-mo_app",
            "name": "api-server",
            "tags": [],
            "visibility": "public",
            "isNew": false
        },
        {
            "organization": "federicoguerri-github",
            "key": "TraineeShip-Android:app",
            "name": "app",
            "tags": [],
            "visibility": "public",
            "isNew": false
        },
        {
            "organization": "fede-vaccaro",
            "key": "fede-vaccaro_APT-project",
            "name": "appichetto-parent",
            "tags": [],
            "visibility": "public",
            "isNew": false
        },
        {
            "organization": "serg-norseman-github",
            "key": "AquaMate",
            "name": "AquaMate",
            "tags": [],
            "visibility": "public",
            "isNew": false
        }
    ],
    "facets": [
        {
            "property": "languages",
            "values": [
                {
                    "val": "xml",
                    "count": 14844
                },
                {
                    "val": "web",
                    "count": 13244
                },
                {
                    "val": "java",
                    "count": 13148
                },
                {
                    "val": "css",
                    "count": 11599
                },
                {
                    "val": "js",
                    "count": 11509
                },
                {
                    "val": "cs",
                    "count": 6127
                },
                {
                    "val": "php",
                    "count": 2740
                },
                {
                    "val": "py",
                    "count": 2703
                },
                {
                    "val": "ts",
                    "count": 2054
                },
                {
                    "val": "c",
                    "count": 1733
                }
            ]
        },
        {
            "property": "ncloc",
            "values": [
                {
                    "val": "*-1000.0",
                    "count": 28144
                },
                {
                    "val": "1000.0-10000.0",
                    "count": 18883
                },
                {
                    "val": "10000.0-100000.0",
                    "count": 10812
                },
                {
                    "val": "100000.0-500000.0",
                    "count": 1998
                },
                {
                    "val": "500000.0-*",
                    "count": 378
                }
            ]
        }
    ]
}