{
    "paging": {
        "pageIndex": 865,
        "pageSize": 10,
        "total": 32074
    },
    "organizations": [
        {
            "key": "muthudevops2190-github",
            "name": "muthudevops2190"
        },
        {
            "key": "miickeyreyez",
            "name": "\u00c1ngel Reyes"
        },
        {
            "key": "dpavankvarma",
            "name": "Pavan Kumar Varma"
        },
        {
            "key": "wvuk-sca",
            "name": "World Vision UK"
        },
        {
            "key": "pedropk-github",
            "name": "Pedro Santos"
        },
        {
            "key": "fusiona",
            "name": "Fusiona"
        },
        {
            "key": "kannarao",
            "name": "kannarao"
        },
        {
            "key": "jmmc22",
            "name": "JMMC22"
        },
        {
            "key": "mvx",
            "name": "MvvmCross"
        },
        {
            "key": "garfbradaz",
            "name": "Gareth Bradley"
        }
    ],
    "components": [
        {
            "organization": "kannarao",
            "key": "kannarao_Music_Pro",
            "name": "Music_Pro",
            "tags": [],
            "visibility": "public",
            "eligibilityStatus": "COMPLETED",
            "eligible": true,
            "isNew": false
        },
        {
            "organization": "jmmc22",
            "key": "JMMC22_musictfg",
            "name": "musictfg",
            "tags": [],
            "visibility": "public",
            "eligibilityStatus": "COMPLETED",
            "eligible": true,
            "isNew": false
        },
        {
            "organization": "miickeyreyez",
            "key": "miickeyreyez_musify",
            "name": "musify",
            "tags": [],
            "visibility": "public",
            "eligibilityStatus": "COMPLETED",
            "eligible": true,
            "isNew": false
        },
        {
            "organization": "muthudevops2190-github",
            "key": "muthudevops",
            "name": "muthudevops",
            "tags": [],
            "visibility": "public",
            "isNew": false
        },
        {
            "organization": "wvuk-sca",
            "key": "MVCDemo",
            "name": "MVCDemo",
            "tags": [],
            "visibility": "public",
            "isNew": false
        },
        {
            "organization": "garfbradaz",
            "key": "garfbradaz_MvcImage",
            "name": "MvcImage",
            "tags": [],
            "visibility": "public",
            "eligibilityStatus": "COMPLETED",
            "eligible": true,
            "isNew": false
        },
        {
            "organization": "dpavankvarma",
            "key": "dpavankvarma_MvcMusicStore",
            "name": "MvcMusicStore",
            "tags": [],
            "visibility": "public",
            "isNew": false
        },
        {
            "organization": "fusiona",
            "key": "mvtr",
            "name": "mvtr",
            "tags": [],
            "visibility": "public",
            "isNew": false
        },
        {
            "organization": "mvx",
            "key": "MvvmCross_MvvmCross",
            "name": "MvvmCross",
            "tags": [],
            "visibility": "public",
            "eligibilityStatus": "COMPLETED",
            "eligible": false,
            "isNew": false
        },
        {
            "organization": "pedropk-github",
            "key": "PedroPK_PSC-Dynamic-Web-Project",
            "name": "MWA Maven Webapp",
            "tags": [],
            "visibility": "public",
            "isNew": false
        }
    ],
    "facets": [
        {
            "property": "languages",
            "values": [
                {
                    "val": "xml",
                    "count": 14846
                },
                {
                    "val": "web",
                    "count": 13245
                },
                {
                    "val": "java",
                    "count": 13149
                },
                {
                    "val": "css",
                    "count": 11600
                },
                {
                    "val": "js",
                    "count": 11511
                },
                {
                    "val": "cs",
                    "count": 6127
                },
                {
                    "val": "php",
                    "count": 2740
                },
                {
                    "val": "py",
                    "count": 2703
                },
                {
                    "val": "ts",
                    "count": 2054
                },
                {
                    "val": "c",
                    "count": 1733
                }
            ]
        },
        {
            "property": "ncloc",
            "values": [
                {
                    "val": "*-1000.0",
                    "count": 28146
                },
                {
                    "val": "1000.0-10000.0",
                    "count": 18886
                },
                {
                    "val": "10000.0-100000.0",
                    "count": 10812
                },
                {
                    "val": "100000.0-500000.0",
                    "count": 1998
                },
                {
                    "val": "500000.0-*",
                    "count": 378
                }
            ]
        }
    ]
}