{
    "paging": {
        "pageIndex": 586,
        "pageSize": 10,
        "total": 32063
    },
    "organizations": [
        {
            "key": "30lines",
            "name": "30 Lines"
        },
        {
            "key": "work",
            "name": "work"
        },
        {
            "key": "dagoza-github",
            "name": "Dagoza"
        },
        {
            "key": "makometr-github",
            "name": "makometr"
        },
        {
            "key": "laristra",
            "name": "laristra"
        },
        {
            "key": "jpd1978-bitbucket",
            "name": "Jordi"
        }
    ],
    "components": [
        {
            "organization": "dagoza-github",
            "key": "UNIQUE",
            "name": "UNIQUE",
            "tags": [],
            "visibility": "public",
            "isNew": false
        },
        {
            "organization": "jpd1978-bitbucket",
            "key": "DanielOrellana",
            "name": "DanielOrellana",
            "tags": [],
            "visibility": "public",
            "isNew": false
        },
        {
            "organization": "jpd1978-bitbucket",
            "key": "HugoJos",
            "name": "HugoJos",
            "tags": [],
            "visibility": "public",
            "isNew": false
        },
        {
            "organization": "jpd1978-bitbucket",
            "key": "HugoJose",
            "name": "HugoJose",
            "tags": [],
            "visibility": "public",
            "isNew": false
        },
        {
            "organization": "jpd1978-bitbucket",
            "key": "JosMiguelG",
            "name": "JosMiguelG",
            "tags": [],
            "visibility": "public",
            "isNew": false
        },
        {
            "organization": "makometr-github",
            "key": "see-baatle",
            "name": "see-baatle",
            "tags": [],
            "visibility": "public",
            "isNew": false
        },
        {
            "organization": "30lines",
            "key": "columbus_chamber:dev",
            "name": "Columbus_Chamber",
            "tags": [],
            "visibility": "public",
            "isNew": false
        },
        {
            "organization": "work",
            "key": "com.cm.channelmanager:ChannelManager",
            "name": "ChannelManager",
            "tags": [],
            "visibility": "public",
            "isNew": false
        },
        {
            "organization": "laristra",
            "key": "flecsi-sp:/fix/stableTurnOFFSonarqube",
            "name": "flecsi-sp /fix/stableTurnOFFSonarqube",
            "tags": [],
            "visibility": "public",
            "isNew": false
        },
        {
            "organization": "laristra",
            "key": "flecsi-sp:/stable",
            "name": "flecsi-sp /stable",
            "tags": [],
            "visibility": "public",
            "isNew": false
        }
    ],
    "facets": [
        {
            "property": "languages",
            "values": [
                {
                    "val": "xml",
                    "count": 14840
                },
                {
                    "val": "web",
                    "count": 13241
                },
                {
                    "val": "java",
                    "count": 13146
                },
                {
                    "val": "css",
                    "count": 11596
                },
                {
                    "val": "js",
                    "count": 11504
                },
                {
                    "val": "cs",
                    "count": 6126
                },
                {
                    "val": "php",
                    "count": 2739
                },
                {
                    "val": "py",
                    "count": 2703
                },
                {
                    "val": "ts",
                    "count": 2053
                },
                {
                    "val": "c",
                    "count": 1733
                }
            ]
        },
        {
            "property": "ncloc",
            "values": [
                {
                    "val": "*-1000.0",
                    "count": 28140
                },
                {
                    "val": "1000.0-10000.0",
                    "count": 18880
                },
                {
                    "val": "10000.0-100000.0",
                    "count": 10809
                },
                {
                    "val": "100000.0-500000.0",
                    "count": 1996
                },
                {
                    "val": "500000.0-*",
                    "count": 378
                }
            ]
        }
    ]
}