{
    "paging": {
        "pageIndex": 724,
        "pageSize": 10,
        "total": 32065
    },
    "organizations": [
        {
            "key": "atomfrede-github",
            "name": "Frederik Hahne"
        },
        {
            "key": "xiepeizh-github",
            "name": "xiepeizh"
        },
        {
            "key": "adriantdlg",
            "name": "adriantdlg"
        },
        {
            "key": "stevejhiggs",
            "name": "Steve Higgs"
        },
        {
            "key": "jiujiii-github",
            "name": "jiujiii"
        },
        {
            "key": "oceanebelle-github",
            "name": "Maribel D"
        },
        {
            "key": "globaldatanet",
            "name": "globaldatanet"
        },
        {
            "key": "skoussa-github",
            "name": "skoussa"
        },
        {
            "key": "ianmckg-github",
            "name": "Ianmckg"
        }
    ],
    "components": [
        {
            "organization": "atomfrede-github",
            "key": "javaprosample",
            "name": "javaprosample generated by jhipster",
            "tags": [],
            "visibility": "public",
            "isNew": false
        },
        {
            "organization": "oceanebelle-github",
            "key": "com.oceanebelle:javasamplers",
            "name": "javasamplers",
            "tags": [],
            "visibility": "public",
            "isNew": false
        },
        {
            "organization": "ianmckg-github",
            "key": "Ianmckg_TSystemsProject",
            "name": "javaschool",
            "tags": [],
            "visibility": "public",
            "isNew": false
        },
        {
            "organization": "jiujiii-github",
            "key": "jiujiii_javase",
            "name": "javase",
            "tags": [],
            "visibility": "public",
            "isNew": false
        },
        {
            "organization": "xiepeizh-github",
            "key": "javatest",
            "name": "javatest",
            "tags": [],
            "visibility": "public",
            "isNew": false
        },
        {
            "organization": "xiepeizh-github",
            "key": "sqltest",
            "name": "javatest",
            "tags": [],
            "visibility": "public",
            "isNew": false
        },
        {
            "organization": "stevejhiggs",
            "key": "stevejhiggs_JavaVulnerableLab",
            "name": "JavaVulnerableLab",
            "tags": [],
            "visibility": "public",
            "isNew": false
        },
        {
            "organization": "adriantdlg",
            "key": "adriantdlg_JavaVulnerableLab",
            "name": "JavaVulnerableLab Maven Webapp",
            "tags": [],
            "visibility": "public",
            "eligibilityStatus": "COMPLETED",
            "eligible": false,
            "isNew": false
        },
        {
            "organization": "globaldatanet",
            "key": "globaldatanet_JavaVulnerableLab",
            "name": "JavaVulnerableLab Maven Webapp",
            "tags": [],
            "visibility": "public",
            "isNew": false
        },
        {
            "organization": "skoussa-github",
            "key": "skoussa_JavaVulnerableLab",
            "name": "JavaVulnerableLab Maven Webapp",
            "tags": [],
            "visibility": "public",
            "isNew": false
        }
    ],
    "facets": [
        {
            "property": "languages",
            "values": [
                {
                    "val": "xml",
                    "count": 14842
                },
                {
                    "val": "web",
                    "count": 13243
                },
                {
                    "val": "java",
                    "count": 13146
                },
                {
                    "val": "css",
                    "count": 11599
                },
                {
                    "val": "js",
                    "count": 11507
                },
                {
                    "val": "cs",
                    "count": 6126
                },
                {
                    "val": "php",
                    "count": 2740
                },
                {
                    "val": "py",
                    "count": 2703
                },
                {
                    "val": "ts",
                    "count": 2054
                },
                {
                    "val": "c",
                    "count": 1733
                }
            ]
        },
        {
            "property": "ncloc",
            "values": [
                {
                    "val": "*-1000.0",
                    "count": 28145
                },
                {
                    "val": "1000.0-10000.0",
                    "count": 18879
                },
                {
                    "val": "10000.0-100000.0",
                    "count": 10810
                },
                {
                    "val": "100000.0-500000.0",
                    "count": 1998
                },
                {
                    "val": "500000.0-*",
                    "count": 378
                }
            ]
        }
    ]
}