{
    "paging": {
        "pageIndex": 636,
        "pageSize": 10,
        "total": 32065
    },
    "organizations": [
        {
            "key": "rickwubs",
            "name": "Rick Wubs"
        },
        {
            "key": "brajx",
            "name": "Daniel"
        },
        {
            "key": "stefh-github",
            "name": "Stef Heyenrath (Organization)"
        },
        {
            "key": "zjklee",
            "name": "zjklee"
        },
        {
            "key": "dylanaubrey-github",
            "name": "dylanaubrey"
        },
        {
            "key": "kaiwan-github",
            "name": "Kaiwan N Billimoria"
        },
        {
            "key": "confidential-messaging",
            "name": "Confidential Messaging"
        },
        {
            "key": "thannhatttruong",
            "name": "thannhatttruong"
        },
        {
            "key": "handspy",
            "name": "HandSpy (UP)"
        },
        {
            "key": "clivern-github",
            "name": "Clivern"
        }
    ],
    "components": [
        {
            "organization": "clivern-github",
            "key": "Clivern_Hamster",
            "name": "Hamster",
            "tags": [],
            "visibility": "public",
            "eligibilityStatus": "COMPLETED",
            "eligible": true,
            "isNew": false
        },
        {
            "organization": "rickwubs",
            "key": "rickwubs_han",
            "name": "han",
            "tags": [],
            "visibility": "public",
            "isNew": false
        },
        {
            "organization": "confidential-messaging",
            "key": "han.ica.asd.groep1",
            "name": "han.ica.asd.groep1",
            "tags": [],
            "visibility": "public",
            "isNew": false
        },
        {
            "organization": "thannhatttruong",
            "key": "thannhatttruong_HanaShop",
            "name": "HanaShop",
            "tags": [],
            "visibility": "public",
            "eligibilityStatus": "COMPLETED",
            "eligible": false,
            "isNew": false
        },
        {
            "organization": "dylanaubrey-github",
            "key": "sonarqube:handl",
            "name": "handl",
            "tags": [],
            "visibility": "public",
            "isNew": false
        },
        {
            "organization": "zjklee",
            "key": "zjklee_handlebars.csharp",
            "name": "handlebars.csharp",
            "tags": [],
            "visibility": "public",
            "eligibilityStatus": "COMPLETED",
            "eligible": false,
            "isNew": false
        },
        {
            "organization": "stefh-github",
            "key": "Handlebars.Net.Helpers",
            "name": "Handlebars.Net.Helpers",
            "tags": [],
            "visibility": "public",
            "isNew": false
        },
        {
            "organization": "brajx",
            "key": "brajx_handrecog",
            "name": "handrecog",
            "tags": [],
            "visibility": "public",
            "isNew": false
        },
        {
            "organization": "kaiwan-github",
            "key": "kaiwan_Hands-on-System-Programming-with-Linux",
            "name": "Hands-on-System-Programming-with-Linux",
            "tags": [],
            "visibility": "public",
            "isNew": false
        },
        {
            "organization": "handspy",
            "key": "handspy-gateway",
            "name": "HandSpy Gateway microservice",
            "tags": [],
            "visibility": "public",
            "isNew": false
        }
    ],
    "facets": [
        {
            "property": "languages",
            "values": [
                {
                    "val": "xml",
                    "count": 14842
                },
                {
                    "val": "web",
                    "count": 13243
                },
                {
                    "val": "java",
                    "count": 13146
                },
                {
                    "val": "css",
                    "count": 11599
                },
                {
                    "val": "js",
                    "count": 11507
                },
                {
                    "val": "cs",
                    "count": 6126
                },
                {
                    "val": "php",
                    "count": 2740
                },
                {
                    "val": "py",
                    "count": 2703
                },
                {
                    "val": "ts",
                    "count": 2054
                },
                {
                    "val": "c",
                    "count": 1733
                }
            ]
        },
        {
            "property": "ncloc",
            "values": [
                {
                    "val": "*-1000.0",
                    "count": 28145
                },
                {
                    "val": "1000.0-10000.0",
                    "count": 18879
                },
                {
                    "val": "10000.0-100000.0",
                    "count": 10810
                },
                {
                    "val": "100000.0-500000.0",
                    "count": 1998
                },
                {
                    "val": "500000.0-*",
                    "count": 378
                }
            ]
        }
    ]
}