{
    "paging": {
        "pageIndex": 534,
        "pageSize": 10,
        "total": 32071
    },
    "organizations": [
        {
            "key": "consileo",
            "name": "Consileo"
        },
        {
            "key": "minulislam-github",
            "name": "minul islam"
        },
        {
            "key": "msoos-github",
            "name": "Mate Soos"
        },
        {
            "key": "crylib",
            "name": "crylib"
        },
        {
            "key": "avsharapov-github",
            "name": "Arkadiy"
        },
        {
            "key": "k2cieslak-github",
            "name": "Krzysztof Cie\u015blak"
        },
        {
            "key": "xentriq",
            "name": "Xentriq"
        },
        {
            "key": "adioss-github",
            "name": "adrien pailhes"
        },
        {
            "key": "cryptoplanet",
            "name": "CryptoPlanet"
        }
    ],
    "components": [
        {
            "organization": "avsharapov-github",
            "key": "ru.letnes:CrudBic",
            "name": "CrudBic",
            "tags": [],
            "visibility": "public",
            "isNew": false
        },
        {
            "organization": "xentriq",
            "key": "crux-php",
            "name": "crux-php",
            "tags": [],
            "visibility": "public",
            "isNew": false
        },
        {
            "organization": "crylib",
            "key": "crylib_cry",
            "name": "cry",
            "tags": [],
            "visibility": "public",
            "isNew": false
        },
        {
            "organization": "minulislam-github",
            "key": "cryptocurrencies",
            "name": "cryptocurrencies",
            "tags": [],
            "visibility": "public",
            "isNew": false
        },
        {
            "organization": "adioss-github",
            "key": "com.adioss.security:cryptography",
            "name": "cryptography",
            "tags": [],
            "visibility": "public",
            "isNew": false
        },
        {
            "organization": "msoos-github",
            "key": "msoos_cryptominisat",
            "name": "CryptoMiniSat",
            "tags": [],
            "visibility": "public",
            "isNew": false
        },
        {
            "organization": "cryptoplanet",
            "key": "CryptoPlanet_Web_Frontend",
            "name": "CryptoPlanet_Web_Frontend",
            "tags": [],
            "visibility": "public",
            "isNew": false
        },
        {
            "organization": "cryptoplanet",
            "key": "CryptoPlanet_Web_Services",
            "name": "CryptoPlanet_Web_Services",
            "tags": [],
            "visibility": "public",
            "isNew": false
        },
        {
            "organization": "consileo",
            "key": "cryptoservice",
            "name": "cryptoservice",
            "tags": [],
            "visibility": "public",
            "isNew": false
        },
        {
            "organization": "k2cieslak-github",
            "key": "k2cieslak_TickerService",
            "name": "CryptoTickerService",
            "tags": [],
            "visibility": "public",
            "isNew": false
        }
    ],
    "facets": [
        {
            "property": "languages",
            "values": [
                {
                    "val": "xml",
                    "count": 14844
                },
                {
                    "val": "web",
                    "count": 13244
                },
                {
                    "val": "java",
                    "count": 13148
                },
                {
                    "val": "css",
                    "count": 11599
                },
                {
                    "val": "js",
                    "count": 11509
                },
                {
                    "val": "cs",
                    "count": 6127
                },
                {
                    "val": "php",
                    "count": 2740
                },
                {
                    "val": "py",
                    "count": 2703
                },
                {
                    "val": "ts",
                    "count": 2054
                },
                {
                    "val": "c",
                    "count": 1733
                }
            ]
        },
        {
            "property": "ncloc",
            "values": [
                {
                    "val": "*-1000.0",
                    "count": 28144
                },
                {
                    "val": "1000.0-10000.0",
                    "count": 18883
                },
                {
                    "val": "10000.0-100000.0",
                    "count": 10812
                },
                {
                    "val": "100000.0-500000.0",
                    "count": 1998
                },
                {
                    "val": "500000.0-*",
                    "count": 378
                }
            ]
        }
    ]
}