{
    "paging": {
        "pageIndex": 209,
        "pageSize": 10,
        "total": 32064
    },
    "organizations": [
        {
            "key": "koen-maton",
            "name": "koen-maton"
        },
        {
            "key": "space-game-web-3693",
            "name": "space-game-web-3693"
        },
        {
            "key": "space-game-web-kunalsecuritytesting",
            "name": "space-game-web-kunalsecuritytesting"
        },
        {
            "key": "kshoulde35",
            "name": "kshoulde35"
        },
        {
            "key": "space-game-web-1",
            "name": "space-game-web-1"
        },
        {
            "key": "kk-taqi-1",
            "name": "kk-taqi"
        },
        {
            "key": "kopetan-ms",
            "name": "Kosta Petan"
        },
        {
            "key": "space-game-web-333-k",
            "name": "space-game-web-333-k"
        },
        {
            "key": "space-game-web-kinihun",
            "name": "space-game-web-kinihun"
        },
        {
            "key": "koko-a",
            "name": "Koko Apostolov"
        }
    ],
    "components": [
        {
            "organization": "space-game-web-kinihun",
            "key": "kinihun_mslearn-tailspin-spacegame-web",
            "name": "mslearn-tailspin-spacegame-web",
            "tags": [],
            "visibility": "public",
            "isNew": false
        },
        {
            "organization": "kk-taqi-1",
            "key": "kk-taqi_mslearn-tailspin-spacegame-web",
            "name": "mslearn-tailspin-spacegame-web",
            "tags": [],
            "visibility": "public",
            "eligibilityStatus": "COMPLETED",
            "eligible": false,
            "isNew": false
        },
        {
            "organization": "space-game-web-333-k",
            "key": "klmnbrt3com_mslearn-tailspin-spacegame-web",
            "name": "mslearn-tailspin-spacegame-web",
            "tags": [],
            "visibility": "public",
            "isNew": false
        },
        {
            "organization": "koen-maton",
            "key": "koen-maton_mslearn-tailspin-spacegame-web",
            "name": "mslearn-tailspin-spacegame-web",
            "tags": [],
            "visibility": "public",
            "isNew": false
        },
        {
            "organization": "koko-a",
            "key": "koko-a_mslearn-tailspin-spacegame-web",
            "name": "mslearn-tailspin-spacegame-web",
            "tags": [],
            "visibility": "public",
            "eligibilityStatus": "COMPLETED",
            "eligible": false,
            "isNew": true
        },
        {
            "organization": "space-game-web-1",
            "key": "konaws_mslearn-tailspin-spacegame-web",
            "name": "mslearn-tailspin-spacegame-web",
            "tags": [],
            "visibility": "public",
            "isNew": false
        },
        {
            "organization": "kopetan-ms",
            "key": "kopetan-ms_mslearn-tailspin-spacegame-web",
            "name": "mslearn-tailspin-spacegame-web",
            "tags": [],
            "visibility": "public",
            "isNew": false
        },
        {
            "organization": "kshoulde35",
            "key": "kshoulde35_mslearn-tailspin-spacegame-web",
            "name": "mslearn-tailspin-spacegame-web",
            "tags": [],
            "visibility": "public",
            "isNew": false
        },
        {
            "organization": "space-game-web-3693",
            "key": "ksivaramprasad_mslearn-tailspin-spacegame-web",
            "name": "mslearn-tailspin-spacegame-web",
            "tags": [],
            "visibility": "public",
            "eligibilityStatus": "COMPLETED",
            "eligible": false,
            "isNew": false
        },
        {
            "organization": "space-game-web-kunalsecuritytesting",
            "key": "kunalsehgal_mslearn-tailspin-spacegame-web",
            "name": "mslearn-tailspin-spacegame-web",
            "tags": [],
            "visibility": "public",
            "eligibilityStatus": "COMPLETED",
            "eligible": false,
            "isNew": false
        }
    ],
    "facets": [
        {
            "property": "languages",
            "values": [
                {
                    "val": "xml",
                    "count": 14841
                },
                {
                    "val": "web",
                    "count": 13242
                },
                {
                    "val": "java",
                    "count": 13146
                },
                {
                    "val": "css",
                    "count": 11597
                },
                {
                    "val": "js",
                    "count": 11505
                },
                {
                    "val": "cs",
                    "count": 6126
                },
                {
                    "val": "php",
                    "count": 2740
                },
                {
                    "val": "py",
                    "count": 2703
                },
                {
                    "val": "ts",
                    "count": 2053
                },
                {
                    "val": "c",
                    "count": 1733
                }
            ]
        },
        {
            "property": "ncloc",
            "values": [
                {
                    "val": "*-1000.0",
                    "count": 28144
                },
                {
                    "val": "1000.0-10000.0",
                    "count": 18879
                },
                {
                    "val": "10000.0-100000.0",
                    "count": 10810
                },
                {
                    "val": "100000.0-500000.0",
                    "count": 1997
                },
                {
                    "val": "500000.0-*",
                    "count": 378
                }
            ]
        }
    ]
}