{
    "paging": {
        "pageIndex": 561,
        "pageSize": 10,
        "total": 32073
    },
    "organizations": [
        {
            "key": "dzmitrynev-github",
            "name": "DzNev"
        },
        {
            "key": "machung21-github",
            "name": "machung21"
        },
        {
            "key": "hornstein-github",
            "name": "hornstein"
        },
        {
            "key": "gmomartins",
            "name": "Gustavo Martins Oliveira"
        },
        {
            "key": "marberyua",
            "name": "Marbery"
        },
        {
            "key": "sevenwg-github",
            "name": "SevenWG"
        },
        {
            "key": "cmput402-w19",
            "name": "cmput402-w19"
        },
        {
            "key": "hiufungk-github",
            "name": "hiufungk"
        },
        {
            "key": "grager",
            "name": "grager"
        },
        {
            "key": "bohaukish-github",
            "name": "Bohaukish"
        }
    ],
    "components": [
        {
            "organization": "marberyua",
            "key": "MarberyUA_Internet-Shop",
            "name": "Shop",
            "tags": [],
            "visibility": "public",
            "eligibilityStatus": "COMPLETED",
            "eligible": false,
            "isNew": true
        },
        {
            "organization": "gmomartins",
            "key": "gmomartins_shop",
            "name": "shop",
            "tags": [],
            "visibility": "public",
            "eligibilityStatus": "COMPLETED",
            "eligible": true,
            "isNew": false
        },
        {
            "organization": "bohaukish-github",
            "key": "shop",
            "name": "shop",
            "tags": [],
            "visibility": "public",
            "isNew": false
        },
        {
            "organization": "sevenwg-github",
            "key": "SevenWG_BookStoreAPI-v2.0",
            "name": "ShopifyTest",
            "tags": [],
            "visibility": "public",
            "isNew": false
        },
        {
            "organization": "dzmitrynev-github",
            "key": "DzmitryNev_shopizer",
            "name": "shopizer",
            "tags": [],
            "visibility": "public",
            "isNew": false
        },
        {
            "organization": "cmput402-w19",
            "key": "cmput402-w19_shopizer",
            "name": "shopizer",
            "tags": [],
            "visibility": "public",
            "isNew": false
        },
        {
            "organization": "hornstein-github",
            "key": "com.shopizer:shopizer",
            "name": "shopizer",
            "tags": [],
            "visibility": "public",
            "isNew": false
        },
        {
            "organization": "grager",
            "key": "grager_shopizer",
            "name": "shopizer",
            "tags": [],
            "visibility": "public",
            "isNew": false
        },
        {
            "organization": "hiufungk-github",
            "key": "hiufungk_shopizer",
            "name": "shopizer",
            "tags": [],
            "visibility": "public",
            "isNew": false
        },
        {
            "organization": "machung21-github",
            "key": "machung21_shopizer",
            "name": "shopizer",
            "tags": [],
            "visibility": "public",
            "isNew": false
        }
    ],
    "facets": [
        {
            "property": "languages",
            "values": [
                {
                    "val": "xml",
                    "count": 14845
                },
                {
                    "val": "web",
                    "count": 13245
                },
                {
                    "val": "java",
                    "count": 13148
                },
                {
                    "val": "css",
                    "count": 11600
                },
                {
                    "val": "js",
                    "count": 11511
                },
                {
                    "val": "cs",
                    "count": 6127
                },
                {
                    "val": "php",
                    "count": 2740
                },
                {
                    "val": "py",
                    "count": 2703
                },
                {
                    "val": "ts",
                    "count": 2054
                },
                {
                    "val": "c",
                    "count": 1733
                }
            ]
        },
        {
            "property": "ncloc",
            "values": [
                {
                    "val": "*-1000.0",
                    "count": 28146
                },
                {
                    "val": "1000.0-10000.0",
                    "count": 18885
                },
                {
                    "val": "10000.0-100000.0",
                    "count": 10812
                },
                {
                    "val": "100000.0-500000.0",
                    "count": 1998
                },
                {
                    "val": "500000.0-*",
                    "count": 378
                }
            ]
        }
    ]
}