{
    "paging": {
        "pageIndex": 569,
        "pageSize": 10,
        "total": 32063
    },
    "organizations": [
        {
            "key": "nomnom",
            "name": "nomnom"
        },
        {
            "key": "intellecteu",
            "name": "intellecteu-bitbucket"
        },
        {
            "key": "tenkyu-github",
            "name": "\u00c7etin Y\u0131lmaz"
        },
        {
            "key": "fabricecalay-github",
            "name": "fabricecalay"
        },
        {
            "key": "jbalbontin-bitbucket",
            "name": "Jorge Balbontin"
        },
        {
            "key": "ex2solutions",
            "name": "ex2solutions"
        },
        {
            "key": "libreoffice",
            "name": "libreoffice"
        },
        {
            "key": "quinoacomputing",
            "name": "QuinoaComputing"
        },
        {
            "key": "0xf6-github",
            "name": "Yuuki Wesp"
        },
        {
            "key": "danielkocsis-github",
            "name": "Daniel Kocsis"
        }
    ],
    "components": [
        {
            "organization": "jbalbontin-bitbucket",
            "key": "llavecita",
            "name": "llavecita",
            "tags": [],
            "visibility": "public",
            "isNew": false
        },
        {
            "organization": "0xf6-github",
            "key": "papap",
            "name": "papap",
            "tags": [],
            "visibility": "public",
            "isNew": false
        },
        {
            "organization": "quinoacomputing",
            "key": "quinoa:/pdf",
            "name": "quinoa /pdf",
            "tags": [],
            "visibility": "public",
            "isNew": false
        },
        {
            "organization": "nomnom",
            "key": "nomnom",
            "name": "nomnom",
            "tags": [],
            "visibility": "public",
            "isNew": false
        },
        {
            "organization": "ex2solutions",
            "key": "BDXWEB",
            "name": "BDXWEB",
            "tags": [],
            "visibility": "public",
            "isNew": false
        },
        {
            "organization": "libreoffice",
            "key": "libreoffice",
            "name": "libreoffice",
            "tags": [],
            "visibility": "public",
            "isNew": false
        },
        {
            "organization": "fabricecalay-github",
            "key": "be.company.fca:tennis-corpo-engine",
            "name": "tennisCorpoEngine",
            "tags": [],
            "visibility": "public",
            "isNew": false
        },
        {
            "organization": "intellecteu",
            "key": "com.intellecteu.catalyst:catalyst",
            "name": "Catalyst Initializr",
            "tags": [],
            "visibility": "public",
            "isNew": false
        },
        {
            "organization": "tenkyu-github",
            "key": "Health",
            "name": "Health",
            "tags": [],
            "visibility": "public",
            "isNew": false
        },
        {
            "organization": "danielkocsis-github",
            "key": "staging-bundles",
            "name": "staging-bundles",
            "tags": [],
            "visibility": "public",
            "isNew": false
        }
    ],
    "facets": [
        {
            "property": "languages",
            "values": [
                {
                    "val": "xml",
                    "count": 14840
                },
                {
                    "val": "web",
                    "count": 13241
                },
                {
                    "val": "java",
                    "count": 13146
                },
                {
                    "val": "css",
                    "count": 11596
                },
                {
                    "val": "js",
                    "count": 11504
                },
                {
                    "val": "cs",
                    "count": 6126
                },
                {
                    "val": "php",
                    "count": 2739
                },
                {
                    "val": "py",
                    "count": 2703
                },
                {
                    "val": "ts",
                    "count": 2053
                },
                {
                    "val": "c",
                    "count": 1733
                }
            ]
        },
        {
            "property": "ncloc",
            "values": [
                {
                    "val": "*-1000.0",
                    "count": 28140
                },
                {
                    "val": "1000.0-10000.0",
                    "count": 18880
                },
                {
                    "val": "10000.0-100000.0",
                    "count": 10809
                },
                {
                    "val": "100000.0-500000.0",
                    "count": 1996
                },
                {
                    "val": "500000.0-*",
                    "count": 378
                }
            ]
        }
    ]
}