{
    "paging": {
        "pageIndex": 111,
        "pageSize": 10,
        "total": 32072
    },
    "organizations": [
        {
            "key": "apache",
            "name": "The Apache Software Foundation"
        },
        {
            "key": "ganguitehead-github",
            "name": "ganguitehead"
        },
        {
            "key": "elecharny-github",
            "name": "elecharny"
        }
    ],
    "components": [
        {
            "organization": "apache",
            "key": "commons-numbers",
            "name": "Apache Commons Numbers",
            "tags": [],
            "visibility": "public",
            "isNew": false
        },
        {
            "organization": "apache",
            "key": "commons-rng",
            "name": "Apache Commons RNG",
            "tags": [],
            "visibility": "public",
            "isNew": false
        },
        {
            "organization": "apache",
            "key": "commons-statistics",
            "name": "Apache Commons Statistics",
            "tags": [],
            "visibility": "public",
            "isNew": false
        },
        {
            "organization": "apache",
            "key": "cxf",
            "name": "Apache CXF",
            "tags": [],
            "visibility": "public",
            "isNew": false
        },
        {
            "organization": "elecharny-github",
            "key": "org.apache.directory.api:api-parent",
            "name": "Apache Directory LDAP API",
            "tags": [],
            "visibility": "public",
            "isNew": false
        },
        {
            "organization": "apache",
            "key": "apache_groovy",
            "name": "Apache Groovy",
            "tags": [],
            "visibility": "public",
            "eligibilityStatus": "COMPLETED",
            "eligible": false,
            "isNew": false
        },
        {
            "organization": "apache",
            "key": "hadoop-ozone",
            "name": "Apache Hadoop Ozone Main",
            "tags": [],
            "visibility": "public",
            "isNew": false
        },
        {
            "organization": "ganguitehead-github",
            "key": "org.apache.hadoop:hadoop-project:master",
            "name": "Apache Hadoop Project POM master",
            "tags": [],
            "visibility": "public",
            "isNew": false
        },
        {
            "organization": "apache",
            "key": "apache_incubator-iotdb",
            "name": "Apache IoTDB (incubating) Project Parent POM",
            "tags": [],
            "visibility": "public",
            "isNew": false
        },
        {
            "organization": "apache",
            "key": "apache_isis",
            "name": "Apache Isis (Aggregator)",
            "tags": [],
            "visibility": "public",
            "isNew": false
        }
    ],
    "facets": [
        {
            "property": "languages",
            "values": [
                {
                    "val": "xml",
                    "count": 14844
                },
                {
                    "val": "web",
                    "count": 13244
                },
                {
                    "val": "java",
                    "count": 13148
                },
                {
                    "val": "css",
                    "count": 11600
                },
                {
                    "val": "js",
                    "count": 11510
                },
                {
                    "val": "cs",
                    "count": 6127
                },
                {
                    "val": "php",
                    "count": 2740
                },
                {
                    "val": "py",
                    "count": 2703
                },
                {
                    "val": "ts",
                    "count": 2054
                },
                {
                    "val": "c",
                    "count": 1733
                }
            ]
        },
        {
            "property": "ncloc",
            "values": [
                {
                    "val": "*-1000.0",
                    "count": 28145
                },
                {
                    "val": "1000.0-10000.0",
                    "count": 18884
                },
                {
                    "val": "10000.0-100000.0",
                    "count": 10812
                },
                {
                    "val": "100000.0-500000.0",
                    "count": 1998
                },
                {
                    "val": "500000.0-*",
                    "count": 378
                }
            ]
        }
    ]
}