{
    "paging": {
        "pageIndex": 89,
        "pageSize": 10,
        "total": 32063
    },
    "organizations": [
        {
            "key": "claw-project",
            "name": "claw-project"
        },
        {
            "key": "kruhlmann-github",
            "name": "Andreas Kr\u00fchlmann"
        },
        {
            "key": "hmcts",
            "name": "HMCTS"
        },
        {
            "key": "gustavoterras",
            "name": "Gustavo Terras"
        },
        {
            "key": "andriaware",
            "name": "andriaware"
        },
        {
            "key": "riguron",
            "name": "riguron"
        },
        {
            "key": "dev-island-org",
            "name": "DevIsland"
        },
        {
            "key": "ententos-github",
            "name": "ENtentos"
        },
        {
            "key": "ehicks05",
            "name": "Eric Hicks"
        },
        {
            "key": "aslwaynechan",
            "name": "Wayne Chan"
        }
    ],
    "components": [
        {
            "organization": "aslwaynechan",
            "key": "cims-drugmaintenance-app",
            "name": "cims-drugmaintenance-app",
            "tags": [],
            "visibility": "public",
            "isNew": false
        },
        {
            "organization": "gustavoterras",
            "key": "gustavoterras_CineCubos",
            "name": "CineCubos",
            "tags": [],
            "visibility": "public",
            "isNew": false
        },
        {
            "organization": "ententos-github",
            "key": "ENtentos_cinema-microservices",
            "name": "cinema-microservices",
            "tags": [],
            "visibility": "public",
            "isNew": false
        },
        {
            "organization": "ehicks05",
            "key": "ehicks05_cinemang",
            "name": "cinemang",
            "tags": [],
            "visibility": "public",
            "eligibilityStatus": "COMPLETED",
            "eligible": false,
            "isNew": false
        },
        {
            "organization": "riguron",
            "key": "riguron_Citron",
            "name": "Citron",
            "tags": [],
            "visibility": "public",
            "isNew": false
        },
        {
            "organization": "andriaware",
            "key": "andriaware_civicsense",
            "name": "civicsense",
            "tags": [],
            "visibility": "public",
            "isNew": false
        },
        {
            "organization": "hmcts",
            "key": "CivilEnforcement",
            "name": "Civil Enforcement :: frontend",
            "tags": [],
            "visibility": "public",
            "isNew": false
        },
        {
            "organization": "kruhlmann-github",
            "key": "Kruhlmann_classicdb_bot",
            "name": "classicdb_bot",
            "tags": [],
            "visibility": "public",
            "isNew": false
        },
        {
            "organization": "claw-project",
            "key": "clawfc",
            "name": "CLAW XcodeML to XcodeML Translator",
            "tags": [],
            "visibility": "public",
            "isNew": false
        },
        {
            "organization": "dev-island-org",
            "key": "clean-arch-web-app",
            "name": "clean-arch-web-app",
            "tags": [],
            "visibility": "public",
            "isNew": false
        }
    ],
    "facets": [
        {
            "property": "languages",
            "values": [
                {
                    "val": "xml",
                    "count": 14841
                },
                {
                    "val": "web",
                    "count": 13242
                },
                {
                    "val": "java",
                    "count": 13146
                },
                {
                    "val": "css",
                    "count": 11597
                },
                {
                    "val": "js",
                    "count": 11505
                },
                {
                    "val": "cs",
                    "count": 6126
                },
                {
                    "val": "php",
                    "count": 2739
                },
                {
                    "val": "py",
                    "count": 2703
                },
                {
                    "val": "ts",
                    "count": 2053
                },
                {
                    "val": "c",
                    "count": 1733
                }
            ]
        },
        {
            "property": "ncloc",
            "values": [
                {
                    "val": "*-1000.0",
                    "count": 28145
                },
                {
                    "val": "1000.0-10000.0",
                    "count": 18878
                },
                {
                    "val": "10000.0-100000.0",
                    "count": 10810
                },
                {
                    "val": "100000.0-500000.0",
                    "count": 1997
                },
                {
                    "val": "500000.0-*",
                    "count": 378
                }
            ]
        }
    ]
}