{
    "paging": {
        "pageIndex": 188,
        "pageSize": 10,
        "total": 32064
    },
    "organizations": [
        {
            "key": "hernaldom",
            "name": "Hernaldo Morales"
        },
        {
            "key": "raysapps",
            "name": "raysapps"
        },
        {
            "key": "dagoza-github",
            "name": "Dagoza"
        },
        {
            "key": "nathangethub",
            "name": "nathangethub"
        },
        {
            "key": "space-game-web-mph",
            "name": "space-game-web-mph"
        },
        {
            "key": "pegarsonargithub",
            "name": "Pegarissimo"
        },
        {
            "key": "plipowczan-pace-game-web-333",
            "name": "Pawe\u0142 Lipowczan"
        },
        {
            "key": "reddawg213",
            "name": "reddawg213"
        },
        {
            "key": "space-game-666",
            "name": "space-game-666"
        },
        {
            "key": "draysams",
            "name": "draysams"
        }
    ],
    "components": [
        {
            "organization": "space-game-web-mph",
            "key": "mslearn-tailspin-spacegame-web-mph",
            "name": "mslearn-tailspin-spacegame-web-mph",
            "tags": [],
            "visibility": "public",
            "isNew": false
        },
        {
            "organization": "hernaldom",
            "key": "mslearn-tailspin-spacegame-web_hm",
            "name": "mslearn-tailspin-spacegame-web_hm",
            "tags": [],
            "visibility": "public",
            "isNew": true
        },
        {
            "organization": "nathangethub",
            "key": "nathangethub",
            "name": "nathangethub",
            "tags": [],
            "visibility": "public",
            "isNew": false
        },
        {
            "organization": "space-game-666",
            "key": "parramorej_mslearn-tailspin-spacegame-web",
            "name": "parramorej_mslearn-tailspin-spacegame-web",
            "tags": [],
            "visibility": "public",
            "eligibilityStatus": "COMPLETED",
            "eligible": false,
            "isNew": false
        },
        {
            "organization": "pegarsonargithub",
            "key": "Pegarissimo_mslearn-tailspin-spacegame-web",
            "name": "Pegarissimo_mslearn-tailspin-spacegame-web",
            "tags": [],
            "visibility": "public",
            "eligibilityStatus": "COMPLETED",
            "eligible": false,
            "isNew": true
        },
        {
            "organization": "plipowczan-pace-game-web-333",
            "key": "plipowczan_mslearn-tailspin-spacegame-web",
            "name": "plipowczan_mslearn-tailspin-spacegame-web",
            "tags": [],
            "visibility": "public",
            "eligibilityStatus": "COMPLETED",
            "eligible": false,
            "isNew": true
        },
        {
            "organization": "draysams",
            "key": "raysams_mslearn-tailspin-spacegame-web",
            "name": "raysams_mslearn-tailspin-spacegame-web",
            "tags": [],
            "visibility": "public",
            "isNew": false
        },
        {
            "organization": "raysapps",
            "key": "raysapps",
            "name": "raysapps",
            "tags": [],
            "visibility": "public",
            "isNew": false
        },
        {
            "organization": "reddawg213",
            "key": "reddawg213_mslearn-tailspin-spacegame-web",
            "name": "reddawg213_mslearn-tailspin-spacegame-web",
            "tags": [],
            "visibility": "public",
            "eligibilityStatus": "COMPLETED",
            "eligible": false,
            "isNew": false
        },
        {
            "organization": "dagoza-github",
            "key": "Reserva_De_Ambientes",
            "name": "Reserva_De_Ambientes",
            "tags": [],
            "visibility": "public",
            "isNew": false
        }
    ],
    "facets": [
        {
            "property": "languages",
            "values": [
                {
                    "val": "xml",
                    "count": 14841
                },
                {
                    "val": "web",
                    "count": 13242
                },
                {
                    "val": "java",
                    "count": 13146
                },
                {
                    "val": "css",
                    "count": 11597
                },
                {
                    "val": "js",
                    "count": 11505
                },
                {
                    "val": "cs",
                    "count": 6126
                },
                {
                    "val": "php",
                    "count": 2740
                },
                {
                    "val": "py",
                    "count": 2703
                },
                {
                    "val": "ts",
                    "count": 2053
                },
                {
                    "val": "c",
                    "count": 1733
                }
            ]
        },
        {
            "property": "ncloc",
            "values": [
                {
                    "val": "*-1000.0",
                    "count": 28143
                },
                {
                    "val": "1000.0-10000.0",
                    "count": 18879
                },
                {
                    "val": "10000.0-100000.0",
                    "count": 10810
                },
                {
                    "val": "100000.0-500000.0",
                    "count": 1997
                },
                {
                    "val": "500000.0-*",
                    "count": 378
                }
            ]
        }
    ]
}