{
    "paging": {
        "pageIndex": 938,
        "pageSize": 10,
        "total": 32064
    },
    "organizations": [
        {
            "key": "vincent-marchal92474",
            "name": "Vincent MARCHAL"
        },
        {
            "key": "pcharankumar-github",
            "name": "pcharankumar"
        },
        {
            "key": "jiboard",
            "name": "jiboard"
        },
        {
            "key": "k16v6eabfza0f81yh0gls1x36sp20w47",
            "name": "Studio Informatica s.r.l."
        },
        {
            "key": "sahriartoufiq-github",
            "name": "sahriartoufiq"
        },
        {
            "key": "vogellacompany",
            "name": "vogella GmbH"
        },
        {
            "key": "maekke97-github",
            "name": "maekke97"
        },
        {
            "key": "blancoga04",
            "name": "blancoga04"
        },
        {
            "key": "iiiiio",
            "name": "Yap ZhiHon"
        },
        {
            "key": "tavotestingsonarcloud",
            "name": "tavotestingsonarcloud"
        }
    ],
    "components": [
        {
            "organization": "tavotestingsonarcloud",
            "key": "tokentavowebsite",
            "name": "sonarwebsitemvc",
            "tags": [],
            "visibility": "public",
            "isNew": false
        },
        {
            "organization": "sahriartoufiq-github",
            "key": "com.sahriar.projects:spring-pagination",
            "name": "spring-pagination",
            "tags": [],
            "visibility": "public",
            "isNew": false
        },
        {
            "organization": "k16v6eabfza0f81yh0gls1x36sp20w47",
            "key": "UAS_Main",
            "name": "UAS_Main",
            "tags": [],
            "visibility": "public",
            "isNew": false
        },
        {
            "organization": "iiiiio",
            "key": "iiiiio_unittest_env",
            "name": "unittest_env",
            "tags": [],
            "visibility": "public",
            "isNew": false
        },
        {
            "organization": "blancoga04",
            "key": "ga04blanco",
            "name": "app",
            "tags": [],
            "visibility": "public",
            "isNew": false
        },
        {
            "organization": "vincent-marchal92474",
            "key": "BTL.Core.BuildsAnalyzer",
            "name": "BTL.Core.BuildsAnalyzer",
            "tags": [],
            "visibility": "public",
            "isNew": false
        },
        {
            "organization": "vogellacompany",
            "key": "vogellacompany_eclipse.platform.text",
            "name": "eclipse.platform.text",
            "tags": [],
            "visibility": "public",
            "isNew": false
        },
        {
            "organization": "maekke97-github",
            "key": "hierarchicalmatrices",
            "name": "hierarchicalmatrices",
            "tags": [],
            "visibility": "public",
            "isNew": false
        },
        {
            "organization": "jiboard",
            "key": "jiboard_ji",
            "name": "parent",
            "tags": [],
            "visibility": "public",
            "isNew": false
        },
        {
            "organization": "pcharankumar-github",
            "key": "PartsUnlimited-Microsoft-Project_GIT",
            "name": "PartsUnlimited-Microsoft-Project_GIT",
            "tags": [],
            "visibility": "public",
            "isNew": false
        }
    ],
    "facets": [
        {
            "property": "languages",
            "values": [
                {
                    "val": "xml",
                    "count": 14841
                },
                {
                    "val": "web",
                    "count": 13243
                },
                {
                    "val": "java",
                    "count": 13146
                },
                {
                    "val": "css",
                    "count": 11598
                },
                {
                    "val": "js",
                    "count": 11506
                },
                {
                    "val": "cs",
                    "count": 6126
                },
                {
                    "val": "php",
                    "count": 2739
                },
                {
                    "val": "py",
                    "count": 2703
                },
                {
                    "val": "ts",
                    "count": 2054
                },
                {
                    "val": "c",
                    "count": 1733
                }
            ]
        },
        {
            "property": "ncloc",
            "values": [
                {
                    "val": "*-1000.0",
                    "count": 28144
                },
                {
                    "val": "1000.0-10000.0",
                    "count": 18879
                },
                {
                    "val": "10000.0-100000.0",
                    "count": 10810
                },
                {
                    "val": "100000.0-500000.0",
                    "count": 1997
                },
                {
                    "val": "500000.0-*",
                    "count": 378
                }
            ]
        }
    ]
}