{
    "paging": {
        "pageIndex": 309,
        "pageSize": 10,
        "total": 32066
    },
    "organizations": [
        {
            "key": "litetex",
            "name": "litetex"
        },
        {
            "key": "juliotorresmoreno",
            "name": "julio cesar torres moreno"
        },
        {
            "key": "freeletics",
            "name": "Freeletics GmbH"
        },
        {
            "key": "hosam-kamel90890",
            "name": "Hosam Kamel"
        },
        {
            "key": "sonorg",
            "name": "sonorg"
        },
        {
            "key": "stevenknox-github",
            "name": "Steven Knox"
        },
        {
            "key": "xenon707-bitbucket",
            "name": "saqib"
        },
        {
            "key": "suryatejas64",
            "name": "SuryaTejas64"
        },
        {
            "key": "gabrielmccoll",
            "name": "Gabriel McColl"
        }
    ],
    "components": [
        {
            "organization": "sonorg",
            "key": "core-test",
            "name": "core-test",
            "tags": [],
            "visibility": "public",
            "isNew": false
        },
        {
            "organization": "gabrielmccoll",
            "key": "core2.2",
            "name": "core2.2",
            "tags": [],
            "visibility": "public",
            "isNew": false
        },
        {
            "organization": "suryatejas64",
            "key": "SuryaTejas64_CoreAppRepo",
            "name": "CoreApp",
            "tags": [],
            "visibility": "public",
            "isNew": false
        },
        {
            "organization": "stevenknox-github",
            "key": "stevenknox_CoreBDD",
            "name": "CoreBDD",
            "tags": [],
            "visibility": "public",
            "isNew": false
        },
        {
            "organization": "litetex",
            "key": "litetex_CoreFrameworkBase",
            "name": "CoreFramework",
            "tags": [],
            "visibility": "public",
            "eligibilityStatus": "COMPLETED",
            "eligible": false,
            "isNew": false
        },
        {
            "organization": "hosam-kamel90890",
            "key": "CoreProject",
            "name": "CoreProject",
            "tags": [],
            "visibility": "public",
            "isNew": false
        },
        {
            "organization": "freeletics",
            "key": "CoreTrainingSpots",
            "name": "CoreTrainingSpots",
            "tags": [],
            "visibility": "public",
            "isNew": false
        },
        {
            "organization": "juliotorresmoreno",
            "key": "juliotorresmoreno_coreui-free-react-admin-template",
            "name": "coreui-free-react-admin-template",
            "tags": [],
            "visibility": "public",
            "eligibilityStatus": "COMPLETED",
            "eligible": true,
            "isNew": false
        },
        {
            "organization": "freeletics",
            "key": "CoreUtil",
            "name": "CoreUtil",
            "tags": [],
            "visibility": "public",
            "isNew": false
        },
        {
            "organization": "xenon707-bitbucket",
            "key": "coreutil",
            "name": "coreutil",
            "tags": [],
            "visibility": "public",
            "isNew": false
        }
    ],
    "facets": [
        {
            "property": "languages",
            "values": [
                {
                    "val": "xml",
                    "count": 14842
                },
                {
                    "val": "web",
                    "count": 13243
                },
                {
                    "val": "java",
                    "count": 13146
                },
                {
                    "val": "css",
                    "count": 11599
                },
                {
                    "val": "js",
                    "count": 11508
                },
                {
                    "val": "cs",
                    "count": 6126
                },
                {
                    "val": "php",
                    "count": 2740
                },
                {
                    "val": "py",
                    "count": 2703
                },
                {
                    "val": "ts",
                    "count": 2054
                },
                {
                    "val": "c",
                    "count": 1733
                }
            ]
        },
        {
            "property": "ncloc",
            "values": [
                {
                    "val": "*-1000.0",
                    "count": 28146
                },
                {
                    "val": "1000.0-10000.0",
                    "count": 18880
                },
                {
                    "val": "10000.0-100000.0",
                    "count": 10810
                },
                {
                    "val": "100000.0-500000.0",
                    "count": 1998
                },
                {
                    "val": "500000.0-*",
                    "count": 378
                }
            ]
        }
    ]
}