{
    "paging": {
        "pageIndex": 63,
        "pageSize": 10,
        "total": 32072
    },
    "organizations": [
        {
            "key": "bedatadriven",
            "name": "bedatadriven"
        },
        {
            "key": "cduartebu-github",
            "name": "cduartebu"
        },
        {
            "key": "acumos",
            "name": "Acumos"
        },
        {
            "key": "silentsoft",
            "name": "silentsoft"
        },
        {
            "key": "munazzahnawaz",
            "name": "MunazzahNawaz"
        },
        {
            "key": "activout",
            "name": "Activout AB"
        }
    ],
    "components": [
        {
            "organization": "bedatadriven",
            "key": "org.activityinfo:activityinfo",
            "name": "ActivityInfo",
            "tags": [],
            "visibility": "public",
            "isNew": false
        },
        {
            "organization": "cduartebu-github",
            "key": "cduartebu_activitymanager",
            "name": "activitymanager",
            "tags": [],
            "visibility": "public",
            "isNew": false
        },
        {
            "organization": "activout",
            "key": "Activout.RestClient",
            "name": "Activout.RestClient",
            "tags": [],
            "visibility": "public",
            "isNew": false
        },
        {
            "organization": "silentsoft",
            "key": "silentsoft_actlist",
            "name": "actlist",
            "tags": [],
            "visibility": "public",
            "isNew": false
        },
        {
            "organization": "munazzahnawaz",
            "key": "MunazzahNawaz_AcuitySpark_Angular",
            "name": "AcuitySpark_Angular",
            "tags": [],
            "visibility": "public",
            "isNew": false
        },
        {
            "organization": "acumos",
            "key": "acumos_common-dataservice",
            "name": "Acumos Common Data Service Project",
            "tags": [],
            "visibility": "public",
            "isNew": false
        },
        {
            "organization": "acumos",
            "key": "acumos_databroker",
            "name": "Acumos Databroker Service",
            "tags": [],
            "visibility": "public",
            "isNew": false
        },
        {
            "organization": "acumos",
            "key": "acumos_generic-model-runner",
            "name": "Acumos H2O/Generic Java Model Runner",
            "tags": [],
            "visibility": "public",
            "isNew": false
        },
        {
            "organization": "acumos",
            "key": "acumos_acumos-java-client",
            "name": "Acumos Java Client parent project",
            "tags": [],
            "visibility": "public",
            "isNew": false
        },
        {
            "organization": "acumos",
            "key": "acumos_portal-marketplace",
            "name": "Acumos Portal Marketplace parent project",
            "tags": [],
            "visibility": "public",
            "isNew": false
        }
    ],
    "facets": [
        {
            "property": "languages",
            "values": [
                {
                    "val": "xml",
                    "count": 14844
                },
                {
                    "val": "web",
                    "count": 13244
                },
                {
                    "val": "java",
                    "count": 13148
                },
                {
                    "val": "css",
                    "count": 11600
                },
                {
                    "val": "js",
                    "count": 11510
                },
                {
                    "val": "cs",
                    "count": 6127
                },
                {
                    "val": "php",
                    "count": 2740
                },
                {
                    "val": "py",
                    "count": 2703
                },
                {
                    "val": "ts",
                    "count": 2054
                },
                {
                    "val": "c",
                    "count": 1733
                }
            ]
        },
        {
            "property": "ncloc",
            "values": [
                {
                    "val": "*-1000.0",
                    "count": 28145
                },
                {
                    "val": "1000.0-10000.0",
                    "count": 18884
                },
                {
                    "val": "10000.0-100000.0",
                    "count": 10812
                },
                {
                    "val": "100000.0-500000.0",
                    "count": 1998
                },
                {
                    "val": "500000.0-*",
                    "count": 378
                }
            ]
        }
    ]
}