{
    "paging": {
        "pageIndex": 693,
        "pageSize": 10,
        "total": 32065
    },
    "organizations": [
        {
            "key": "knowagelabs",
            "name": "KnowageLabs"
        }
    ],
    "components": [
        {
            "organization": "knowagelabs",
            "key": "it.eng.knowage:knowage-core",
            "name": "knowage-core",
            "tags": [],
            "visibility": "public",
            "isNew": false
        },
        {
            "organization": "knowagelabs",
            "key": "it.eng.knowage:knowage-dao",
            "name": "knowage-dao",
            "tags": [],
            "visibility": "public",
            "isNew": false
        },
        {
            "organization": "knowagelabs",
            "key": "it.eng.knowage:knowage-utils",
            "name": "knowage-utils",
            "tags": [],
            "visibility": "public",
            "isNew": false
        },
        {
            "organization": "knowagelabs",
            "key": "it.eng.knowage:knowagebirtreportengine",
            "name": "knowagebirtreportengine",
            "tags": [],
            "visibility": "public",
            "isNew": false
        },
        {
            "organization": "knowagelabs",
            "key": "it.eng.knowage:knowagecommonjengine",
            "name": "knowagecommonjengine",
            "tags": [],
            "visibility": "public",
            "isNew": false
        },
        {
            "organization": "knowagelabs",
            "key": "it.eng.knowage:knowagedataminingengine",
            "name": "knowagedataminingengine",
            "tags": [],
            "visibility": "public",
            "isNew": false
        },
        {
            "organization": "knowagelabs",
            "key": "it.eng.knowage:knowagegeoreportengine",
            "name": "knowagegeoreportengine",
            "tags": [],
            "visibility": "public",
            "isNew": false
        },
        {
            "organization": "knowagelabs",
            "key": "it.eng.knowage:knowagejasperreportengine",
            "name": "knowagejasperreportengine",
            "tags": [],
            "visibility": "public",
            "isNew": false
        },
        {
            "organization": "knowagelabs",
            "key": "it.eng.knowage:knowagekpiengine",
            "name": "knowagekpiengine",
            "tags": [],
            "visibility": "public",
            "isNew": false
        },
        {
            "organization": "knowagelabs",
            "key": "it.eng.knowage:knowagemeta",
            "name": "knowagemeta",
            "tags": [],
            "visibility": "public",
            "isNew": false
        }
    ],
    "facets": [
        {
            "property": "languages",
            "values": [
                {
                    "val": "xml",
                    "count": 14841
                },
                {
                    "val": "web",
                    "count": 13243
                },
                {
                    "val": "java",
                    "count": 13146
                },
                {
                    "val": "css",
                    "count": 11598
                },
                {
                    "val": "js",
                    "count": 11507
                },
                {
                    "val": "cs",
                    "count": 6126
                },
                {
                    "val": "php",
                    "count": 2739
                },
                {
                    "val": "py",
                    "count": 2703
                },
                {
                    "val": "ts",
                    "count": 2054
                },
                {
                    "val": "c",
                    "count": 1733
                }
            ]
        },
        {
            "property": "ncloc",
            "values": [
                {
                    "val": "*-1000.0",
                    "count": 28145
                },
                {
                    "val": "1000.0-10000.0",
                    "count": 18880
                },
                {
                    "val": "10000.0-100000.0",
                    "count": 10810
                },
                {
                    "val": "100000.0-500000.0",
                    "count": 1997
                },
                {
                    "val": "500000.0-*",
                    "count": 378
                }
            ]
        }
    ]
}