{
    "paging": {
        "pageIndex": 386,
        "pageSize": 10,
        "total": 32065
    },
    "organizations": [
        {
            "key": "ian-summers67590",
            "name": "Ian Summers"
        },
        {
            "key": "docwhat",
            "name": "Christian H\u00f6ltje"
        },
        {
            "key": "quantummaid",
            "name": "QuantumMaid"
        },
        {
            "key": "nopearx-github",
            "name": "Gregory"
        },
        {
            "key": "kyanha-github",
            "name": "Kyle H"
        },
        {
            "key": "vijayvani-github",
            "name": "vijayvani"
        },
        {
            "key": "citation-file-format",
            "name": "citation-file-format"
        },
        {
            "key": "alkampfergit-github",
            "name": "Gian Maria "
        },
        {
            "key": "prax-sepg-github",
            "name": "PRAX-SEPG"
        },
        {
            "key": "bernat11-github",
            "name": "Bernat11"
        }
    ],
    "components": [
        {
            "organization": "quantummaid",
            "key": "de.quantummaid:documaid",
            "name": "DocuMaid",
            "tags": [],
            "visibility": "public",
            "isNew": false
        },
        {
            "organization": "bernat11-github",
            "key": "Bernat11_document-with-QR",
            "name": "Document with QR",
            "tags": [],
            "visibility": "public",
            "isNew": false
        },
        {
            "organization": "ian-summers67590",
            "key": "com.cerner.documentation.retrieve:document-retriever-parent",
            "name": "document-retriever-parent",
            "tags": [],
            "visibility": "public",
            "isNew": false
        },
        {
            "organization": "prax-sepg-github",
            "key": "documentos-cbk",
            "name": "documentos-cbk",
            "tags": [],
            "visibility": "public",
            "isNew": false
        },
        {
            "organization": "alkampfergit-github",
            "key": "DocumentStore",
            "name": "DocumentStore",
            "tags": [],
            "visibility": "public",
            "isNew": false
        },
        {
            "organization": "nopearx-github",
            "key": "DocumentumTC",
            "name": "DocumentumTC",
            "tags": [],
            "visibility": "public",
            "isNew": false
        },
        {
            "organization": "vijayvani-github",
            "key": "vijayvani_docusign-java-client",
            "name": "docusign-esign-java",
            "tags": [],
            "visibility": "public",
            "isNew": false
        },
        {
            "organization": "docwhat",
            "key": "docwhat_docwhat",
            "name": "docwhat",
            "tags": [],
            "visibility": "public",
            "isNew": false
        },
        {
            "organization": "citation-file-format",
            "key": "doi2cff",
            "name": "doi2cff",
            "tags": [],
            "visibility": "public",
            "isNew": false
        },
        {
            "organization": "kyanha-github",
            "key": "kyanha-dokan-dotnet",
            "name": "Dokan.Net",
            "tags": [],
            "visibility": "public",
            "isNew": false
        }
    ],
    "facets": [
        {
            "property": "languages",
            "values": [
                {
                    "val": "xml",
                    "count": 14841
                },
                {
                    "val": "web",
                    "count": 13243
                },
                {
                    "val": "java",
                    "count": 13146
                },
                {
                    "val": "css",
                    "count": 11598
                },
                {
                    "val": "js",
                    "count": 11507
                },
                {
                    "val": "cs",
                    "count": 6126
                },
                {
                    "val": "php",
                    "count": 2739
                },
                {
                    "val": "py",
                    "count": 2703
                },
                {
                    "val": "ts",
                    "count": 2054
                },
                {
                    "val": "c",
                    "count": 1733
                }
            ]
        },
        {
            "property": "ncloc",
            "values": [
                {
                    "val": "*-1000.0",
                    "count": 28145
                },
                {
                    "val": "1000.0-10000.0",
                    "count": 18880
                },
                {
                    "val": "10000.0-100000.0",
                    "count": 10810
                },
                {
                    "val": "100000.0-500000.0",
                    "count": 1997
                },
                {
                    "val": "500000.0-*",
                    "count": 378
                }
            ]
        }
    ]
}