{
    "paging": {
        "pageIndex": 656,
        "pageSize": 10,
        "total": 32067
    },
    "organizations": [
        {
            "key": "typer",
            "name": "typer"
        },
        {
            "key": "m-arcus-github",
            "name": "Marcus M\u00fcller"
        },
        {
            "key": "brotkrueml-github",
            "name": "Chris M\u00fcller"
        },
        {
            "key": "helhum-github",
            "name": "Helmut Hummel"
        },
        {
            "key": "uvms-github",
            "name": "Union Vms"
        },
        {
            "key": "simondel-github",
            "name": "Simon de Lang"
        },
        {
            "key": "2002-feb24-net",
            "name": "2002-feb24-net"
        },
        {
            "key": "diana-elizabeth-campos-zetino72961",
            "name": "Zeus Team"
        },
        {
            "key": "typo3",
            "name": "TYPO3"
        }
    ],
    "components": [
        {
            "organization": "uvms-github",
            "key": "eu.europa.ec.fisheries.uvms.plugins.inmarsat:twostage:PR",
            "name": "twostage PR",
            "tags": [],
            "visibility": "public",
            "isNew": false
        },
        {
            "organization": "diana-elizabeth-campos-zetino72961",
            "key": "txuLeadManager-backend",
            "name": "txuLeadManager-backend",
            "tags": [],
            "visibility": "public",
            "isNew": false
        },
        {
            "organization": "2002-feb24-net",
            "key": "2002-feb24-net_tyler-project1",
            "name": "tyler-project1",
            "tags": [],
            "visibility": "public",
            "eligibilityStatus": "COMPLETED",
            "eligible": false,
            "isNew": false
        },
        {
            "organization": "typer",
            "key": "pl.michal.olszewski:typer:develop",
            "name": "typer develop",
            "tags": [],
            "visibility": "public",
            "isNew": false
        },
        {
            "organization": "simondel-github",
            "key": "simondel-typescript-test",
            "name": "typescript-test",
            "tags": [],
            "visibility": "public",
            "isNew": false
        },
        {
            "organization": "typo3",
            "key": "typo3",
            "name": "typo3",
            "tags": [],
            "visibility": "public",
            "isNew": false
        },
        {
            "organization": "helhum-github",
            "key": "typo3-console",
            "name": "TYPO3 Console",
            "tags": [],
            "visibility": "public",
            "isNew": false
        },
        {
            "organization": "helhum-github",
            "key": "typo3-console:master",
            "name": "TYPO3 Console master",
            "tags": [],
            "visibility": "public",
            "isNew": false
        },
        {
            "organization": "brotkrueml-github",
            "key": "typo3-jobrouter-data",
            "name": "typo3-jobrouter-data",
            "tags": [],
            "visibility": "public",
            "isNew": false
        },
        {
            "organization": "m-arcus-github",
            "key": "M-arcus_TYPO3-metaseo",
            "name": "TYPO3-metaseo",
            "tags": [],
            "visibility": "public",
            "isNew": false
        }
    ],
    "facets": [
        {
            "property": "languages",
            "values": [
                {
                    "val": "xml",
                    "count": 14842
                },
                {
                    "val": "web",
                    "count": 13243
                },
                {
                    "val": "java",
                    "count": 13146
                },
                {
                    "val": "css",
                    "count": 11599
                },
                {
                    "val": "js",
                    "count": 11508
                },
                {
                    "val": "cs",
                    "count": 6126
                },
                {
                    "val": "php",
                    "count": 2740
                },
                {
                    "val": "py",
                    "count": 2703
                },
                {
                    "val": "ts",
                    "count": 2054
                },
                {
                    "val": "c",
                    "count": 1733
                }
            ]
        },
        {
            "property": "ncloc",
            "values": [
                {
                    "val": "*-1000.0",
                    "count": 28145
                },
                {
                    "val": "1000.0-10000.0",
                    "count": 18881
                },
                {
                    "val": "10000.0-100000.0",
                    "count": 10810
                },
                {
                    "val": "100000.0-500000.0",
                    "count": 1998
                },
                {
                    "val": "500000.0-*",
                    "count": 378
                }
            ]
        }
    ]
}