{
    "paging": {
        "pageIndex": 693,
        "pageSize": 10,
        "total": 32066
    },
    "organizations": [
        {
            "key": "renatod-github",
            "name": "Renato Dias"
        },
        {
            "key": "louisvb-github",
            "name": "LouisVB"
        },
        {
            "key": "jessiejuachon",
            "name": "jessiejuachon"
        },
        {
            "key": "acmeorg",
            "name": "Acme Organization"
        },
        {
            "key": "yesubabu1240",
            "name": "Tejaswini1240"
        },
        {
            "key": "jet-suite",
            "name": "JetSuite"
        },
        {
            "key": "raphael-hascoet-github",
            "name": "raphael-hascoet"
        }
    ],
    "components": [
        {
            "organization": "jessiejuachon",
            "key": "jessiejuachon-java-client-g11n-java-client",
            "name": "jessiejuachon-java-client-g11n-java-client",
            "tags": [],
            "visibility": "public",
            "isNew": false
        },
        {
            "organization": "jessiejuachon",
            "key": "jessiejuachon:java-client:g11n-java-client",
            "name": "jessiejuachon:java-client:g11n-java-client",
            "tags": [],
            "visibility": "public",
            "isNew": false
        },
        {
            "organization": "jessiejuachon",
            "key": "com.vmware:jessiejuachon:singleton-service:jessie",
            "name": "jessiejuachon:singleton-service:jessie",
            "tags": [],
            "visibility": "public",
            "isNew": false
        },
        {
            "organization": "jessiejuachon",
            "key": "com.vmware:jessiejuachon:singleton-service:master",
            "name": "jessiejuachon:singleton-service:master",
            "tags": [],
            "visibility": "public",
            "isNew": false
        },
        {
            "organization": "renatod-github",
            "key": "renatod_jest",
            "name": "jest",
            "tags": [],
            "visibility": "public",
            "isNew": false
        },
        {
            "organization": "yesubabu1240",
            "key": "Jesus1240pk",
            "name": "Jesus1240pk",
            "tags": [],
            "visibility": "public",
            "isNew": false
        },
        {
            "organization": "jet-suite",
            "key": "jet-suite_JetEngine",
            "name": "JetEngine",
            "tags": [],
            "visibility": "public",
            "isNew": false
        },
        {
            "organization": "acmeorg",
            "key": "jetfuelkey",
            "name": "JetFuel",
            "tags": [],
            "visibility": "public",
            "isNew": false
        },
        {
            "organization": "louisvb-github",
            "key": "LouisVB_Big_idea_checkers",
            "name": "jetty-starter",
            "tags": [],
            "visibility": "public",
            "isNew": false
        },
        {
            "organization": "raphael-hascoet-github",
            "key": "Jeu-de-mots",
            "name": "Jeu de mots",
            "tags": [],
            "visibility": "public",
            "isNew": false
        }
    ],
    "facets": [
        {
            "property": "languages",
            "values": [
                {
                    "val": "xml",
                    "count": 14842
                },
                {
                    "val": "web",
                    "count": 13243
                },
                {
                    "val": "java",
                    "count": 13146
                },
                {
                    "val": "css",
                    "count": 11599
                },
                {
                    "val": "js",
                    "count": 11508
                },
                {
                    "val": "cs",
                    "count": 6126
                },
                {
                    "val": "php",
                    "count": 2740
                },
                {
                    "val": "py",
                    "count": 2703
                },
                {
                    "val": "ts",
                    "count": 2054
                },
                {
                    "val": "c",
                    "count": 1733
                }
            ]
        },
        {
            "property": "ncloc",
            "values": [
                {
                    "val": "*-1000.0",
                    "count": 28145
                },
                {
                    "val": "1000.0-10000.0",
                    "count": 18880
                },
                {
                    "val": "10000.0-100000.0",
                    "count": 10810
                },
                {
                    "val": "100000.0-500000.0",
                    "count": 1998
                },
                {
                    "val": "500000.0-*",
                    "count": 378
                }
            ]
        }
    ]
}