{
    "paging": {
        "pageIndex": 883,
        "pageSize": 10,
        "total": 32063
    },
    "organizations": [
        {
            "key": "sonarsource",
            "name": "SonarSource"
        },
        {
            "key": "n3thunt3r-github",
            "name": "N3thunt3r1"
        },
        {
            "key": "szaboferee-github",
            "name": "Ferenc Szab\u00f3"
        },
        {
            "key": "thraex-70-github",
            "name": "\u9b3c\u738b"
        },
        {
            "key": "exxeta",
            "name": "EXXETA AG"
        },
        {
            "key": "simplonprod",
            "name": "SimplonProd"
        },
        {
            "key": "fabriciobedin",
            "name": "Fabricio Bedin"
        },
        {
            "key": "unrwa",
            "name": "unrwa"
        },
        {
            "key": "steambap",
            "name": "Weilin Shi"
        }
    ],
    "components": [
        {
            "organization": "n3thunt3r-github",
            "key": "N3thunt3r_eslint-github-bot",
            "name": "eslint-github-bot",
            "tags": [],
            "visibility": "public",
            "isNew": false
        },
        {
            "organization": "fabriciobedin",
            "key": "fabriciobedin_eslint-plugin-react",
            "name": "eslint-plugin-react",
            "tags": [],
            "visibility": "public",
            "eligibilityStatus": "COMPLETED",
            "eligible": true,
            "isNew": false
        },
        {
            "organization": "steambap",
            "key": "steambap_eslint-plugin-react",
            "name": "eslint-plugin-react",
            "tags": [],
            "visibility": "public",
            "isNew": false
        },
        {
            "organization": "sonarsource",
            "key": "eslint-plugin-sonarjs",
            "name": "eslint-plugin-sonarjs",
            "tags": [
                "sonarjs",
                "eslint"
            ],
            "visibility": "public",
            "isNew": false
        },
        {
            "organization": "thraex-70-github",
            "key": "com.cnpc:esp-admin",
            "name": "esp-admin",
            "tags": [],
            "visibility": "public",
            "isNew": false
        },
        {
            "organization": "thraex-70-github",
            "key": "com.cnpc:esp-food",
            "name": "esp-food",
            "tags": [],
            "visibility": "public",
            "isNew": false
        },
        {
            "organization": "simplonprod",
            "key": "espace-idees",
            "name": "Espace Idees",
            "tags": [],
            "visibility": "public",
            "isNew": false
        },
        {
            "organization": "szaboferee-github",
            "key": "szaboferee-esprimaPHP",
            "name": "esprimaPHP",
            "tags": [],
            "visibility": "public",
            "isNew": false
        },
        {
            "organization": "exxeta",
            "key": "EXXETA_sonar-esql-plugin",
            "name": "Esql Plugin",
            "tags": [],
            "visibility": "public",
            "isNew": false
        },
        {
            "organization": "unrwa",
            "key": "esrsApp",
            "name": "esrsApp",
            "tags": [],
            "visibility": "public",
            "isNew": false
        }
    ],
    "facets": [
        {
            "property": "languages",
            "values": [
                {
                    "val": "xml",
                    "count": 14841
                },
                {
                    "val": "web",
                    "count": 13242
                },
                {
                    "val": "java",
                    "count": 13146
                },
                {
                    "val": "css",
                    "count": 11597
                },
                {
                    "val": "js",
                    "count": 11505
                },
                {
                    "val": "cs",
                    "count": 6126
                },
                {
                    "val": "php",
                    "count": 2739
                },
                {
                    "val": "py",
                    "count": 2703
                },
                {
                    "val": "ts",
                    "count": 2053
                },
                {
                    "val": "c",
                    "count": 1733
                }
            ]
        },
        {
            "property": "ncloc",
            "values": [
                {
                    "val": "*-1000.0",
                    "count": 28143
                },
                {
                    "val": "1000.0-10000.0",
                    "count": 18878
                },
                {
                    "val": "10000.0-100000.0",
                    "count": 10810
                },
                {
                    "val": "100000.0-500000.0",
                    "count": 1997
                },
                {
                    "val": "500000.0-*",
                    "count": 378
                }
            ]
        }
    ]
}