{
    "paging": {
        "pageIndex": 200,
        "pageSize": 10,
        "total": 32063
    },
    "organizations": [
        {
            "key": "k3kiran",
            "name": "k3kiran"
        },
        {
            "key": "hland",
            "name": "hland"
        },
        {
            "key": "kaizimmerm-github",
            "name": "Kai Zimmermann"
        },
        {
            "key": "harvey",
            "name": "Harvey-OS"
        },
        {
            "key": "anand1avi",
            "name": "Meaaa"
        },
        {
            "key": "amitavasinha-github",
            "name": "AmitavaSinha"
        },
        {
            "key": "mxmvrnv-github",
            "name": "Max Voronov"
        },
        {
            "key": "havox",
            "name": "haVox"
        },
        {
            "key": "millo94",
            "name": "Millo94"
        },
        {
            "key": "devopshazelcast-github",
            "name": "devOpsHazelcast"
        }
    ],
    "components": [
        {
            "organization": "harvey",
            "key": "harvey",
            "name": "Harvey",
            "tags": [],
            "visibility": "public",
            "isNew": false
        },
        {
            "organization": "mxmvrnv-github",
            "key": "mxmvrnv_HashBackup",
            "name": "HashBackup",
            "tags": [],
            "visibility": "public",
            "isNew": false
        },
        {
            "organization": "hland",
            "key": "hatteland",
            "name": "Hatteland",
            "tags": [],
            "visibility": "public",
            "isNew": false
        },
        {
            "organization": "millo94",
            "key": "com.codeabovelab.dm:dm-parent",
            "name": "Haven platform",
            "tags": [],
            "visibility": "public",
            "isNew": false
        },
        {
            "organization": "havox",
            "key": "net.havox.times:haVoxTimes",
            "name": "haVoxTimes",
            "tags": [],
            "visibility": "public",
            "isNew": false
        },
        {
            "organization": "kaizimmerm-github",
            "key": "org.eclipse.hawkbit:hawkbit-parent",
            "name": "hawkBit :: Parent",
            "tags": [],
            "visibility": "public",
            "isNew": false
        },
        {
            "organization": "devopshazelcast-github",
            "key": "com.hazelcast:hazelcast-hibernate",
            "name": "hazelcast-hibernate",
            "tags": [],
            "visibility": "public",
            "isNew": false
        },
        {
            "organization": "k3kiran",
            "key": "HC-Devops-Hackathon1",
            "name": "HC-Devops-Hackathon1",
            "tags": [],
            "visibility": "public",
            "isNew": false
        },
        {
            "organization": "amitavasinha-github",
            "key": "amitavasinha-github",
            "name": "HCLNextGenSonarCloudTest",
            "tags": [],
            "visibility": "public",
            "isNew": false
        },
        {
            "organization": "anand1avi",
            "key": "health_project",
            "name": "health_project",
            "tags": [],
            "visibility": "public",
            "isNew": false
        }
    ],
    "facets": [
        {
            "property": "languages",
            "values": [
                {
                    "val": "xml",
                    "count": 14841
                },
                {
                    "val": "web",
                    "count": 13242
                },
                {
                    "val": "java",
                    "count": 13146
                },
                {
                    "val": "css",
                    "count": 11597
                },
                {
                    "val": "js",
                    "count": 11505
                },
                {
                    "val": "cs",
                    "count": 6126
                },
                {
                    "val": "php",
                    "count": 2739
                },
                {
                    "val": "py",
                    "count": 2703
                },
                {
                    "val": "ts",
                    "count": 2053
                },
                {
                    "val": "c",
                    "count": 1733
                }
            ]
        },
        {
            "property": "ncloc",
            "values": [
                {
                    "val": "*-1000.0",
                    "count": 28145
                },
                {
                    "val": "1000.0-10000.0",
                    "count": 18878
                },
                {
                    "val": "10000.0-100000.0",
                    "count": 10810
                },
                {
                    "val": "100000.0-500000.0",
                    "count": 1997
                },
                {
                    "val": "500000.0-*",
                    "count": 378
                }
            ]
        }
    ]
}