{
    "paging": {
        "pageIndex": 882,
        "pageSize": 10,
        "total": 32063
    },
    "organizations": [
        {
            "key": "arodriguxn-bitbucket",
            "name": "ALVARO RODRIGUEZ SAN PEDRO"
        },
        {
            "key": "craftstuebchen",
            "name": "Craftstuebchen"
        },
        {
            "key": "backupmarcospg-github",
            "name": "backupmarcospg"
        },
        {
            "key": "lucaskatayama-github",
            "name": "Lucas Katayama"
        },
        {
            "key": "study-inc",
            "name": "Study-Projects-Inc"
        },
        {
            "key": "maitecs-bitbucket",
            "name": "MARIA TERESA CONEJO SEQUEDO"
        },
        {
            "key": "gerbera",
            "name": "Gerbera"
        },
        {
            "key": "sqrtminusone-github",
            "name": "SqrtMinusOne"
        },
        {
            "key": "fuinorg",
            "name": "fuinorg"
        },
        {
            "key": "azerrilli971-github",
            "name": "azerrilli971"
        }
    ],
    "components": [
        {
            "organization": "azerrilli971-github",
            "key": "Actionplan3n",
            "name": "IRI",
            "tags": [],
            "visibility": "public",
            "isNew": false
        },
        {
            "organization": "backupmarcospg-github",
            "key": "roaringbitmapverfinale",
            "name": "RoaringBitmapParent",
            "tags": [],
            "visibility": "public",
            "isNew": false
        },
        {
            "organization": "arodriguxn-bitbucket",
            "key": "arodriguxn_petclinic_ga1_fork_sr_marron",
            "name": "petclinic",
            "tags": [],
            "visibility": "public",
            "isNew": false
        },
        {
            "organization": "study-inc",
            "key": "com.revenat:jcart",
            "name": "jcart",
            "tags": [],
            "visibility": "public",
            "isNew": false
        },
        {
            "organization": "fuinorg",
            "key": "org.fuin.srcgen4j:srcgen4j-commons",
            "name": "srcgen4j-commons",
            "tags": [],
            "visibility": "public",
            "isNew": false
        },
        {
            "organization": "maitecs-bitbucket",
            "key": "maitecs_petclinic_gb3_fork_sranaranja",
            "name": "petclinic",
            "tags": [],
            "visibility": "public",
            "isNew": false
        },
        {
            "organization": "lucaskatayama-github",
            "key": "com.lucaskatayama.designpatterns:design-patterns",
            "name": "design-patterns",
            "tags": [],
            "visibility": "public",
            "isNew": false
        },
        {
            "organization": "sqrtminusone-github",
            "key": "mse_teacher_plan",
            "name": "db_coursework",
            "tags": [],
            "visibility": "public",
            "isNew": false
        },
        {
            "organization": "craftstuebchen",
            "key": "Craftstuebchen_Quantum-Connectors",
            "name": "QuantumPlugin",
            "tags": [],
            "visibility": "public",
            "isNew": false
        },
        {
            "organization": "gerbera",
            "key": "gerbera_gerbera",
            "name": "gerbera",
            "tags": [],
            "visibility": "public",
            "isNew": false
        }
    ],
    "facets": [
        {
            "property": "languages",
            "values": [
                {
                    "val": "xml",
                    "count": 14840
                },
                {
                    "val": "web",
                    "count": 13241
                },
                {
                    "val": "java",
                    "count": 13146
                },
                {
                    "val": "css",
                    "count": 11596
                },
                {
                    "val": "js",
                    "count": 11504
                },
                {
                    "val": "cs",
                    "count": 6126
                },
                {
                    "val": "php",
                    "count": 2739
                },
                {
                    "val": "py",
                    "count": 2703
                },
                {
                    "val": "ts",
                    "count": 2053
                },
                {
                    "val": "c",
                    "count": 1733
                }
            ]
        },
        {
            "property": "ncloc",
            "values": [
                {
                    "val": "*-1000.0",
                    "count": 28141
                },
                {
                    "val": "1000.0-10000.0",
                    "count": 18880
                },
                {
                    "val": "10000.0-100000.0",
                    "count": 10809
                },
                {
                    "val": "100000.0-500000.0",
                    "count": 1996
                },
                {
                    "val": "500000.0-*",
                    "count": 378
                }
            ]
        }
    ]
}