{
    "paging": {
        "pageIndex": 162,
        "pageSize": 10,
        "total": 32066
    },
    "organizations": [
        {
            "key": "gokhanbilgin-github",
            "name": "GokhanBilgin"
        },
        {
            "key": "transmigrado-github",
            "name": "Jorge Acosta"
        },
        {
            "key": "mijacu-github",
            "name": "Mijacu"
        },
        {
            "key": "luckyrana001-github",
            "name": "Lucky Rana"
        },
        {
            "key": "hnqeee-github",
            "name": "HenrikT"
        },
        {
            "key": "jonasvinck-github",
            "name": "JonasVinck"
        },
        {
            "key": "javibarrio6",
            "name": "JaviBarrio6"
        },
        {
            "key": "jegdeveloper-github",
            "name": "Jeison Espinoza"
        },
        {
            "key": "xrahul-github",
            "name": "Rahul Jain"
        }
    ],
    "components": [
        {
            "organization": "gokhanbilgin-github",
            "key": "FeedbackCollector:app",
            "name": "app",
            "tags": [],
            "visibility": "public",
            "isNew": false
        },
        {
            "organization": "xrahul-github",
            "key": "FicsaveMiddleware:app",
            "name": "app",
            "tags": [],
            "visibility": "public",
            "isNew": false
        },
        {
            "organization": "xrahul-github",
            "key": "GroupingMessages:app",
            "name": "app",
            "tags": [],
            "visibility": "public",
            "isNew": false
        },
        {
            "organization": "hnqeee-github",
            "key": "Hnqeee_Imat_project",
            "name": "app",
            "tags": [],
            "visibility": "public",
            "isNew": false
        },
        {
            "organization": "jegdeveloper-github",
            "key": "JEGDeveloper_UTN-ISW1313-Project",
            "name": "app",
            "tags": [],
            "visibility": "public",
            "isNew": false
        },
        {
            "organization": "javibarrio6",
            "key": "JaviBarrio6_EASCloud",
            "name": "App",
            "tags": [],
            "visibility": "public",
            "eligibilityStatus": "COMPLETED",
            "eligible": false,
            "isNew": false
        },
        {
            "organization": "transmigrado-github",
            "key": "KidsBookAndroid:app",
            "name": "app",
            "tags": [],
            "visibility": "public",
            "isNew": false
        },
        {
            "organization": "luckyrana001-github",
            "key": "Luckyrana001_SphTechTest",
            "name": "app",
            "tags": [],
            "visibility": "public",
            "isNew": false
        },
        {
            "organization": "mijacu-github",
            "key": "Mijacu_Minimal-Todo-master",
            "name": "app",
            "tags": [],
            "visibility": "public",
            "isNew": false
        },
        {
            "organization": "jonasvinck-github",
            "key": "MobileProfileAndroid:app",
            "name": "app",
            "tags": [],
            "visibility": "public",
            "isNew": false
        }
    ],
    "facets": [
        {
            "property": "languages",
            "values": [
                {
                    "val": "xml",
                    "count": 14842
                },
                {
                    "val": "web",
                    "count": 13243
                },
                {
                    "val": "java",
                    "count": 13146
                },
                {
                    "val": "css",
                    "count": 11599
                },
                {
                    "val": "js",
                    "count": 11508
                },
                {
                    "val": "cs",
                    "count": 6126
                },
                {
                    "val": "php",
                    "count": 2740
                },
                {
                    "val": "py",
                    "count": 2703
                },
                {
                    "val": "ts",
                    "count": 2054
                },
                {
                    "val": "c",
                    "count": 1733
                }
            ]
        },
        {
            "property": "ncloc",
            "values": [
                {
                    "val": "*-1000.0",
                    "count": 28146
                },
                {
                    "val": "1000.0-10000.0",
                    "count": 18880
                },
                {
                    "val": "10000.0-100000.0",
                    "count": 10810
                },
                {
                    "val": "100000.0-500000.0",
                    "count": 1998
                },
                {
                    "val": "500000.0-*",
                    "count": 378
                }
            ]
        }
    ]
}