{
    "paging": {
        "pageIndex": 464,
        "pageSize": 10,
        "total": 32066
    },
    "organizations": [
        {
            "key": "sandeepbehera87",
            "name": "Sandeep Behera"
        },
        {
            "key": "tastybento-github",
            "name": "tastybento"
        },
        {
            "key": "gitp4tt-github",
            "name": "Patrice Bender"
        },
        {
            "key": "bmordue-github",
            "name": "Ben Mordue"
        },
        {
            "key": "hometgars-bitbucket",
            "name": "Mikael"
        },
        {
            "key": "bentobox-world",
            "name": "bentobox-world"
        },
        {
            "key": "democraciaenred",
            "name": "Democracia en Red"
        }
    ],
    "components": [
        {
            "organization": "sandeepbehera87",
            "key": "letsgetstarted-admin",
            "name": "letsgetstarted-admin",
            "tags": [],
            "visibility": "public",
            "isNew": false
        },
        {
            "organization": "gitp4tt-github",
            "key": "GitP4tt_letsGetTogetherAPI",
            "name": "letsGetTogetherAPI",
            "tags": [],
            "visibility": "public",
            "isNew": false
        },
        {
            "organization": "hometgars-bitbucket",
            "key": "LettresParisiennes-node",
            "name": "Lettres Parisiennes",
            "tags": [],
            "visibility": "public",
            "isNew": false
        },
        {
            "organization": "bentobox-world",
            "key": "BentoBoxWorld_Level",
            "name": "Level",
            "tags": [],
            "visibility": "public",
            "isNew": false
        },
        {
            "organization": "tastybento-github",
            "key": "world.bentobox:level",
            "name": "Level",
            "tags": [],
            "visibility": "public",
            "isNew": false
        },
        {
            "organization": "tastybento-github",
            "key": "BentoBoxWorld_Level:develop",
            "name": "Level develop",
            "tags": [],
            "visibility": "public",
            "isNew": false
        },
        {
            "organization": "tastybento-github",
            "key": "world.bentobox:level:develop",
            "name": "Level develop",
            "tags": [],
            "visibility": "public",
            "isNew": false
        },
        {
            "organization": "democraciaenred",
            "key": "DemocraciaEnRed_leyesabiertas-core",
            "name": "leyesabiertas-core",
            "tags": [],
            "visibility": "public",
            "eligibilityStatus": "COMPLETED",
            "eligible": true,
            "isNew": false
        },
        {
            "organization": "democraciaenred",
            "key": "DemocraciaEnRed_leyesabiertas-notifier",
            "name": "leyesabiertas-notifier",
            "tags": [],
            "visibility": "public",
            "eligibilityStatus": "COMPLETED",
            "eligible": true,
            "isNew": false
        },
        {
            "organization": "bmordue-github",
            "key": "me.bmordue.lgm:lgm",
            "name": "Lgm",
            "tags": [],
            "visibility": "public",
            "isNew": false
        }
    ],
    "facets": [
        {
            "property": "languages",
            "values": [
                {
                    "val": "xml",
                    "count": 14842
                },
                {
                    "val": "web",
                    "count": 13243
                },
                {
                    "val": "java",
                    "count": 13146
                },
                {
                    "val": "css",
                    "count": 11599
                },
                {
                    "val": "js",
                    "count": 11508
                },
                {
                    "val": "cs",
                    "count": 6126
                },
                {
                    "val": "php",
                    "count": 2740
                },
                {
                    "val": "py",
                    "count": 2703
                },
                {
                    "val": "ts",
                    "count": 2054
                },
                {
                    "val": "c",
                    "count": 1733
                }
            ]
        },
        {
            "property": "ncloc",
            "values": [
                {
                    "val": "*-1000.0",
                    "count": 28145
                },
                {
                    "val": "1000.0-10000.0",
                    "count": 18880
                },
                {
                    "val": "10000.0-100000.0",
                    "count": 10810
                },
                {
                    "val": "100000.0-500000.0",
                    "count": 1998
                },
                {
                    "val": "500000.0-*",
                    "count": 378
                }
            ]
        }
    ]
}