{
    "paging": {
        "pageIndex": 641,
        "pageSize": 10,
        "total": 32063
    },
    "organizations": [
        {
            "key": "triveni-prog",
            "name": "triveni-prog"
        },
        {
            "key": "navit",
            "name": "NAV"
        },
        {
            "key": "daikk115-github",
            "name": "Dai Dang Van"
        },
        {
            "key": "tomasz",
            "name": "tomasz"
        },
        {
            "key": "abhrp",
            "name": "Abhiroop Patel"
        },
        {
            "key": "vijayvani-github",
            "name": "vijayvani"
        },
        {
            "key": "yoda0227-github",
            "name": "Matt Hawkes"
        },
        {
            "key": "faruk-gungor78021",
            "name": "FARUK G\u00dcNG\u00d6R"
        },
        {
            "key": "geerajasekaran-github",
            "name": "Rajasekar"
        },
        {
            "key": "stapoli-bitbucket",
            "name": "St\u00e9phane Baudoux"
        }
    ],
    "components": [
        {
            "organization": "triveni-prog",
            "key": "triveni-prog_dagger",
            "name": "Dagger (Parent)",
            "tags": [],
            "visibility": "public",
            "isNew": false
        },
        {
            "organization": "yoda0227-github",
            "key": "Dagobah",
            "name": "Dagobah",
            "tags": [],
            "visibility": "public",
            "isNew": false
        },
        {
            "organization": "navit",
            "key": "navikt_dagpenger-regel-ui",
            "name": "dagpenger-regel-ui",
            "tags": [
                "react"
            ],
            "visibility": "public",
            "isNew": false
        },
        {
            "organization": "stapoli-bitbucket",
            "key": "daidalosengine",
            "name": "Daidalos Engine",
            "tags": [],
            "visibility": "public",
            "isNew": false
        },
        {
            "organization": "daikk115-github",
            "key": "daidv_test",
            "name": "daidv_test",
            "tags": [],
            "visibility": "public",
            "isNew": false
        },
        {
            "organization": "abhrp",
            "key": "abhrp_daily",
            "name": "daily",
            "tags": [],
            "visibility": "public",
            "isNew": false
        },
        {
            "organization": "tomasz",
            "key": "dailyselfie-android",
            "name": "dailyselfie",
            "tags": [],
            "visibility": "public",
            "isNew": false
        },
        {
            "organization": "geerajasekaran-github",
            "key": "GeeRajasekaran_DailyU",
            "name": "DailyU",
            "tags": [],
            "visibility": "public",
            "isNew": false
        },
        {
            "organization": "vijayvani-github",
            "key": "vijayvani_pipeline-clientlib-java",
            "name": "DAISY Pipeline 2 :: Aggregator POM for the Java Client Library",
            "tags": [],
            "visibility": "public",
            "isNew": false
        },
        {
            "organization": "faruk-gungor78021",
            "key": "dakik",
            "name": "dakik iays",
            "tags": [],
            "visibility": "public",
            "isNew": false
        }
    ],
    "facets": [
        {
            "property": "languages",
            "values": [
                {
                    "val": "xml",
                    "count": 14841
                },
                {
                    "val": "web",
                    "count": 13242
                },
                {
                    "val": "java",
                    "count": 13146
                },
                {
                    "val": "css",
                    "count": 11597
                },
                {
                    "val": "js",
                    "count": 11505
                },
                {
                    "val": "cs",
                    "count": 6126
                },
                {
                    "val": "php",
                    "count": 2739
                },
                {
                    "val": "py",
                    "count": 2703
                },
                {
                    "val": "ts",
                    "count": 2053
                },
                {
                    "val": "c",
                    "count": 1733
                }
            ]
        },
        {
            "property": "ncloc",
            "values": [
                {
                    "val": "*-1000.0",
                    "count": 28143
                },
                {
                    "val": "1000.0-10000.0",
                    "count": 18878
                },
                {
                    "val": "10000.0-100000.0",
                    "count": 10810
                },
                {
                    "val": "100000.0-500000.0",
                    "count": 1997
                },
                {
                    "val": "500000.0-*",
                    "count": 378
                }
            ]
        }
    ]
}