{
    "paging": {
        "pageIndex": 781,
        "pageSize": 10,
        "total": 32066
    },
    "organizations": [
        {
            "key": "martaen-github",
            "name": "Marta"
        },
        {
            "key": "mariohendriks",
            "name": "MarioHendriks"
        },
        {
            "key": "panda8899repo",
            "name": "panda8899repo"
        },
        {
            "key": "gustavomcarmo-github",
            "name": "Esign Consulting"
        },
        {
            "key": "jesussolano",
            "name": "jesussolano"
        },
        {
            "key": "steineggerroland-github",
            "name": "Roland Steinegger"
        },
        {
            "key": "projectloggy",
            "name": "ProjectLoggy"
        },
        {
            "key": "valentinkarnaukhov-github",
            "name": "ValentinKarnaukhov"
        },
        {
            "key": "fbacchella-github",
            "name": "Fabrice Bacchella"
        }
    ],
    "components": [
        {
            "organization": "projectloggy",
            "key": "ProjectLoggy_loggy",
            "name": "loggy",
            "tags": [],
            "visibility": "public",
            "isNew": false
        },
        {
            "organization": "fbacchella-github",
            "key": "fr.loghub:loghub",
            "name": "LogHub",
            "tags": [],
            "visibility": "public",
            "isNew": false
        },
        {
            "organization": "fbacchella-github",
            "key": "fr.loghub:loghublog4j2",
            "name": "loghublog4j2",
            "tags": [],
            "visibility": "public",
            "isNew": false
        },
        {
            "organization": "mariohendriks",
            "key": "MarioHendriks_Logic-Eternitywars",
            "name": "logic",
            "tags": [],
            "visibility": "public",
            "isNew": false
        },
        {
            "organization": "panda8899repo",
            "key": "panda8899repo_login-app",
            "name": "login-app",
            "tags": [],
            "visibility": "public",
            "eligibilityStatus": "COMPLETED",
            "eligible": false,
            "isNew": false
        },
        {
            "organization": "valentinkarnaukhov-github",
            "key": "com.javaschool:logistic",
            "name": "logistic",
            "tags": [],
            "visibility": "public",
            "isNew": false
        },
        {
            "organization": "jesussolano",
            "key": "jesussolano",
            "name": "LogisticaOCMateriales",
            "tags": [],
            "visibility": "public",
            "isNew": false
        },
        {
            "organization": "gustavomcarmo-github",
            "key": "br.com.esign:logistics",
            "name": "logistics",
            "tags": [],
            "visibility": "public",
            "isNew": false
        },
        {
            "organization": "steineggerroland-github",
            "key": "one.steinegger.logistix:logistics-simulator",
            "name": "logistics-simulator",
            "tags": [],
            "visibility": "public",
            "isNew": false
        },
        {
            "organization": "martaen-github",
            "key": "MartaEN_t-systems-internship",
            "name": "logistika",
            "tags": [
                "spring"
            ],
            "visibility": "public",
            "isNew": false
        }
    ],
    "facets": [
        {
            "property": "languages",
            "values": [
                {
                    "val": "xml",
                    "count": 14842
                },
                {
                    "val": "web",
                    "count": 13243
                },
                {
                    "val": "java",
                    "count": 13146
                },
                {
                    "val": "css",
                    "count": 11599
                },
                {
                    "val": "js",
                    "count": 11508
                },
                {
                    "val": "cs",
                    "count": 6126
                },
                {
                    "val": "php",
                    "count": 2740
                },
                {
                    "val": "py",
                    "count": 2703
                },
                {
                    "val": "ts",
                    "count": 2054
                },
                {
                    "val": "c",
                    "count": 1733
                }
            ]
        },
        {
            "property": "ncloc",
            "values": [
                {
                    "val": "*-1000.0",
                    "count": 28146
                },
                {
                    "val": "1000.0-10000.0",
                    "count": 18880
                },
                {
                    "val": "10000.0-100000.0",
                    "count": 10810
                },
                {
                    "val": "100000.0-500000.0",
                    "count": 1998
                },
                {
                    "val": "500000.0-*",
                    "count": 378
                }
            ]
        }
    ]
}