{
    "paging": {
        "pageIndex": 14,
        "pageSize": 10,
        "total": 32070
    },
    "organizations": [
        {
            "key": "gii2016_17",
            "name": "GII2016_17"
        }
    ],
    "components": [
        {
            "organization": "gii2016_17",
            "key": "ubu.gii.tfg.Mercapro",
            "name": "201702 :: Mercapro",
            "tags": [],
            "visibility": "public",
            "isNew": false
        },
        {
            "organization": "gii2016_17",
            "key": "ubu.gii.tfg.SimuladorApuestas",
            "name": "201702 :: SimuladorApuestas",
            "tags": [],
            "visibility": "public",
            "isNew": false
        },
        {
            "organization": "gii2016_17",
            "key": "ubu.gii.tfg.2017Torneos",
            "name": "201702 :: Torneos",
            "tags": [],
            "visibility": "public",
            "isNew": false
        },
        {
            "organization": "gii2016_17",
            "key": "ubu.gii.tfg.UBUGRAPH50",
            "name": "201702 :: UBUGRAPH50",
            "tags": [],
            "visibility": "public",
            "isNew": false
        },
        {
            "organization": "gii2016_17",
            "key": "ubu.gii.tfg.201706DespertadorAndroid",
            "name": "201706 :: DespertadorAndroid",
            "tags": [],
            "visibility": "public",
            "isNew": false
        },
        {
            "organization": "gii2016_17",
            "key": "ubu.gii.tfg.201706TouchCarPI",
            "name": "201706 :: TouchCarPI",
            "tags": [],
            "visibility": "public",
            "isNew": false
        },
        {
            "organization": "gii2016_17",
            "key": "ubu.gii.tfg.201706UBuNurse",
            "name": "201706 :: UBuNurse",
            "tags": [],
            "visibility": "public",
            "isNew": false
        },
        {
            "organization": "gii2016_17",
            "key": "ubu.gii.tfg.201707023DViewer",
            "name": "201707 :: 3DViewer",
            "tags": [],
            "visibility": "public",
            "isNew": false
        },
        {
            "organization": "gii2016_17",
            "key": "ubu.gii.tfg.20170706CoyunturaEconomica",
            "name": "201707 :: CoyunturaEconomica",
            "tags": [],
            "visibility": "public",
            "isNew": false
        },
        {
            "organization": "gii2016_17",
            "key": "ubu.gii.tfg.20170703Perikymata",
            "name": "201707 :: Perikymata",
            "tags": [],
            "visibility": "public",
            "isNew": false
        }
    ],
    "facets": [
        {
            "property": "languages",
            "values": [
                {
                    "val": "xml",
                    "count": 14843
                },
                {
                    "val": "web",
                    "count": 13244
                },
                {
                    "val": "java",
                    "count": 13147
                },
                {
                    "val": "css",
                    "count": 11599
                },
                {
                    "val": "js",
                    "count": 11509
                },
                {
                    "val": "cs",
                    "count": 6127
                },
                {
                    "val": "php",
                    "count": 2740
                },
                {
                    "val": "py",
                    "count": 2703
                },
                {
                    "val": "ts",
                    "count": 2054
                },
                {
                    "val": "c",
                    "count": 1733
                }
            ]
        },
        {
            "property": "ncloc",
            "values": [
                {
                    "val": "*-1000.0",
                    "count": 28145
                },
                {
                    "val": "1000.0-10000.0",
                    "count": 18882
                },
                {
                    "val": "10000.0-100000.0",
                    "count": 10812
                },
                {
                    "val": "100000.0-500000.0",
                    "count": 1998
                },
                {
                    "val": "500000.0-*",
                    "count": 378
                }
            ]
        }
    ]
}