{
    "paging": {
        "pageIndex": 131,
        "pageSize": 10,
        "total": 32073
    },
    "organizations": [
        {
            "key": "iqoutsourcing",
            "name": "iqoutsourcing"
        },
        {
            "key": "java_1804",
            "name": "java"
        },
        {
            "key": "vijayvani-github",
            "name": "vijayvani"
        },
        {
            "key": "ponfee-github",
            "name": "ponfee"
        },
        {
            "key": "suwa-sh-github",
            "name": "Shinichi Suwa"
        },
        {
            "key": "kusantrisal-bitbucket",
            "name": "Kusant Risal"
        }
    ],
    "components": [
        {
            "organization": "java_1804",
            "key": "commons-compress_180410",
            "name": "commons-compress",
            "tags": [],
            "visibility": "public",
            "isNew": false
        },
        {
            "organization": "ponfee-github",
            "key": "commons-core",
            "name": "commons-core",
            "tags": [],
            "visibility": "public",
            "isNew": false
        },
        {
            "organization": "java_1804",
            "key": "commons-io_180410",
            "name": "commons-io",
            "tags": [],
            "visibility": "public",
            "isNew": false
        },
        {
            "organization": "java_1804",
            "key": "commons-jcs_180410",
            "name": "commons-jcs",
            "tags": [],
            "visibility": "public",
            "isNew": false
        },
        {
            "organization": "java_1804",
            "key": "commons-math_180410",
            "name": "commons-math",
            "tags": [],
            "visibility": "public",
            "isNew": false
        },
        {
            "organization": "vijayvani-github",
            "key": "vijayvani_Commons-SSH",
            "name": "commons-ssh-2.3.0",
            "tags": [],
            "visibility": "public",
            "isNew": false
        },
        {
            "organization": "java_1804",
            "key": "commons-vfs_180410",
            "name": "commons-vfs",
            "tags": [],
            "visibility": "public",
            "isNew": false
        },
        {
            "organization": "kusantrisal-bitbucket",
            "key": "kusantrisal_application",
            "name": "CompanyApi",
            "tags": [],
            "visibility": "public",
            "isNew": false
        },
        {
            "organization": "suwa-sh-github",
            "key": "me.suwash.commons:compare-files",
            "name": "compare-files",
            "tags": [],
            "visibility": "public",
            "isNew": false
        },
        {
            "organization": "iqoutsourcing",
            "key": "Compensar-Api",
            "name": "Compensar-Api",
            "tags": [],
            "visibility": "public",
            "isNew": false
        }
    ],
    "facets": [
        {
            "property": "languages",
            "values": [
                {
                    "val": "xml",
                    "count": 14845
                },
                {
                    "val": "web",
                    "count": 13245
                },
                {
                    "val": "java",
                    "count": 13148
                },
                {
                    "val": "css",
                    "count": 11600
                },
                {
                    "val": "js",
                    "count": 11511
                },
                {
                    "val": "cs",
                    "count": 6127
                },
                {
                    "val": "php",
                    "count": 2740
                },
                {
                    "val": "py",
                    "count": 2703
                },
                {
                    "val": "ts",
                    "count": 2054
                },
                {
                    "val": "c",
                    "count": 1733
                }
            ]
        },
        {
            "property": "ncloc",
            "values": [
                {
                    "val": "*-1000.0",
                    "count": 28146
                },
                {
                    "val": "1000.0-10000.0",
                    "count": 18885
                },
                {
                    "val": "10000.0-100000.0",
                    "count": 10812
                },
                {
                    "val": "100000.0-500000.0",
                    "count": 1998
                },
                {
                    "val": "500000.0-*",
                    "count": 378
                }
            ]
        }
    ]
}