{
    "paging": {
        "pageIndex": 713,
        "pageSize": 10,
        "total": 32067
    },
    "organizations": [
        {
            "key": "iliya-valchev57860",
            "name": "Iliya Valchev"
        },
        {
            "key": "f399a07694064218eebe07395b020460c1b25a33",
            "name": "f399a07694064218eebe07395b020460c1b25a33"
        },
        {
            "key": "cmadala85",
            "name": "cmadala85"
        },
        {
            "key": "kt2",
            "name": "kt2"
        },
        {
            "key": "octaviomtc",
            "name": "Octavio Martinez Campuzano"
        },
        {
            "key": "kt",
            "name": "kt"
        },
        {
            "key": "sitsonar",
            "name": "int370"
        },
        {
            "key": "lucas-teixeira-sousa22145",
            "name": "LUCAS TEIXEIRA SOUSA"
        },
        {
            "key": "cjjiang-github",
            "name": "CJJiang"
        }
    ],
    "components": [
        {
            "organization": "kt2",
            "key": "10151257",
            "name": "10151257",
            "tags": [],
            "visibility": "public",
            "isNew": false
        },
        {
            "organization": "kt",
            "key": "10151257-KTCC_BACK_END.zip",
            "name": "10151257-KTCC_BACK_END.zip",
            "tags": [],
            "visibility": "public",
            "isNew": false
        },
        {
            "organization": "kt",
            "key": "10151267-src2.zip",
            "name": "10151267-src2.zip",
            "tags": [],
            "visibility": "public",
            "isNew": false
        },
        {
            "organization": "cjjiang-github",
            "key": "CJJiang_107-team06",
            "name": "107-team06",
            "tags": [],
            "visibility": "public",
            "isNew": false
        },
        {
            "organization": "f399a07694064218eebe07395b020460c1b25a33",
            "key": "kc123456788",
            "name": "123456788",
            "tags": [],
            "visibility": "public",
            "isNew": false
        },
        {
            "organization": "cmadala85",
            "key": "1234abcd",
            "name": "1234abcd",
            "tags": [],
            "visibility": "public",
            "isNew": false
        },
        {
            "organization": "sitsonar",
            "key": "sit:kmutt:1111111",
            "name": "1235",
            "tags": [],
            "visibility": "public",
            "isNew": false
        },
        {
            "organization": "octaviomtc",
            "key": "Octaviomtc_13042020test",
            "name": "13042020test",
            "tags": [],
            "visibility": "public",
            "eligibilityStatus": "COMPLETED",
            "eligible": false,
            "isNew": false
        },
        {
            "organization": "iliya-valchev57860",
            "key": "142543tre",
            "name": "142543tre",
            "tags": [],
            "visibility": "public",
            "isNew": false
        },
        {
            "organization": "lucas-teixeira-sousa22145",
            "key": "14Net-Music",
            "name": "14Net-Music",
            "tags": [],
            "visibility": "public",
            "isNew": false
        }
    ],
    "facets": [
        {
            "property": "languages",
            "values": [
                {
                    "val": "xml",
                    "count": 14842
                },
                {
                    "val": "web",
                    "count": 13243
                },
                {
                    "val": "java",
                    "count": 13146
                },
                {
                    "val": "css",
                    "count": 11599
                },
                {
                    "val": "js",
                    "count": 11508
                },
                {
                    "val": "cs",
                    "count": 6126
                },
                {
                    "val": "php",
                    "count": 2740
                },
                {
                    "val": "py",
                    "count": 2703
                },
                {
                    "val": "ts",
                    "count": 2054
                },
                {
                    "val": "c",
                    "count": 1733
                }
            ]
        },
        {
            "property": "ncloc",
            "values": [
                {
                    "val": "*-1000.0",
                    "count": 28145
                },
                {
                    "val": "1000.0-10000.0",
                    "count": 18881
                },
                {
                    "val": "10000.0-100000.0",
                    "count": 10810
                },
                {
                    "val": "100000.0-500000.0",
                    "count": 1998
                },
                {
                    "val": "500000.0-*",
                    "count": 378
                }
            ]
        }
    ]
}