{
    "paging": {
        "pageIndex": 162,
        "pageSize": 10,
        "total": 32068
    },
    "organizations": [
        {
            "key": "mcollovati-github",
            "name": "Marco Collovati"
        },
        {
            "key": "misterjackpot-github",
            "name": "Gabriel L\u00f6ff"
        },
        {
            "key": "romanpierson",
            "name": "Roman Pierson"
        },
        {
            "key": "hung1m-github",
            "name": "Hung 1M"
        },
        {
            "key": "vadimeladii",
            "name": "Vadim Eladii"
        },
        {
            "key": "quiye-github",
            "name": "\u8eca\u5927\u71c3\u753b"
        },
        {
            "key": "duvanbaena",
            "name": "Duvan Baena"
        },
        {
            "key": "t-tour",
            "name": "T-tour"
        }
    ],
    "components": [
        {
            "organization": "t-tour",
            "key": "t-tour_VeXtract",
            "name": "VeXtract",
            "tags": [],
            "visibility": "public",
            "isNew": false
        },
        {
            "organization": "duvanbaena",
            "key": "DuvanBaena_Veterinary",
            "name": "Veterinary",
            "tags": [],
            "visibility": "public",
            "eligibilityStatus": "COMPLETED",
            "eligible": true,
            "isNew": false
        },
        {
            "organization": "hung1m-github",
            "key": "vestacp",
            "name": "vestacp",
            "tags": [],
            "visibility": "public",
            "isNew": false
        },
        {
            "organization": "vadimeladii",
            "key": "vadimeladii_Vesta-api",
            "name": "Vesta-api",
            "tags": [],
            "visibility": "public",
            "isNew": false
        },
        {
            "organization": "quiye-github",
            "key": "vespa",
            "name": "vespa",
            "tags": [],
            "visibility": "public",
            "isNew": false
        },
        {
            "organization": "misterjackpot-github",
            "key": "VerVal21",
            "name": "VerVal21",
            "tags": [],
            "visibility": "public",
            "isNew": false
        },
        {
            "organization": "misterjackpot-github",
            "key": "VerVal2",
            "name": "VerVal2",
            "tags": [],
            "visibility": "public",
            "isNew": false
        },
        {
            "organization": "romanpierson",
            "key": "romanpierson_vertx-web-accesslog",
            "name": "vertx-web-accesslog",
            "tags": [],
            "visibility": "public",
            "isNew": false
        },
        {
            "organization": "mcollovati-github",
            "key": "com.github.mcollovati.vertx:vertx-vaadin-root",
            "name": "vertx-vaadin-root",
            "tags": [],
            "visibility": "public",
            "isNew": false
        },
        {
            "organization": "mcollovati-github",
            "key": "com.github.mcollovati.vertx:vertx-vaadin",
            "name": "vertx-vaadin",
            "tags": [],
            "visibility": "public",
            "isNew": false
        }
    ],
    "facets": [
        {
            "property": "languages",
            "values": [
                {
                    "val": "xml",
                    "count": 14842
                },
                {
                    "val": "web",
                    "count": 13244
                },
                {
                    "val": "java",
                    "count": 13146
                },
                {
                    "val": "css",
                    "count": 11600
                },
                {
                    "val": "js",
                    "count": 11509
                },
                {
                    "val": "cs",
                    "count": 6127
                },
                {
                    "val": "php",
                    "count": 2740
                },
                {
                    "val": "py",
                    "count": 2703
                },
                {
                    "val": "ts",
                    "count": 2054
                },
                {
                    "val": "c",
                    "count": 1733
                }
            ]
        },
        {
            "property": "ncloc",
            "values": [
                {
                    "val": "*-1000.0",
                    "count": 28145
                },
                {
                    "val": "1000.0-10000.0",
                    "count": 18881
                },
                {
                    "val": "10000.0-100000.0",
                    "count": 10811
                },
                {
                    "val": "100000.0-500000.0",
                    "count": 1998
                },
                {
                    "val": "500000.0-*",
                    "count": 378
                }
            ]
        }
    ]
}