{
    "paging": {
        "pageIndex": 66,
        "pageSize": 10,
        "total": 32068
    },
    "organizations": [
        {
            "key": "hostettler-github",
            "name": "hostettler"
        },
        {
            "key": "diogopoeira",
            "name": "Diogo Poeira"
        },
        {
            "key": "jayield",
            "name": "jayield"
        },
        {
            "key": "scrappycocco-github",
            "name": "ScrappyCocco"
        },
        {
            "key": "default",
            "name": "Attic"
        },
        {
            "key": "iwvg-upm",
            "name": "iwvg-upm"
        },
        {
            "key": "folio-org",
            "name": "folio-org"
        },
        {
            "key": "kreait",
            "name": "kreait"
        },
        {
            "key": "thedudefromci",
            "name": "TheDudeFromCI"
        },
        {
            "key": "adorsys",
            "name": "adorsys"
        }
    ],
    "components": [
        {
            "organization": "adorsys",
            "key": "keycloak-config-cli",
            "name": "keycloak-config-cli",
            "tags": [],
            "visibility": "public",
            "isNew": false
        },
        {
            "organization": "folio-org",
            "key": "org.folio:mod-circulation",
            "name": "mod-circulation",
            "tags": [
                "circ",
                "dev-core-functional"
            ],
            "visibility": "public",
            "isNew": false
        },
        {
            "organization": "thedudefromci",
            "key": "TheDudeFromCI_NG-HASTE",
            "name": "ng-haste",
            "tags": [],
            "visibility": "public",
            "isNew": false
        },
        {
            "organization": "kreait",
            "key": "com.kreait.slack-spring-boot-starter",
            "name": "Slack Spring Boot Starter",
            "tags": [],
            "visibility": "public",
            "isNew": false
        },
        {
            "organization": "iwvg-upm",
            "key": "es.upm.miw:apaw-ep-carlos-castro",
            "name": "es.upm.miw.apaw-ep-carlos-castro",
            "tags": [],
            "visibility": "public",
            "isNew": false
        },
        {
            "organization": "scrappycocco-github",
            "key": "ScrappyCocco_HowLongToBeat-PythonAPI",
            "name": "HowLongToBeat-PythonAPI",
            "tags": [],
            "visibility": "public",
            "isNew": false
        },
        {
            "organization": "diogopoeira",
            "key": "DiogoPoeira_jayield",
            "name": "JAYield - Java library implementation of yield, providing an idiomatic\n        yield like generator.",
            "tags": [],
            "visibility": "public",
            "eligibilityStatus": "COMPLETED",
            "eligible": false,
            "isNew": false
        },
        {
            "organization": "jayield",
            "key": "com.github.jayield:jayield",
            "name": "JAYield - Java library implementation of yield, providing an idiomatic\n        yield like generator.",
            "tags": [],
            "visibility": "public",
            "isNew": false
        },
        {
            "organization": "default",
            "key": "org.mazarineblue:MazarineBlue",
            "name": "MazarineBlue",
            "tags": [
                "java8"
            ],
            "visibility": "public",
            "isNew": false
        },
        {
            "organization": "hostettler-github",
            "key": "hostettler_microservices",
            "name": "Parent Pom of the Pinfo Micro Services",
            "tags": [],
            "visibility": "public",
            "isNew": false
        }
    ],
    "facets": [
        {
            "property": "languages",
            "values": [
                {
                    "val": "xml",
                    "count": 14842
                },
                {
                    "val": "web",
                    "count": 13244
                },
                {
                    "val": "java",
                    "count": 13146
                },
                {
                    "val": "css",
                    "count": 11600
                },
                {
                    "val": "js",
                    "count": 11509
                },
                {
                    "val": "cs",
                    "count": 6127
                },
                {
                    "val": "php",
                    "count": 2740
                },
                {
                    "val": "py",
                    "count": 2703
                },
                {
                    "val": "ts",
                    "count": 2054
                },
                {
                    "val": "c",
                    "count": 1733
                }
            ]
        },
        {
            "property": "ncloc",
            "values": [
                {
                    "val": "*-1000.0",
                    "count": 28145
                },
                {
                    "val": "1000.0-10000.0",
                    "count": 18881
                },
                {
                    "val": "10000.0-100000.0",
                    "count": 10811
                },
                {
                    "val": "100000.0-500000.0",
                    "count": 1998
                },
                {
                    "val": "500000.0-*",
                    "count": 378
                }
            ]
        }
    ]
}