{
    "paging": {
        "pageIndex": 323,
        "pageSize": 10,
        "total": 32065
    },
    "organizations": [
        {
            "key": "nyoubi-github",
            "name": "Killian Martin"
        },
        {
            "key": "anthoxo-github",
            "name": "anthoxo"
        },
        {
            "key": "legrandgrand-github",
            "name": "legrandgrand"
        },
        {
            "key": "kioum-github",
            "name": "kioum"
        },
        {
            "key": "iqbrod-github",
            "name": "IQbrod"
        },
        {
            "key": "roudauttanguy-github",
            "name": "Tanguy Roudaut"
        },
        {
            "key": "remimomprive-github",
            "name": "R\u00e9mi Mompriv\u00e9"
        },
        {
            "key": "marezes-github",
            "name": "marezes"
        },
        {
            "key": "avandal-github",
            "name": "avandal"
        },
        {
            "key": "lumenol-github",
            "name": "Lumenol"
        }
    ],
    "components": [
        {
            "organization": "nyoubi-github",
            "key": "Nyoubi_computer-database",
            "name": "computer-database",
            "tags": [],
            "visibility": "public",
            "isNew": false
        },
        {
            "organization": "roudauttanguy-github",
            "key": "RoudautTanguy_computer-database",
            "name": "computer-database",
            "tags": [],
            "visibility": "public",
            "isNew": false
        },
        {
            "organization": "anthoxo-github",
            "key": "anthoxo_computer-database",
            "name": "computer-database",
            "tags": [],
            "visibility": "public",
            "isNew": false
        },
        {
            "organization": "avandal-github",
            "key": "avandal_computer-database",
            "name": "computer-database",
            "tags": [],
            "visibility": "public",
            "isNew": false
        },
        {
            "organization": "lumenol-github",
            "key": "fr.credeville.cdb:computer-database",
            "name": "computer-database",
            "tags": [],
            "visibility": "public",
            "isNew": false
        },
        {
            "organization": "iqbrod-github",
            "key": "fr.iqbrod:computer-database",
            "name": "computer-database",
            "tags": [],
            "visibility": "public",
            "isNew": false
        },
        {
            "organization": "kioum-github",
            "key": "kioum_computer-database",
            "name": "computer-database",
            "tags": [],
            "visibility": "public",
            "isNew": false
        },
        {
            "organization": "legrandgrand-github",
            "key": "legrandgrand_computer-database",
            "name": "computer-database",
            "tags": [],
            "visibility": "public",
            "isNew": false
        },
        {
            "organization": "marezes-github",
            "key": "marezes_computer-database",
            "name": "computer-database",
            "tags": [],
            "visibility": "public",
            "isNew": false
        },
        {
            "organization": "remimomprive-github",
            "key": "remimomprive_computer-database",
            "name": "computer-database",
            "tags": [],
            "visibility": "public",
            "isNew": false
        }
    ],
    "facets": [
        {
            "property": "languages",
            "values": [
                {
                    "val": "xml",
                    "count": 14842
                },
                {
                    "val": "web",
                    "count": 13243
                },
                {
                    "val": "java",
                    "count": 13146
                },
                {
                    "val": "css",
                    "count": 11599
                },
                {
                    "val": "js",
                    "count": 11507
                },
                {
                    "val": "cs",
                    "count": 6126
                },
                {
                    "val": "php",
                    "count": 2740
                },
                {
                    "val": "py",
                    "count": 2703
                },
                {
                    "val": "ts",
                    "count": 2054
                },
                {
                    "val": "c",
                    "count": 1733
                }
            ]
        },
        {
            "property": "ncloc",
            "values": [
                {
                    "val": "*-1000.0",
                    "count": 28145
                },
                {
                    "val": "1000.0-10000.0",
                    "count": 18879
                },
                {
                    "val": "10000.0-100000.0",
                    "count": 10810
                },
                {
                    "val": "100000.0-500000.0",
                    "count": 1998
                },
                {
                    "val": "500000.0-*",
                    "count": 378
                }
            ]
        }
    ]
}