{
    "paging": {
        "pageIndex": 364,
        "pageSize": 10,
        "total": 32071
    },
    "organizations": [
        {
            "key": "vts-project",
            "name": "ahmdgawad"
        },
        {
            "key": "thled",
            "name": "Thomas Le Duc"
        },
        {
            "key": "ionutferaru-bitbucket",
            "name": "Ionut Feraru"
        },
        {
            "key": "kv-057-java",
            "name": "Kv-057.Java"
        },
        {
            "key": "rnsdomains",
            "name": "RIF Name Service"
        },
        {
            "key": "fiicksesh-github",
            "name": "FIIckSesh"
        },
        {
            "key": "zekotch-github",
            "name": "ZEKOTCH"
        },
        {
            "key": "m2dl",
            "name": "Master 2 D\u00e9veloppement Logiciel"
        },
        {
            "key": "eastern-research-group",
            "name": "Eastern Research Group, Inc"
        },
        {
            "key": "pierrestephanevoltaire",
            "name": "Pierre-Stephane Voltaire"
        }
    ],
    "components": [
        {
            "organization": "kv-057-java",
            "key": "kv-057.java_parkhub",
            "name": "backend",
            "tags": [],
            "visibility": "public",
            "isNew": false
        },
        {
            "organization": "zekotch-github",
            "key": "sonarcie",
            "name": "sonarcie",
            "tags": [],
            "visibility": "public",
            "isNew": false
        },
        {
            "organization": "pierrestephanevoltaire",
            "key": "PierreStephaneVoltaire_pvoltaire",
            "name": "dev-blog-landingpage",
            "tags": [],
            "visibility": "public",
            "eligibilityStatus": "COMPLETED",
            "eligible": true,
            "isNew": false
        },
        {
            "organization": "fiicksesh-github",
            "key": "FIIckSesh_lab2",
            "name": "lab2",
            "tags": [],
            "visibility": "public",
            "isNew": false
        },
        {
            "organization": "ionutferaru-bitbucket",
            "key": "com.iquestgroup:mlp-ga",
            "name": "mlp-ga",
            "tags": [],
            "visibility": "public",
            "isNew": false
        },
        {
            "organization": "eastern-research-group",
            "key": "mywaterway",
            "name": "mywaterway",
            "tags": [],
            "visibility": "public",
            "eligibilityStatus": "COMPLETED",
            "eligible": true,
            "isNew": false
        },
        {
            "organization": "thled",
            "key": "thled_thled_bugtracker",
            "name": "thled_bugtracker",
            "tags": [],
            "visibility": "public",
            "isNew": false
        },
        {
            "organization": "rnsdomains",
            "key": "rnsdomains_rns-manager-react",
            "name": "rns-manager-react",
            "tags": [],
            "visibility": "public",
            "isNew": false
        },
        {
            "organization": "vts-project",
            "key": "ahmdgawad_vts-project",
            "name": "vts-parent",
            "tags": [],
            "visibility": "public",
            "isNew": false
        },
        {
            "organization": "m2dl",
            "key": "bellevue:projetivvq",
            "name": "projetivvq",
            "tags": [],
            "visibility": "public",
            "isNew": false
        }
    ],
    "facets": [
        {
            "property": "languages",
            "values": [
                {
                    "val": "xml",
                    "count": 14844
                },
                {
                    "val": "web",
                    "count": 13244
                },
                {
                    "val": "java",
                    "count": 13148
                },
                {
                    "val": "css",
                    "count": 11599
                },
                {
                    "val": "js",
                    "count": 11509
                },
                {
                    "val": "cs",
                    "count": 6127
                },
                {
                    "val": "php",
                    "count": 2740
                },
                {
                    "val": "py",
                    "count": 2703
                },
                {
                    "val": "ts",
                    "count": 2054
                },
                {
                    "val": "c",
                    "count": 1733
                }
            ]
        },
        {
            "property": "ncloc",
            "values": [
                {
                    "val": "*-1000.0",
                    "count": 28145
                },
                {
                    "val": "1000.0-10000.0",
                    "count": 18883
                },
                {
                    "val": "10000.0-100000.0",
                    "count": 10812
                },
                {
                    "val": "100000.0-500000.0",
                    "count": 1998
                },
                {
                    "val": "500000.0-*",
                    "count": 378
                }
            ]
        }
    ]
}