{
    "paging": {
        "pageIndex": 90,
        "pageSize": 10,
        "total": 32066
    },
    "organizations": [
        {
            "key": "baitq",
            "name": "baitq"
        },
        {
            "key": "magicpantalones-github",
            "name": "MagicPantalones"
        },
        {
            "key": "clinical-genomics",
            "name": "Clinical Genomics"
        },
        {
            "key": "unice_grp-bago",
            "name": "UNICE_GRP/BAGO"
        },
        {
            "key": "1902-feb18-net",
            "name": "1902-feb18-net"
        },
        {
            "key": "balazs630",
            "name": "balazs630"
        },
        {
            "key": "mavaze-github",
            "name": "Mayuresh Vaze"
        },
        {
            "key": "sgobinaath",
            "name": "sgobinaath"
        },
        {
            "key": "bergerlijk-bitbucket",
            "name": "dhiman sutradhar"
        },
        {
            "key": "bagore",
            "name": "bagore"
        }
    ],
    "components": [
        {
            "organization": "balazs630",
            "key": "Bad-Jokes",
            "name": "Bad-Jokes",
            "tags": [],
            "visibility": "public",
            "isNew": false
        },
        {
            "organization": "sgobinaath",
            "key": "Bag",
            "name": "Bag",
            "tags": [],
            "visibility": "public",
            "isNew": false
        },
        {
            "organization": "unice_grp-bago",
            "key": "unice-grp-bago.BAGOmaze",
            "name": "BAGOmaze",
            "tags": [],
            "visibility": "public",
            "isNew": false
        },
        {
            "organization": "bagore",
            "key": "bagore_calculatrice",
            "name": "Bagore's Calculator",
            "tags": [],
            "visibility": "public",
            "isNew": false
        },
        {
            "organization": "bergerlijk-bitbucket",
            "key": "com.constructsecure.bahadur:bahadur-backend",
            "name": "bahadur-backend",
            "tags": [],
            "visibility": "public",
            "isNew": false
        },
        {
            "organization": "mavaze-github",
            "key": "com.mavaze.puzzles:bahubali",
            "name": "bahubali",
            "tags": [],
            "visibility": "public",
            "isNew": false
        },
        {
            "organization": "baitq",
            "key": "baitq.com",
            "name": "Baitq",
            "tags": [],
            "visibility": "public",
            "isNew": false
        },
        {
            "organization": "magicpantalones-github",
            "key": "Baking",
            "name": "Baking",
            "tags": [
                "android"
            ],
            "visibility": "public",
            "isNew": false
        },
        {
            "organization": "clinical-genomics",
            "key": "Clinical-Genomics_BALSAMIC",
            "name": "BALSAMIC",
            "tags": [],
            "visibility": "public",
            "eligibilityStatus": "COMPLETED",
            "eligible": true,
            "isNew": false
        },
        {
            "organization": "1902-feb18-net",
            "key": "BAM1902trivia",
            "name": "BAMTriviaProject2",
            "tags": [],
            "visibility": "public",
            "isNew": false
        }
    ],
    "facets": [
        {
            "property": "languages",
            "values": [
                {
                    "val": "xml",
                    "count": 14842
                },
                {
                    "val": "web",
                    "count": 13243
                },
                {
                    "val": "java",
                    "count": 13146
                },
                {
                    "val": "css",
                    "count": 11599
                },
                {
                    "val": "js",
                    "count": 11508
                },
                {
                    "val": "cs",
                    "count": 6126
                },
                {
                    "val": "php",
                    "count": 2740
                },
                {
                    "val": "py",
                    "count": 2703
                },
                {
                    "val": "ts",
                    "count": 2054
                },
                {
                    "val": "c",
                    "count": 1733
                }
            ]
        },
        {
            "property": "ncloc",
            "values": [
                {
                    "val": "*-1000.0",
                    "count": 28145
                },
                {
                    "val": "1000.0-10000.0",
                    "count": 18880
                },
                {
                    "val": "10000.0-100000.0",
                    "count": 10810
                },
                {
                    "val": "100000.0-500000.0",
                    "count": 1998
                },
                {
                    "val": "500000.0-*",
                    "count": 378
                }
            ]
        }
    ]
}