{
    "paging": {
        "pageIndex": 251,
        "pageSize": 10,
        "total": 32067
    },
    "organizations": [
        {
            "key": "gulsahcoskun-github",
            "name": "G\u00fcl\u015fah Co\u015fkun"
        },
        {
            "key": "kashtabinoitworx-github",
            "name": "kashtabinoITWorx"
        },
        {
            "key": "red-mountain-github",
            "name": "Red-Mountain"
        },
        {
            "key": "corentinleffy-github",
            "name": "LEFFY"
        },
        {
            "key": "pietv-github",
            "name": "Peter Vypov"
        },
        {
            "key": "itskev-github",
            "name": "Kevin Huber"
        },
        {
            "key": "andyglick-github",
            "name": "Andy Glick"
        },
        {
            "key": "mountaings",
            "name": "mountainGS"
        },
        {
            "key": "fares-zekri34878",
            "name": "Fares Zekri"
        },
        {
            "key": "oliver-loeffler-github",
            "name": "Oliver L\u00f6ffler"
        }
    ],
    "components": [
        {
            "organization": "andyglick-github",
            "key": "io.atlassian.fugue:fugue-parent",
            "name": "Functional Extensions Library",
            "tags": [],
            "visibility": "public",
            "isNew": false
        },
        {
            "organization": "red-mountain-github",
            "key": "futurearriving",
            "name": "futurearriving Maven Webapp",
            "tags": [],
            "visibility": "public",
            "isNew": false
        },
        {
            "organization": "mountaings",
            "key": "futurearriving-weidou",
            "name": "futurearriving Maven Webapp",
            "tags": [],
            "visibility": "public",
            "isNew": false
        },
        {
            "organization": "oliver-loeffler-github",
            "key": "net.raumzeitfalle.fx:filechooser",
            "name": "FXFileChooser",
            "tags": [],
            "visibility": "public",
            "isNew": false
        },
        {
            "organization": "kashtabinoitworx-github",
            "key": "FXRILR-Devops-14.0",
            "name": "FXRILR-Devops-14.0",
            "tags": [],
            "visibility": "public",
            "isNew": false
        },
        {
            "organization": "corentinleffy-github",
            "key": "fyt-api",
            "name": "fyt-api",
            "tags": [],
            "visibility": "public",
            "isNew": false
        },
        {
            "organization": "fares-zekri34878",
            "key": "fzMyShuttle-1437",
            "name": "fzMyShuttle",
            "tags": [],
            "visibility": "public",
            "isNew": false
        },
        {
            "organization": "pietv-github",
            "key": "pietv_astar",
            "name": "G&L GULORB",
            "tags": [],
            "visibility": "public",
            "isNew": false
        },
        {
            "organization": "gulsahcoskun-github",
            "key": "com.boun:glearn",
            "name": "g-learn",
            "tags": [],
            "visibility": "public",
            "isNew": false
        },
        {
            "organization": "itskev-github",
            "key": "ch.hslu.appe.18fs:g05-fbs",
            "name": "g05-fbs",
            "tags": [],
            "visibility": "public",
            "isNew": false
        }
    ],
    "facets": [
        {
            "property": "languages",
            "values": [
                {
                    "val": "xml",
                    "count": 14842
                },
                {
                    "val": "web",
                    "count": 13243
                },
                {
                    "val": "java",
                    "count": 13146
                },
                {
                    "val": "css",
                    "count": 11599
                },
                {
                    "val": "js",
                    "count": 11508
                },
                {
                    "val": "cs",
                    "count": 6126
                },
                {
                    "val": "php",
                    "count": 2740
                },
                {
                    "val": "py",
                    "count": 2703
                },
                {
                    "val": "ts",
                    "count": 2054
                },
                {
                    "val": "c",
                    "count": 1733
                }
            ]
        },
        {
            "property": "ncloc",
            "values": [
                {
                    "val": "*-1000.0",
                    "count": 28145
                },
                {
                    "val": "1000.0-10000.0",
                    "count": 18881
                },
                {
                    "val": "10000.0-100000.0",
                    "count": 10810
                },
                {
                    "val": "100000.0-500000.0",
                    "count": 1998
                },
                {
                    "val": "500000.0-*",
                    "count": 378
                }
            ]
        }
    ]
}