{
    "paging": {
        "pageIndex": 219,
        "pageSize": 10,
        "total": 32064
    },
    "organizations": [
        {
            "key": "siddysid",
            "name": "siddysid"
        },
        {
            "key": "indrabasak-github",
            "name": "Indra Basak"
        },
        {
            "key": "kurtispe-github",
            "name": "kurtispe"
        },
        {
            "key": "apache",
            "name": "The Apache Software Foundation"
        },
        {
            "key": "keijack",
            "name": "Keijack"
        },
        {
            "key": "loganthatcher-github",
            "name": "Logan Thatcher"
        },
        {
            "key": "martinfrank-github",
            "name": "Martin Frank"
        },
        {
            "key": "miw-mamp-github",
            "name": "miw-mamp-github"
        },
        {
            "key": "willerfernandes",
            "name": "Willer Santos"
        },
        {
            "key": "bumblebeee_-bitbucket",
            "name": "Bumble Bee"
        }
    ],
    "components": [
        {
            "organization": "miw-mamp-github",
            "key": "es.upm.miw:APAW-ECP2-MiguelArber",
            "name": "es.upm.miw.APAW-ECP2-MiguelArber",
            "tags": [],
            "visibility": "public",
            "isNew": false
        },
        {
            "organization": "kurtispe-github",
            "key": "PStore5000",
            "name": "PizzaStore",
            "tags": [],
            "visibility": "public",
            "isNew": false
        },
        {
            "organization": "siddysid",
            "key": "siddysid_react-poc",
            "name": "react-poc",
            "tags": [],
            "visibility": "public",
            "eligibilityStatus": "COMPLETED",
            "eligible": true,
            "isNew": false
        },
        {
            "organization": "bumblebeee_-bitbucket",
            "key": "me.bumblebeee_.rpgmagic:RPGMagic",
            "name": "RPGMagic",
            "tags": [],
            "visibility": "public",
            "isNew": false
        },
        {
            "organization": "martinfrank-github",
            "key": "martinFrank_simpleciv",
            "name": "simpleciv",
            "tags": [],
            "visibility": "public",
            "isNew": false
        },
        {
            "organization": "apache",
            "key": "apache_sling-org-apache-sling-junit-teleporter",
            "name": "Apache Sling JUnit Tests Teleporter",
            "tags": [
                "sling"
            ],
            "visibility": "public",
            "isNew": false
        },
        {
            "organization": "loganthatcher-github",
            "key": "MavenMobsMayhem:MavenMobsMayhem",
            "name": "MavenMobsMayhem",
            "tags": [],
            "visibility": "public",
            "isNew": false
        },
        {
            "organization": "keijack",
            "key": "keijack_python-eureka-client",
            "name": "python-eureka-client",
            "tags": [],
            "visibility": "public",
            "eligibilityStatus": "COMPLETED",
            "eligible": true,
            "isNew": false
        },
        {
            "organization": "willerfernandes",
            "key": "willerfernandes_admoney-backend",
            "name": "admoney-backend",
            "tags": [],
            "visibility": "public",
            "eligibilityStatus": "COMPLETED",
            "eligible": false,
            "isNew": false
        },
        {
            "organization": "indrabasak-github",
            "key": "com.basaki.metrics:metrics-example",
            "name": "Metrics Example",
            "tags": [],
            "visibility": "public",
            "isNew": false
        }
    ],
    "facets": [
        {
            "property": "languages",
            "values": [
                {
                    "val": "xml",
                    "count": 14841
                },
                {
                    "val": "web",
                    "count": 13242
                },
                {
                    "val": "java",
                    "count": 13146
                },
                {
                    "val": "css",
                    "count": 11597
                },
                {
                    "val": "js",
                    "count": 11505
                },
                {
                    "val": "cs",
                    "count": 6126
                },
                {
                    "val": "php",
                    "count": 2740
                },
                {
                    "val": "py",
                    "count": 2703
                },
                {
                    "val": "ts",
                    "count": 2053
                },
                {
                    "val": "c",
                    "count": 1733
                }
            ]
        },
        {
            "property": "ncloc",
            "values": [
                {
                    "val": "*-1000.0",
                    "count": 28143
                },
                {
                    "val": "1000.0-10000.0",
                    "count": 18879
                },
                {
                    "val": "10000.0-100000.0",
                    "count": 10810
                },
                {
                    "val": "100000.0-500000.0",
                    "count": 1997
                },
                {
                    "val": "500000.0-*",
                    "count": 378
                }
            ]
        }
    ]
}