{
    "paging": {
        "pageIndex": 558,
        "pageSize": 10,
        "total": 32070
    },
    "organizations": [
        {
            "key": "choicetechlab",
            "name": "choicetechlab"
        },
        {
            "key": "java_1804",
            "name": "java"
        },
        {
            "key": "mgiusy-github",
            "name": "mgiusy"
        },
        {
            "key": "munjoob",
            "name": "munjoob"
        },
        {
            "key": "gercpdev-github",
            "name": "gercpdev"
        },
        {
            "key": "ginkgo-project",
            "name": "Ginkgo Project"
        },
        {
            "key": "crowsofwar-github",
            "name": "Crows Of War"
        },
        {
            "key": "oicr-gsi",
            "name": "oicr-gsi"
        },
        {
            "key": "pkduong-bitbucket",
            "name": "Bill PM"
        },
        {
            "key": "featuretogglestudy",
            "name": "FeatureToggleStudy"
        }
    ],
    "components": [
        {
            "organization": "choicetechlab",
            "key": "choicetechlab_ptmsb",
            "name": "ptmsb",
            "tags": [],
            "visibility": "public",
            "isNew": false
        },
        {
            "organization": "munjoob",
            "key": "munjoob_kleeja",
            "name": "kleeja",
            "tags": [],
            "visibility": "public",
            "eligibilityStatus": "COMPLETED",
            "eligible": true,
            "isNew": false
        },
        {
            "organization": "java_1804",
            "key": "crunch_180410",
            "name": "crunch",
            "tags": [],
            "visibility": "public",
            "isNew": false
        },
        {
            "organization": "featuretogglestudy",
            "key": "FeatureToggleStudy_foreldrepengesoknad",
            "name": "foreldrepengesoknad",
            "tags": [],
            "visibility": "public",
            "isNew": false
        },
        {
            "organization": "crowsofwar-github",
            "key": "com.crowsofwar.avatar:avatarmod:FD/OldPackets",
            "name": "avatarmod FD/OldPackets",
            "tags": [],
            "visibility": "public",
            "isNew": false
        },
        {
            "organization": "ginkgo-project",
            "key": "ginkgo-project_ginkgo",
            "name": "ginkgo",
            "tags": [],
            "visibility": "public",
            "isNew": false
        },
        {
            "organization": "oicr-gsi",
            "key": "ca.on.oicr.gsi:shesmu",
            "name": "Shesmu Decision-Action Server",
            "tags": [],
            "visibility": "public",
            "isNew": false
        },
        {
            "organization": "mgiusy-github",
            "key": "traccarmodelli",
            "name": "traccar",
            "tags": [],
            "visibility": "public",
            "isNew": false
        },
        {
            "organization": "gercpdev-github",
            "key": "traccar",
            "name": "traccar",
            "tags": [],
            "visibility": "public",
            "isNew": false
        },
        {
            "organization": "pkduong-bitbucket",
            "key": "icms-test-beta",
            "name": "icms",
            "tags": [],
            "visibility": "public",
            "isNew": false
        }
    ],
    "facets": [
        {
            "property": "languages",
            "values": [
                {
                    "val": "xml",
                    "count": 14843
                },
                {
                    "val": "web",
                    "count": 13244
                },
                {
                    "val": "java",
                    "count": 13147
                },
                {
                    "val": "css",
                    "count": 11599
                },
                {
                    "val": "js",
                    "count": 11509
                },
                {
                    "val": "cs",
                    "count": 6127
                },
                {
                    "val": "php",
                    "count": 2740
                },
                {
                    "val": "py",
                    "count": 2703
                },
                {
                    "val": "ts",
                    "count": 2054
                },
                {
                    "val": "c",
                    "count": 1733
                }
            ]
        },
        {
            "property": "ncloc",
            "values": [
                {
                    "val": "*-1000.0",
                    "count": 28145
                },
                {
                    "val": "1000.0-10000.0",
                    "count": 18882
                },
                {
                    "val": "10000.0-100000.0",
                    "count": 10812
                },
                {
                    "val": "100000.0-500000.0",
                    "count": 1998
                },
                {
                    "val": "500000.0-*",
                    "count": 378
                }
            ]
        }
    ]
}