{
    "paging": {
        "pageIndex": 420,
        "pageSize": 10,
        "total": 32066
    },
    "organizations": [
        {
            "key": "lukkian-bitbucket",
            "name": "Luis Fernando"
        },
        {
            "key": "jmichel",
            "name": "jmichel"
        },
        {
            "key": "yteruel31-github",
            "name": "yteruel31"
        },
        {
            "key": "conorhall96-github",
            "name": "Conor Hall"
        },
        {
            "key": "trainify",
            "name": "trainify"
        },
        {
            "key": "springboot7",
            "name": "Springboot"
        },
        {
            "key": "praveenn751-github",
            "name": "praveenn751"
        },
        {
            "key": "isuc",
            "name": "Ingenieria del Software UC"
        },
        {
            "key": "lusecnkodan-github",
            "name": "LusecnkoDan"
        },
        {
            "key": "vijayeluri-github",
            "name": "VijayEluri"
        }
    ],
    "components": [
        {
            "organization": "isuc",
            "key": "CalculadoraSimple",
            "name": "CalculadoraSimple",
            "tags": [],
            "visibility": "public",
            "isNew": false
        },
        {
            "organization": "lukkian-bitbucket",
            "key": "Lukkian_calculaiptu",
            "name": "CalculaIPTU",
            "tags": [],
            "visibility": "public",
            "isNew": false
        },
        {
            "organization": "yteruel31-github",
            "key": "yteruel31_Calculate",
            "name": "Calculate",
            "tags": [],
            "visibility": "public",
            "isNew": false
        },
        {
            "organization": "lusecnkodan-github",
            "key": "LusecnkoDan_calculate_test",
            "name": "calculate_test",
            "tags": [],
            "visibility": "public",
            "isNew": false
        },
        {
            "organization": "praveenn751-github",
            "key": "reactnative:calculator",
            "name": "calculator",
            "tags": [],
            "visibility": "public",
            "isNew": false
        },
        {
            "organization": "jmichel",
            "key": "devisCalculator",
            "name": "Calculator of devis(KATA)",
            "tags": [],
            "visibility": "public",
            "isNew": false
        },
        {
            "organization": "trainify",
            "key": "CalculatorApp",
            "name": "CalculatorApp",
            "tags": [],
            "visibility": "public",
            "isNew": false
        },
        {
            "organization": "conorhall96-github",
            "key": "anubhav.calculatorapp",
            "name": "CalculatorApp",
            "tags": [],
            "visibility": "public",
            "isNew": false
        },
        {
            "organization": "vijayeluri-github",
            "key": "VijayEluri_CalculatorD",
            "name": "CalculatorD",
            "tags": [],
            "visibility": "public",
            "isNew": false
        },
        {
            "organization": "springboot7",
            "key": "springboot7_java-calculator",
            "name": "CalculatorWS",
            "tags": [],
            "visibility": "public",
            "isNew": false
        }
    ],
    "facets": [
        {
            "property": "languages",
            "values": [
                {
                    "val": "xml",
                    "count": 14842
                },
                {
                    "val": "web",
                    "count": 13243
                },
                {
                    "val": "java",
                    "count": 13146
                },
                {
                    "val": "css",
                    "count": 11599
                },
                {
                    "val": "js",
                    "count": 11508
                },
                {
                    "val": "cs",
                    "count": 6126
                },
                {
                    "val": "php",
                    "count": 2740
                },
                {
                    "val": "py",
                    "count": 2703
                },
                {
                    "val": "ts",
                    "count": 2054
                },
                {
                    "val": "c",
                    "count": 1733
                }
            ]
        },
        {
            "property": "ncloc",
            "values": [
                {
                    "val": "*-1000.0",
                    "count": 28146
                },
                {
                    "val": "1000.0-10000.0",
                    "count": 18880
                },
                {
                    "val": "10000.0-100000.0",
                    "count": 10810
                },
                {
                    "val": "100000.0-500000.0",
                    "count": 1998
                },
                {
                    "val": "500000.0-*",
                    "count": 378
                }
            ]
        }
    ]
}