{
    "paging": {
        "pageIndex": 353,
        "pageSize": 10,
        "total": 32068
    },
    "organizations": [
        {
            "key": "muthudevops2190-github",
            "name": "muthudevops2190"
        },
        {
            "key": "interra-ott",
            "name": "interra-ott"
        },
        {
            "key": "kamara-martin-seit35251",
            "name": "Kamara Martin (SEIT)"
        },
        {
            "key": "divineops-github",
            "name": "Sasha Rosenbaum"
        },
        {
            "key": "hdominguezd-github",
            "name": "HDominguezD"
        },
        {
            "key": "tfsddls-github",
            "name": "TFSDDLS"
        },
        {
            "key": "tienlh",
            "name": "tienlh"
        },
        {
            "key": "ana-roje-ivancic63899",
            "name": "Ana Roje Ivancic"
        },
        {
            "key": "marieke45669",
            "name": "marieke"
        },
        {
            "key": "leoyi-ing-github",
            "name": "leoyi-ing"
        }
    ],
    "components": [
        {
            "organization": "leoyi-ing-github",
            "key": "leotraning-prjkey",
            "name": "leotraning-prjkey",
            "tags": [],
            "visibility": "public",
            "isNew": false
        },
        {
            "organization": "marieke45669",
            "key": "MariekeWorkingTalent",
            "name": "MariekeWorkingTalent",
            "tags": [],
            "visibility": "public",
            "isNew": false
        },
        {
            "organization": "muthudevops2190-github",
            "key": "muthudevops",
            "name": "muthudevops",
            "tags": [],
            "visibility": "public",
            "isNew": false
        },
        {
            "organization": "hdominguezd-github",
            "key": "disenyo",
            "name": "My First C++ Project",
            "tags": [],
            "visibility": "public",
            "isNew": false
        },
        {
            "organization": "tienlh",
            "key": "MyContacts",
            "name": "MyContacts",
            "tags": [],
            "visibility": "public",
            "isNew": false
        },
        {
            "organization": "tfsddls-github",
            "key": "mysonar12345",
            "name": "mysonar12345",
            "tags": [],
            "visibility": "public",
            "isNew": false
        },
        {
            "organization": "interra-ott",
            "key": "com.interra:ott",
            "name": "Ott Enterprise",
            "tags": [],
            "visibility": "public",
            "isNew": false
        },
        {
            "organization": "ana-roje-ivancic63899",
            "key": "PA.Demo",
            "name": "PA.Demo",
            "tags": [],
            "visibility": "public",
            "isNew": false
        },
        {
            "organization": "divineops-github",
            "key": "dev.azure.com.sasrose.partsunlimited",
            "name": "Parts Unlimited",
            "tags": [],
            "visibility": "public",
            "isNew": false
        },
        {
            "organization": "kamara-martin-seit35251",
            "key": "partsunlimited",
            "name": "Parts Unlimited",
            "tags": [],
            "visibility": "public",
            "isNew": false
        }
    ],
    "facets": [
        {
            "property": "languages",
            "values": [
                {
                    "val": "xml",
                    "count": 14842
                },
                {
                    "val": "web",
                    "count": 13244
                },
                {
                    "val": "java",
                    "count": 13146
                },
                {
                    "val": "css",
                    "count": 11600
                },
                {
                    "val": "js",
                    "count": 11509
                },
                {
                    "val": "cs",
                    "count": 6127
                },
                {
                    "val": "php",
                    "count": 2740
                },
                {
                    "val": "py",
                    "count": 2703
                },
                {
                    "val": "ts",
                    "count": 2054
                },
                {
                    "val": "c",
                    "count": 1733
                }
            ]
        },
        {
            "property": "ncloc",
            "values": [
                {
                    "val": "*-1000.0",
                    "count": 28145
                },
                {
                    "val": "1000.0-10000.0",
                    "count": 18881
                },
                {
                    "val": "10000.0-100000.0",
                    "count": 10811
                },
                {
                    "val": "100000.0-500000.0",
                    "count": 1998
                },
                {
                    "val": "500000.0-*",
                    "count": 378
                }
            ]
        }
    ]
}