{
    "paging": {
        "pageIndex": 884,
        "pageSize": 10,
        "total": 32068
    },
    "organizations": [
        {
            "key": "csinc",
            "name": "csinc"
        },
        {
            "key": "harshavardhanc",
            "name": "Harsha"
        },
        {
            "key": "mygreen-github",
            "name": "mygreen"
        },
        {
            "key": "vijayvani-github",
            "name": "vijayvani"
        },
        {
            "key": "embark-framework",
            "name": "Embark Framework (by Status)"
        },
        {
            "key": "toikon-bitbucket",
            "name": "Thomas Oikonomakos"
        },
        {
            "key": "anir0y-github",
            "name": "Animesh Roy"
        },
        {
            "key": "haonanxu-cpu",
            "name": "haonanxu-cpu"
        },
        {
            "key": "ftria4-github",
            "name": "ftria4"
        },
        {
            "key": "cicti",
            "name": "Citos-CTI"
        }
    ],
    "components": [
        {
            "organization": "cicti",
            "key": "com.citos:citos",
            "name": "Citos",
            "tags": [],
            "visibility": "public",
            "isNew": false
        },
        {
            "organization": "ftria4-github",
            "key": "ftria4_Civic_Sense_Pride_Troopers",
            "name": "Civic_Sense_Pride_Troopers",
            "tags": [],
            "visibility": "public",
            "isNew": false
        },
        {
            "organization": "mygreen-github",
            "key": "com.github.mygreen:super-csv-annotation",
            "name": "com.github.mygreen/super-csv-annotation",
            "tags": [],
            "visibility": "public",
            "isNew": false
        },
        {
            "organization": "vijayvani-github",
            "key": "vijayvani_common-json",
            "name": "Common JSON Library",
            "tags": [],
            "visibility": "public",
            "isNew": false
        },
        {
            "organization": "haonanxu-cpu",
            "key": "haonanxu-cpu_covid-sim",
            "name": "covid-sim",
            "tags": [],
            "visibility": "public",
            "eligibilityStatus": "COMPLETED",
            "eligible": false,
            "isNew": false
        },
        {
            "organization": "csinc",
            "key": "csinckey",
            "name": "csinckey",
            "tags": [],
            "visibility": "public",
            "isNew": false
        },
        {
            "organization": "toikon-bitbucket",
            "key": "gr.helvia.cxc:cvas-xc-backend",
            "name": "cvas-xc-backend",
            "tags": [],
            "visibility": "public",
            "isNew": false
        },
        {
            "organization": "anir0y-github",
            "key": "deepak",
            "name": "deepak-review1",
            "tags": [],
            "visibility": "public",
            "isNew": false
        },
        {
            "organization": "harshavardhanc",
            "key": "harshavardhanc_sunbird-data-pipeline",
            "name": "Ekstep Samza",
            "tags": [],
            "visibility": "public",
            "isNew": false
        },
        {
            "organization": "embark-framework",
            "key": "embark-framework_embark",
            "name": "embark",
            "tags": [],
            "visibility": "public",
            "eligibilityStatus": "COMPLETED",
            "eligible": true,
            "isNew": false
        }
    ],
    "facets": [
        {
            "property": "languages",
            "values": [
                {
                    "val": "xml",
                    "count": 14842
                },
                {
                    "val": "web",
                    "count": 13244
                },
                {
                    "val": "java",
                    "count": 13146
                },
                {
                    "val": "css",
                    "count": 11600
                },
                {
                    "val": "js",
                    "count": 11509
                },
                {
                    "val": "cs",
                    "count": 6127
                },
                {
                    "val": "php",
                    "count": 2740
                },
                {
                    "val": "py",
                    "count": 2703
                },
                {
                    "val": "ts",
                    "count": 2054
                },
                {
                    "val": "c",
                    "count": 1733
                }
            ]
        },
        {
            "property": "ncloc",
            "values": [
                {
                    "val": "*-1000.0",
                    "count": 28145
                },
                {
                    "val": "1000.0-10000.0",
                    "count": 18881
                },
                {
                    "val": "10000.0-100000.0",
                    "count": 10811
                },
                {
                    "val": "100000.0-500000.0",
                    "count": 1998
                },
                {
                    "val": "500000.0-*",
                    "count": 378
                }
            ]
        }
    ]
}