{
    "paging": {
        "pageIndex": 812,
        "pageSize": 10,
        "total": 32072
    },
    "organizations": [
        {
            "key": "karlosarr",
            "name": "Carlos Ruiz"
        },
        {
            "key": "karanreddy09",
            "name": "karanreddy09"
        },
        {
            "key": "kvjavaxxv",
            "name": "SoftServe ITA Kv-025.Java"
        },
        {
            "key": "inlog",
            "name": "inlog"
        }
    ],
    "components": [
        {
            "organization": "karanreddy09",
            "key": "karanreddy09_karangit",
            "name": "karangit",
            "tags": [],
            "visibility": "public",
            "eligibilityStatus": "COMPLETED",
            "eligible": true,
            "isNew": false
        },
        {
            "organization": "inlog",
            "key": "karvi",
            "name": "karavi-backend",
            "tags": [],
            "visibility": "public",
            "isNew": false
        },
        {
            "organization": "karlosarr",
            "key": "karlosarr_api-jaxitank-react-demo",
            "name": "karlosarr_api-jaxitank-react-demo",
            "tags": [],
            "visibility": "public",
            "isNew": false
        },
        {
            "organization": "kvjavaxxv",
            "key": "academy.softserve:Karma",
            "name": "Karma",
            "tags": [],
            "visibility": "public",
            "isNew": false
        },
        {
            "organization": "kvjavaxxv",
            "key": "academy.softserve:Karma:addKafkaConsumer",
            "name": "Karma addKafkaConsumer",
            "tags": [],
            "visibility": "public",
            "isNew": false
        },
        {
            "organization": "kvjavaxxv",
            "key": "academy.softserve:Karma:api_gen",
            "name": "Karma api_gen",
            "tags": [],
            "visibility": "public",
            "isNew": false
        },
        {
            "organization": "kvjavaxxv",
            "key": "academy.softserve:Karma:client_login",
            "name": "Karma client_login",
            "tags": [],
            "visibility": "public",
            "isNew": false
        },
        {
            "organization": "kvjavaxxv",
            "key": "academy.softserve:Karma:CommoItemEventLogging",
            "name": "Karma CommoItemEventLogging",
            "tags": [],
            "visibility": "public",
            "isNew": false
        },
        {
            "organization": "kvjavaxxv",
            "key": "academy.softserve:Karma:context_problems",
            "name": "Karma context_problems",
            "tags": [],
            "visibility": "public",
            "isNew": false
        },
        {
            "organization": "kvjavaxxv",
            "key": "academy.softserve:Karma:dao",
            "name": "Karma dao",
            "tags": [],
            "visibility": "public",
            "isNew": false
        }
    ],
    "facets": [
        {
            "property": "languages",
            "values": [
                {
                    "val": "xml",
                    "count": 14844
                },
                {
                    "val": "web",
                    "count": 13244
                },
                {
                    "val": "java",
                    "count": 13148
                },
                {
                    "val": "css",
                    "count": 11600
                },
                {
                    "val": "js",
                    "count": 11510
                },
                {
                    "val": "cs",
                    "count": 6127
                },
                {
                    "val": "php",
                    "count": 2740
                },
                {
                    "val": "py",
                    "count": 2703
                },
                {
                    "val": "ts",
                    "count": 2054
                },
                {
                    "val": "c",
                    "count": 1733
                }
            ]
        },
        {
            "property": "ncloc",
            "values": [
                {
                    "val": "*-1000.0",
                    "count": 28145
                },
                {
                    "val": "1000.0-10000.0",
                    "count": 18884
                },
                {
                    "val": "10000.0-100000.0",
                    "count": 10812
                },
                {
                    "val": "100000.0-500000.0",
                    "count": 1998
                },
                {
                    "val": "500000.0-*",
                    "count": 378
                }
            ]
        }
    ]
}