{
    "paging": {
        "pageIndex": 929,
        "pageSize": 10,
        "total": 32063
    },
    "organizations": [
        {
            "key": "mteli-bitbucket",
            "name": "Meethalal Teli"
        },
        {
            "key": "liangjunn-github",
            "name": "kent.liang"
        },
        {
            "key": "vijayvani-github",
            "name": "vijayvani"
        },
        {
            "key": "francescobonizzi-github",
            "name": "Francesco Bonizzi"
        },
        {
            "key": "securedevopsdelivery",
            "name": "Secure DevOps Delivery"
        },
        {
            "key": "shanmuga2414-github",
            "name": "shanmugapriya"
        },
        {
            "key": "ruanmarins96-bitbucket",
            "name": "Ruan Marins"
        },
        {
            "key": "markuskaufmann-github",
            "name": "markuskaufmann"
        },
        {
            "key": "onevizion",
            "name": "ov-integrations"
        },
        {
            "key": "ukoolabs",
            "name": "Peter Tribe"
        }
    ],
    "components": [
        {
            "organization": "francescobonizzi-github",
            "key": "FrancescoBonizzi_FbonizziMonoGame",
            "name": "FbonizziMonoGame",
            "tags": [],
            "visibility": "public",
            "isNew": false
        },
        {
            "organization": "shanmuga2414-github",
            "key": "fbParkingBuddy",
            "name": "fbparkingauntie",
            "tags": [],
            "visibility": "public",
            "isNew": false
        },
        {
            "organization": "markuskaufmann-github",
            "key": "ch.hslu.appe.18fs:fbs",
            "name": "fbs",
            "tags": [],
            "visibility": "public",
            "isNew": false
        },
        {
            "organization": "ruanmarins96-bitbucket",
            "key": "ruanmarins96_fbtest",
            "name": "FBTest",
            "tags": [],
            "visibility": "public",
            "isNew": false
        },
        {
            "organization": "ukoolabs",
            "key": "UkooLabs_FBXSharpie",
            "name": "FBXSharpie",
            "tags": [],
            "visibility": "public",
            "isNew": false
        },
        {
            "organization": "mteli-bitbucket",
            "key": "FC",
            "name": "FC",
            "tags": [],
            "visibility": "public",
            "isNew": false
        },
        {
            "organization": "securedevopsdelivery",
            "key": "Securedevops-FC",
            "name": "FC_SEcureDevOps",
            "tags": [],
            "visibility": "public",
            "isNew": false
        },
        {
            "organization": "vijayvani-github",
            "key": "vijayvani_fcalib",
            "name": "fcalib",
            "tags": [],
            "visibility": "public",
            "isNew": false
        },
        {
            "organization": "liangjunn-github",
            "key": "kentjuntestfcarmmc",
            "name": "fcarmapi",
            "tags": [],
            "visibility": "public",
            "isNew": false
        },
        {
            "organization": "onevizion",
            "key": "ov-integrations_FCCDB",
            "name": "FCCDB",
            "tags": [],
            "visibility": "public",
            "isNew": false
        }
    ],
    "facets": [
        {
            "property": "languages",
            "values": [
                {
                    "val": "xml",
                    "count": 14841
                },
                {
                    "val": "web",
                    "count": 13242
                },
                {
                    "val": "java",
                    "count": 13146
                },
                {
                    "val": "css",
                    "count": 11597
                },
                {
                    "val": "js",
                    "count": 11505
                },
                {
                    "val": "cs",
                    "count": 6126
                },
                {
                    "val": "php",
                    "count": 2739
                },
                {
                    "val": "py",
                    "count": 2703
                },
                {
                    "val": "ts",
                    "count": 2053
                },
                {
                    "val": "c",
                    "count": 1733
                }
            ]
        },
        {
            "property": "ncloc",
            "values": [
                {
                    "val": "*-1000.0",
                    "count": 28144
                },
                {
                    "val": "1000.0-10000.0",
                    "count": 18878
                },
                {
                    "val": "10000.0-100000.0",
                    "count": 10810
                },
                {
                    "val": "100000.0-500000.0",
                    "count": 1997
                },
                {
                    "val": "500000.0-*",
                    "count": 378
                }
            ]
        }
    ]
}