{
    "paging": {
        "pageIndex": 633,
        "pageSize": 10,
        "total": 32063
    },
    "organizations": [
        {
            "key": "embpavan-github",
            "name": "Pavan"
        },
        {
            "key": "thai302",
            "name": "thai302"
        },
        {
            "key": "pradeepsethi",
            "name": "pradeepsethi"
        },
        {
            "key": "if-082dotnet",
            "name": "SoftServeAcademy"
        },
        {
            "key": "anindyademo",
            "name": "anindyademo"
        },
        {
            "key": "mydemoorg",
            "name": "mydemoorg"
        },
        {
            "key": "acmeorg",
            "name": "Acme Organization"
        },
        {
            "key": "vishnu",
            "name": "vishnu"
        },
        {
            "key": "vijayeluri-github",
            "name": "VijayEluri"
        },
        {
            "key": "devstackclub",
            "name": "devstackclub"
        }
    ],
    "components": [
        {
            "organization": "vishnu",
            "key": "maven-hello",
            "name": "hello_world",
            "tags": [],
            "visibility": "public",
            "isNew": false
        },
        {
            "organization": "if-082dotnet",
            "key": "HelloMVCKey",
            "name": "HelloMVC",
            "tags": [],
            "visibility": "public",
            "isNew": false
        },
        {
            "organization": "vijayeluri-github",
            "key": "VijayEluri_hellow_java",
            "name": "HellowJava",
            "tags": [],
            "visibility": "public",
            "isNew": false
        },
        {
            "organization": "thai302",
            "key": "thai302_HelloWorld",
            "name": "helloword",
            "tags": [],
            "visibility": "public",
            "isNew": false
        },
        {
            "organization": "acmeorg",
            "key": "HelloWorldKey",
            "name": "HelloWorld",
            "tags": [],
            "visibility": "public",
            "isNew": false
        },
        {
            "organization": "embpavan-github",
            "key": "embpavan_helloWorld",
            "name": "helloWorld",
            "tags": [],
            "visibility": "public",
            "isNew": false
        },
        {
            "organization": "mydemoorg",
            "key": "helloworld1122",
            "name": "helloworld1122",
            "tags": [],
            "visibility": "public",
            "isNew": false
        },
        {
            "organization": "anindyademo",
            "key": "sonar.anindyasonardemo",
            "name": "HelloWorldApp",
            "tags": [],
            "visibility": "public",
            "isNew": false
        },
        {
            "organization": "devstackclub",
            "key": "helloworldkey",
            "name": "helloworldkey",
            "tags": [],
            "visibility": "public",
            "isNew": false
        },
        {
            "organization": "pradeepsethi",
            "key": "HelloWorldPS",
            "name": "HelloWorldPS",
            "tags": [],
            "visibility": "public",
            "isNew": false
        }
    ],
    "facets": [
        {
            "property": "languages",
            "values": [
                {
                    "val": "xml",
                    "count": 14840
                },
                {
                    "val": "web",
                    "count": 13241
                },
                {
                    "val": "java",
                    "count": 13146
                },
                {
                    "val": "css",
                    "count": 11596
                },
                {
                    "val": "js",
                    "count": 11504
                },
                {
                    "val": "cs",
                    "count": 6126
                },
                {
                    "val": "php",
                    "count": 2739
                },
                {
                    "val": "py",
                    "count": 2703
                },
                {
                    "val": "ts",
                    "count": 2053
                },
                {
                    "val": "c",
                    "count": 1733
                }
            ]
        },
        {
            "property": "ncloc",
            "values": [
                {
                    "val": "*-1000.0",
                    "count": 28143
                },
                {
                    "val": "1000.0-10000.0",
                    "count": 18879
                },
                {
                    "val": "10000.0-100000.0",
                    "count": 10810
                },
                {
                    "val": "100000.0-500000.0",
                    "count": 1996
                },
                {
                    "val": "500000.0-*",
                    "count": 378
                }
            ]
        }
    ]
}