{
    "paging": {
        "pageIndex": 611,
        "pageSize": 10,
        "total": 32068
    },
    "organizations": [
        {
            "key": "blay93-github",
            "name": "Blay93"
        },
        {
            "key": "raghu150999-github",
            "name": "Raghu Nathan"
        },
        {
            "key": "easprueba",
            "name": "EASPRUEBA"
        },
        {
            "key": "modib-github",
            "name": "modib"
        },
        {
            "key": "bpetridis-github",
            "name": "Bill P"
        },
        {
            "key": "apache",
            "name": "The Apache Software Foundation"
        },
        {
            "key": "andrasmarkus-github",
            "name": "Andras Markus"
        },
        {
            "key": "arogge",
            "name": "arogge"
        },
        {
            "key": "woodygithub-github",
            "name": "woodygithub"
        },
        {
            "key": "hasalas",
            "name": "HasalaS"
        }
    ],
    "components": [
        {
            "organization": "woodygithub-github",
            "key": "android-webview",
            "name": "WebViewComponent",
            "tags": [],
            "visibility": "public",
            "isNew": false
        },
        {
            "organization": "apache",
            "key": "apache_sling-org-apache-sling-commons-html",
            "name": "Apache Sling Commons HTML Utilities",
            "tags": [
                "sling"
            ],
            "visibility": "public",
            "isNew": false
        },
        {
            "organization": "arogge",
            "key": "bareos",
            "name": "bareos",
            "tags": [],
            "visibility": "public",
            "isNew": false
        },
        {
            "organization": "raghu150999-github",
            "key": "Raghu150999_BESit",
            "name": "BESit",
            "tags": [],
            "visibility": "public",
            "isNew": false
        },
        {
            "organization": "hasalas",
            "key": "HasalaS_blueprint",
            "name": "blueprint",
            "tags": [],
            "visibility": "public",
            "eligibilityStatus": "COMPLETED",
            "eligible": true,
            "isNew": false
        },
        {
            "organization": "bpetridis-github",
            "key": "CELR-SDK",
            "name": "CELR-SDK",
            "tags": [],
            "visibility": "public",
            "isNew": false
        },
        {
            "organization": "modib-github",
            "key": "modib_dns-over-https",
            "name": "dns-over-https",
            "tags": [],
            "visibility": "public",
            "isNew": false
        },
        {
            "organization": "andrasmarkus-github",
            "key": "dynamiccloudsim",
            "name": "dynamiccloudsim",
            "tags": [],
            "visibility": "public",
            "isNew": false
        },
        {
            "organization": "easprueba",
            "key": "oscarsoto:easprueba",
            "name": "EAS",
            "tags": [],
            "visibility": "public",
            "isNew": false
        },
        {
            "organization": "blay93-github",
            "key": "EAS04",
            "name": "EAS04",
            "tags": [],
            "visibility": "public",
            "isNew": false
        }
    ],
    "facets": [
        {
            "property": "languages",
            "values": [
                {
                    "val": "xml",
                    "count": 14842
                },
                {
                    "val": "web",
                    "count": 13244
                },
                {
                    "val": "java",
                    "count": 13146
                },
                {
                    "val": "css",
                    "count": 11600
                },
                {
                    "val": "js",
                    "count": 11509
                },
                {
                    "val": "cs",
                    "count": 6127
                },
                {
                    "val": "php",
                    "count": 2740
                },
                {
                    "val": "py",
                    "count": 2703
                },
                {
                    "val": "ts",
                    "count": 2054
                },
                {
                    "val": "c",
                    "count": 1733
                }
            ]
        },
        {
            "property": "ncloc",
            "values": [
                {
                    "val": "*-1000.0",
                    "count": 28145
                },
                {
                    "val": "1000.0-10000.0",
                    "count": 18881
                },
                {
                    "val": "10000.0-100000.0",
                    "count": 10811
                },
                {
                    "val": "100000.0-500000.0",
                    "count": 1998
                },
                {
                    "val": "500000.0-*",
                    "count": 378
                }
            ]
        }
    ]
}