{
    "paging": {
        "pageIndex": 758,
        "pageSize": 10,
        "total": 32071
    },
    "organizations": [
        {
            "key": "nouname-github",
            "name": "nouname"
        },
        {
            "key": "kairubyte-github",
            "name": "KairuByte"
        },
        {
            "key": "arnobl-github",
            "name": "arno_b"
        },
        {
            "key": "fredboat",
            "name": "FredBoat"
        },
        {
            "key": "sweihmws2018-19",
            "name": "sweihmws2018-19"
        },
        {
            "key": "jean-felipe-de-melo",
            "name": "Jean Felipe de Melo"
        },
        {
            "key": "fbelinic-github",
            "name": "Filip Belini\u0107"
        },
        {
            "key": "vsrs-laurentius",
            "name": "Laurentius"
        },
        {
            "key": "vbotond-github",
            "name": "Botond Vasarhelyi"
        },
        {
            "key": "karlosarr",
            "name": "Carlos Ruiz"
        }
    ],
    "components": [
        {
            "organization": "jean-felipe-de-melo",
            "key": "Jean-Felipe-de-Melo_lasolana_api",
            "name": "lasolana_api",
            "tags": [],
            "visibility": "public",
            "isNew": false
        },
        {
            "organization": "fbelinic-github",
            "key": "fbelinic_DiscountLocator2018",
            "name": "lAst",
            "tags": [],
            "visibility": "public",
            "isNew": false
        },
        {
            "organization": "nouname-github",
            "key": "nouname_lastlab",
            "name": "lastlab",
            "tags": [],
            "visibility": "public",
            "isNew": false
        },
        {
            "organization": "arnobl-github",
            "key": "net.sf.latexdraw:latexdraw",
            "name": "LaTeXDraw",
            "tags": [
                "java",
                "javafx",
                "latex",
                "pstricks"
            ],
            "visibility": "public",
            "isNew": false
        },
        {
            "organization": "sweihmws2018-19",
            "key": "alexa-skills-kit-samples:latintrainer",
            "name": "latintrainer",
            "tags": [],
            "visibility": "public",
            "isNew": false
        },
        {
            "organization": "kairubyte-github",
            "key": "KairuByte-LaunchBuddy",
            "name": "LaunchBuddy",
            "tags": [],
            "visibility": "public",
            "isNew": false
        },
        {
            "organization": "vsrs-laurentius",
            "key": "si.vsrs.cif.sed:Laurentius",
            "name": "Laurentius",
            "tags": [],
            "visibility": "public",
            "isNew": false
        },
        {
            "organization": "fredboat",
            "key": "lavalink:Lavalink-Parent:Lavalink-Server",
            "name": "Lavalink-Server",
            "tags": [],
            "visibility": "public",
            "isNew": false
        },
        {
            "organization": "karlosarr",
            "key": "karlosarr_lavendimia",
            "name": "lavendimia",
            "tags": [],
            "visibility": "public",
            "isNew": false
        },
        {
            "organization": "vbotond-github",
            "key": "law-case-inventory-service",
            "name": "Law Case Inventory services",
            "tags": [],
            "visibility": "public",
            "isNew": false
        }
    ],
    "facets": [
        {
            "property": "languages",
            "values": [
                {
                    "val": "xml",
                    "count": 14844
                },
                {
                    "val": "web",
                    "count": 13244
                },
                {
                    "val": "java",
                    "count": 13148
                },
                {
                    "val": "css",
                    "count": 11599
                },
                {
                    "val": "js",
                    "count": 11509
                },
                {
                    "val": "cs",
                    "count": 6127
                },
                {
                    "val": "php",
                    "count": 2740
                },
                {
                    "val": "py",
                    "count": 2703
                },
                {
                    "val": "ts",
                    "count": 2054
                },
                {
                    "val": "c",
                    "count": 1733
                }
            ]
        },
        {
            "property": "ncloc",
            "values": [
                {
                    "val": "*-1000.0",
                    "count": 28144
                },
                {
                    "val": "1000.0-10000.0",
                    "count": 18883
                },
                {
                    "val": "10000.0-100000.0",
                    "count": 10812
                },
                {
                    "val": "100000.0-500000.0",
                    "count": 1998
                },
                {
                    "val": "500000.0-*",
                    "count": 378
                }
            ]
        }
    ]
}