{
    "paging": {
        "pageIndex": 147,
        "pageSize": 10,
        "total": 32070
    },
    "organizations": [
        {
            "key": "tomas-teston-github",
            "name": "Tom\u00e1s Mu\u00f1oz Test\u00f3n"
        },
        {
            "key": "apereo-la",
            "name": "Apereo Learning Analytics Initiative (LAI)"
        },
        {
            "key": "blasd-github",
            "name": "Benoit Lacelle Solven SARL"
        },
        {
            "key": "simone",
            "name": "simone"
        },
        {
            "key": "conni2461-github",
            "name": "Simon Hauser"
        },
        {
            "key": "manupuchades-github",
            "name": "manupuchades"
        },
        {
            "key": "apestkung-bitbucket",
            "name": "Piyawut Deesrisak"
        },
        {
            "key": "bpetridis-github",
            "name": "Bill P"
        },
        {
            "key": "jose-raul-barreras-github",
            "name": "JRB"
        },
        {
            "key": "huguesgithub-github",
            "name": "Hugues Joneaux"
        }
    ],
    "components": [
        {
            "organization": "manupuchades-github",
            "key": "APAW-ECP2",
            "name": "APAW.ECP2.ManuPuchades",
            "tags": [],
            "visibility": "public",
            "isNew": false
        },
        {
            "organization": "tomas-teston-github",
            "key": "es.upm.miw:apaw.ecp2.TomasTeston",
            "name": "apaw.ecp2.TomasTeston",
            "tags": [],
            "visibility": "public",
            "isNew": false
        },
        {
            "organization": "simone",
            "key": "ape",
            "name": "ape",
            "tags": [],
            "visibility": "public",
            "isNew": false
        },
        {
            "organization": "conni2461-github",
            "key": "ApEngine",
            "name": "ApEngine",
            "tags": [],
            "visibility": "public",
            "isNew": false
        },
        {
            "organization": "huguesgithub-github",
            "key": "Aperd",
            "name": "Aperd",
            "tags": [],
            "visibility": "public",
            "isNew": false
        },
        {
            "organization": "apereo-la",
            "key": "Apereo-Learning-Analytics-Initiative_OpenLRW",
            "name": "Apereo OpenLRW",
            "tags": [],
            "visibility": "public",
            "isNew": false
        },
        {
            "organization": "jose-raul-barreras-github",
            "key": "apereo-phpCAS",
            "name": "apereo-phpCAS",
            "tags": [],
            "visibility": "public",
            "isNew": false
        },
        {
            "organization": "apestkung-bitbucket",
            "key": "apestkung.testmvc",
            "name": "apestkung.testmvc",
            "tags": [],
            "visibility": "public",
            "isNew": false
        },
        {
            "organization": "bpetridis-github",
            "key": "Apex",
            "name": "Apex",
            "tags": [],
            "visibility": "public",
            "isNew": false
        },
        {
            "organization": "blasd-github",
            "key": "com.github.blasd.apex:apex",
            "name": "apex",
            "tags": [],
            "visibility": "public",
            "isNew": false
        }
    ],
    "facets": [
        {
            "property": "languages",
            "values": [
                {
                    "val": "xml",
                    "count": 14843
                },
                {
                    "val": "web",
                    "count": 13244
                },
                {
                    "val": "java",
                    "count": 13147
                },
                {
                    "val": "css",
                    "count": 11599
                },
                {
                    "val": "js",
                    "count": 11509
                },
                {
                    "val": "cs",
                    "count": 6127
                },
                {
                    "val": "php",
                    "count": 2740
                },
                {
                    "val": "py",
                    "count": 2703
                },
                {
                    "val": "ts",
                    "count": 2054
                },
                {
                    "val": "c",
                    "count": 1733
                }
            ]
        },
        {
            "property": "ncloc",
            "values": [
                {
                    "val": "*-1000.0",
                    "count": 28145
                },
                {
                    "val": "1000.0-10000.0",
                    "count": 18882
                },
                {
                    "val": "10000.0-100000.0",
                    "count": 10812
                },
                {
                    "val": "100000.0-500000.0",
                    "count": 1998
                },
                {
                    "val": "500000.0-*",
                    "count": 378
                }
            ]
        }
    ]
}