{
    "paging": {
        "pageIndex": 56,
        "pageSize": 10,
        "total": 32063
    },
    "organizations": [
        {
            "key": "alache22",
            "name": "alache22"
        },
        {
            "key": "lutando-github",
            "name": "Lutando Ngqakaza"
        },
        {
            "key": "phyzicsz",
            "name": "phyzics.z"
        },
        {
            "key": "kata-ai",
            "name": "kata.ai"
        },
        {
            "key": "acouvreur-github",
            "name": "Alexis Couvreur"
        },
        {
            "key": "bgapparov",
            "name": "Baiaman"
        },
        {
            "key": "akshaykumar0438",
            "name": "akshaykumar0438"
        },
        {
            "key": "vijayeluri-github",
            "name": "VijayEluri"
        },
        {
            "key": "alwxkxk-github",
            "name": "\u751f\u5b50\u5f53\u5982\u54c8\u58eb\u5947"
        }
    ],
    "components": [
        {
            "organization": "phyzicsz",
            "key": "phyzicsz_akka-zmq",
            "name": "akka-zmq",
            "tags": [],
            "visibility": "public",
            "eligibilityStatus": "COMPLETED",
            "eligible": false,
            "isNew": false
        },
        {
            "organization": "lutando-github",
            "key": "Lutando_Akkatecture",
            "name": "Akkatecture",
            "tags": [],
            "visibility": "public",
            "isNew": false
        },
        {
            "organization": "alwxkxk-github",
            "key": "akoa",
            "name": "akoa",
            "tags": [],
            "visibility": "public",
            "isNew": false
        },
        {
            "organization": "kata-ai",
            "key": "kata-ai_aksara-legacy",
            "name": "aksara-legacy",
            "tags": [],
            "visibility": "public",
            "eligibilityStatus": "COMPLETED",
            "eligible": true,
            "isNew": false
        },
        {
            "organization": "kata-ai",
            "key": "kata-ai_aksara-ui",
            "name": "aksara-ui",
            "tags": [],
            "visibility": "public",
            "eligibilityStatus": "COMPLETED",
            "eligible": true,
            "isNew": false
        },
        {
            "organization": "akshaykumar0438",
            "key": "akshay1",
            "name": "akshay1",
            "tags": [],
            "visibility": "public",
            "isNew": false
        },
        {
            "organization": "bgapparov",
            "key": "bgapparov_Aksuu",
            "name": "Aksuu",
            "tags": [],
            "visibility": "public",
            "eligibilityStatus": "COMPLETED",
            "eligible": true,
            "isNew": false
        },
        {
            "organization": "vijayeluri-github",
            "key": "VijayEluri_akubra",
            "name": "Akubra Blob Storage API",
            "tags": [],
            "visibility": "public",
            "isNew": false
        },
        {
            "organization": "acouvreur-github",
            "key": "acouvreur_software-architecture-project",
            "name": "AL :: BlablaMove",
            "tags": [],
            "visibility": "public",
            "isNew": false
        },
        {
            "organization": "alache22",
            "key": "alache22",
            "name": "alache22",
            "tags": [],
            "visibility": "public",
            "isNew": false
        }
    ],
    "facets": [
        {
            "property": "languages",
            "values": [
                {
                    "val": "xml",
                    "count": 14840
                },
                {
                    "val": "web",
                    "count": 13241
                },
                {
                    "val": "java",
                    "count": 13146
                },
                {
                    "val": "css",
                    "count": 11596
                },
                {
                    "val": "js",
                    "count": 11504
                },
                {
                    "val": "cs",
                    "count": 6126
                },
                {
                    "val": "php",
                    "count": 2739
                },
                {
                    "val": "py",
                    "count": 2703
                },
                {
                    "val": "ts",
                    "count": 2053
                },
                {
                    "val": "c",
                    "count": 1733
                }
            ]
        },
        {
            "property": "ncloc",
            "values": [
                {
                    "val": "*-1000.0",
                    "count": 28143
                },
                {
                    "val": "1000.0-10000.0",
                    "count": 18880
                },
                {
                    "val": "10000.0-100000.0",
                    "count": 10809
                },
                {
                    "val": "100000.0-500000.0",
                    "count": 1996
                },
                {
                    "val": "500000.0-*",
                    "count": 378
                }
            ]
        }
    ]
}