{
    "paging": {
        "pageIndex": 966,
        "pageSize": 10,
        "total": 32064
    },
    "organizations": [
        {
            "key": "ngtungngo-github",
            "name": "Ngo"
        },
        {
            "key": "revaturelabs-screenforce",
            "name": "Revature Labs"
        },
        {
            "key": "kodougu",
            "name": "kodougu"
        },
        {
            "key": "ndasilva1408",
            "name": "Nicolas Da Silva"
        },
        {
            "key": "urssandy84-github",
            "name": "urssandy84"
        },
        {
            "key": "alexanderstahl",
            "name": "AlexanderStahl"
        },
        {
            "key": "jamesilling-github",
            "name": "JamesIlling"
        },
        {
            "key": "tsamaraes",
            "name": "Tsamara Esperanti Erwin"
        },
        {
            "key": "ferisagaragu",
            "name": "Fernando Isa\u00edas Garc\u00eda Aguirre"
        }
    ],
    "components": [
        {
            "organization": "ferisagaragu",
            "key": "ferisagaragu_tlozbotw-web-service-spring",
            "name": "tlozbotw-web-service-spring",
            "tags": [],
            "visibility": "public",
            "isNew": false
        },
        {
            "organization": "tsamaraes",
            "key": "tsamaraes_advprog-tutorial-2020",
            "name": "AdvProg-Tutorial",
            "tags": [],
            "visibility": "public",
            "isNew": false
        },
        {
            "organization": "kodougu",
            "key": "kodougu_backend-account",
            "name": "backend-account",
            "tags": [],
            "visibility": "public",
            "isNew": false
        },
        {
            "organization": "urssandy84-github",
            "key": "com.gefa.ekf:fit-service-app",
            "name": "Fit Service App",
            "tags": [],
            "visibility": "public",
            "isNew": false
        },
        {
            "organization": "jamesilling-github",
            "key": "ImageTools",
            "name": "ImageTools",
            "tags": [],
            "visibility": "public",
            "isNew": false
        },
        {
            "organization": "alexanderstahl",
            "key": "AlexanderStahl_projectDeloitte",
            "name": "projectDeloitte",
            "tags": [],
            "visibility": "public",
            "isNew": false
        },
        {
            "organization": "ngtungngo-github",
            "key": "org.teamforge:teamforge",
            "name": "Team Forge Application",
            "tags": [],
            "visibility": "public",
            "isNew": false
        },
        {
            "organization": "ndasilva1408",
            "key": "ndasilva1408_myerp2",
            "name": "MyERP",
            "tags": [],
            "visibility": "public",
            "eligibilityStatus": "COMPLETED",
            "eligible": false,
            "isNew": false
        },
        {
            "organization": "revaturelabs-screenforce",
            "key": "caliber-2-assessment-service:pr/96",
            "name": "AssessmentService pr/96",
            "tags": [],
            "visibility": "public",
            "isNew": false
        },
        {
            "organization": "revaturelabs-screenforce",
            "key": "caliber-2-assessment-service:pr/98",
            "name": "AssessmentService pr/98",
            "tags": [],
            "visibility": "public",
            "isNew": false
        }
    ],
    "facets": [
        {
            "property": "languages",
            "values": [
                {
                    "val": "xml",
                    "count": 14842
                },
                {
                    "val": "web",
                    "count": 13243
                },
                {
                    "val": "java",
                    "count": 13146
                },
                {
                    "val": "css",
                    "count": 11598
                },
                {
                    "val": "js",
                    "count": 11506
                },
                {
                    "val": "cs",
                    "count": 6126
                },
                {
                    "val": "php",
                    "count": 2740
                },
                {
                    "val": "py",
                    "count": 2703
                },
                {
                    "val": "ts",
                    "count": 2053
                },
                {
                    "val": "c",
                    "count": 1733
                }
            ]
        },
        {
            "property": "ncloc",
            "values": [
                {
                    "val": "*-1000.0",
                    "count": 28144
                },
                {
                    "val": "1000.0-10000.0",
                    "count": 18878
                },
                {
                    "val": "10000.0-100000.0",
                    "count": 10810
                },
                {
                    "val": "100000.0-500000.0",
                    "count": 1998
                },
                {
                    "val": "500000.0-*",
                    "count": 378
                }
            ]
        }
    ]
}