{
    "paging": {
        "pageIndex": 825,
        "pageSize": 10,
        "total": 32064
    },
    "organizations": [
        {
            "key": "divyasgowda",
            "name": "DivyaSgowda"
        },
        {
            "key": "interceptor2048-github",
            "name": "interceptor2048"
        },
        {
            "key": "ivan2yk-github",
            "name": "illg-org"
        },
        {
            "key": "nkescobar94-bitbucket",
            "name": "Katherine Escobar (Kathy Escobar)"
        },
        {
            "key": "lricardolisboa",
            "name": "lricardolisboa"
        },
        {
            "key": "abalzan-github",
            "name": "abalzan"
        },
        {
            "key": "dejongyeong-github",
            "name": "Yeong De Jong"
        }
    ],
    "components": [
        {
            "organization": "ivan2yk-github",
            "key": "com.acme:ecommerce-book-store",
            "name": "ecommerce-book-store",
            "tags": [],
            "visibility": "public",
            "isNew": false
        },
        {
            "organization": "dejongyeong-github",
            "key": "dejongyeong_ecommerce-devops",
            "name": "ecommerce-devops",
            "tags": [],
            "visibility": "public",
            "isNew": false
        },
        {
            "organization": "lricardolisboa",
            "key": "br.com.beblue:ecommerce-disco-vinil",
            "name": "ecommerce-disco-vinil",
            "tags": [],
            "visibility": "public",
            "isNew": false
        },
        {
            "organization": "abalzan-github",
            "key": "abalzan_ecommerce-microservices",
            "name": "ecommerce-microservices",
            "tags": [],
            "visibility": "public",
            "isNew": false
        },
        {
            "organization": "interceptor2048-github",
            "key": "interceptor2048_project-jdp-1903-03",
            "name": "ecommercee",
            "tags": [],
            "visibility": "public",
            "isNew": false
        },
        {
            "organization": "interceptor2048-github",
            "key": "interceptor2048_project-jdp-1907-01",
            "name": "ecommercee-1907-01",
            "tags": [],
            "visibility": "public",
            "isNew": false
        },
        {
            "organization": "interceptor2048-github",
            "key": "interceptor2048_project-jdp-1901-01",
            "name": "ecommercee_1906_01",
            "tags": [],
            "visibility": "public",
            "isNew": false
        },
        {
            "organization": "nkescobar94-bitbucket",
            "key": "org.apache.ecommerceStone:ecommerceStone",
            "name": "ecommerceStone",
            "tags": [],
            "visibility": "public",
            "isNew": false
        },
        {
            "organization": "divyasgowda",
            "key": "DivyaSgowda_capstoneusermanagement",
            "name": "EcommerceUserManagement",
            "tags": [],
            "visibility": "public",
            "eligibilityStatus": "COMPLETED",
            "eligible": false,
            "isNew": true
        },
        {
            "organization": "divyasgowda",
            "key": "DivyaSgowda_new",
            "name": "EcommerceUserManagement",
            "tags": [],
            "visibility": "public",
            "eligibilityStatus": "COMPLETED",
            "eligible": false,
            "isNew": false
        }
    ],
    "facets": [
        {
            "property": "languages",
            "values": [
                {
                    "val": "xml",
                    "count": 14841
                },
                {
                    "val": "web",
                    "count": 13242
                },
                {
                    "val": "java",
                    "count": 13146
                },
                {
                    "val": "css",
                    "count": 11597
                },
                {
                    "val": "js",
                    "count": 11505
                },
                {
                    "val": "cs",
                    "count": 6126
                },
                {
                    "val": "php",
                    "count": 2740
                },
                {
                    "val": "py",
                    "count": 2703
                },
                {
                    "val": "ts",
                    "count": 2053
                },
                {
                    "val": "c",
                    "count": 1733
                }
            ]
        },
        {
            "property": "ncloc",
            "values": [
                {
                    "val": "*-1000.0",
                    "count": 28144
                },
                {
                    "val": "1000.0-10000.0",
                    "count": 18879
                },
                {
                    "val": "10000.0-100000.0",
                    "count": 10810
                },
                {
                    "val": "100000.0-500000.0",
                    "count": 1997
                },
                {
                    "val": "500000.0-*",
                    "count": 378
                }
            ]
        }
    ]
}