{
    "paging": {
        "pageIndex": 659,
        "pageSize": 10,
        "total": 32064
    },
    "organizations": [
        {
            "key": "evajr-github",
            "name": "Eva van Rooden"
        },
        {
            "key": "vijayvani-github",
            "name": "vijayvani"
        },
        {
            "key": "datanucleus",
            "name": "DataNucleus"
        },
        {
            "key": "wendreo-github",
            "name": "wendreo"
        },
        {
            "key": "mu1206-github",
            "name": "mu1206"
        },
        {
            "key": "cliffcrerar",
            "name": "C1I7F05D-C53545"
        },
        {
            "key": "sit-kmutt",
            "name": "SIT KMUTT"
        },
        {
            "key": "vijayeluri-github",
            "name": "VijayEluri"
        }
    ],
    "components": [
        {
            "organization": "wendreo-github",
            "key": "org.wpattern:Agenda-Online",
            "name": "Angular",
            "tags": [],
            "visibility": "public",
            "isNew": false
        },
        {
            "organization": "cliffcrerar",
            "key": "CliffCrerar_auth0-full-stack-demo-app",
            "name": "auth0-full-stack-demo-app",
            "tags": [
                "0.1"
            ],
            "visibility": "public",
            "eligibilityStatus": "COMPLETED",
            "eligible": true,
            "isNew": false
        },
        {
            "organization": "evajr-github",
            "key": "EvaJR_Molveno",
            "name": "com.hotelmolveno",
            "tags": [],
            "visibility": "public",
            "isNew": false
        },
        {
            "organization": "datanucleus",
            "key": "org.datanucleus:datanucleus-jdo-jca",
            "name": "DataNucleus JDO JCA connector",
            "tags": [],
            "visibility": "public",
            "isNew": false
        },
        {
            "organization": "vijayeluri-github",
            "key": "VijayEluri_HBaseHUT",
            "name": "HBaseHUT",
            "tags": [],
            "visibility": "public",
            "isNew": false
        },
        {
            "organization": "vijayeluri-github",
            "key": "VijayEluri_java-sql-dsl",
            "name": "java-sql-dsl",
            "tags": [],
            "visibility": "public",
            "isNew": false
        },
        {
            "organization": "vijayvani-github",
            "key": "vijayvani_objectify-led",
            "name": "objectify-led",
            "tags": [],
            "visibility": "public",
            "isNew": false
        },
        {
            "organization": "mu1206-github",
            "key": "mu1206_one_check",
            "name": "one_check",
            "tags": [],
            "visibility": "public",
            "isNew": false
        },
        {
            "organization": "vijayvani-github",
            "key": "vijayvani_de-persistence",
            "name": "persistence",
            "tags": [],
            "visibility": "public",
            "isNew": false
        },
        {
            "organization": "sit-kmutt",
            "key": "StdTrackingSystemm",
            "name": "StudentTracking_u",
            "tags": [],
            "visibility": "public",
            "isNew": false
        }
    ],
    "facets": [
        {
            "property": "languages",
            "values": [
                {
                    "val": "xml",
                    "count": 14842
                },
                {
                    "val": "web",
                    "count": 13243
                },
                {
                    "val": "java",
                    "count": 13146
                },
                {
                    "val": "css",
                    "count": 11598
                },
                {
                    "val": "js",
                    "count": 11506
                },
                {
                    "val": "cs",
                    "count": 6126
                },
                {
                    "val": "php",
                    "count": 2740
                },
                {
                    "val": "py",
                    "count": 2703
                },
                {
                    "val": "ts",
                    "count": 2053
                },
                {
                    "val": "c",
                    "count": 1733
                }
            ]
        },
        {
            "property": "ncloc",
            "values": [
                {
                    "val": "*-1000.0",
                    "count": 28144
                },
                {
                    "val": "1000.0-10000.0",
                    "count": 18878
                },
                {
                    "val": "10000.0-100000.0",
                    "count": 10810
                },
                {
                    "val": "100000.0-500000.0",
                    "count": 1998
                },
                {
                    "val": "500000.0-*",
                    "count": 378
                }
            ]
        }
    ]
}