{
    "paging": {
        "pageIndex": 11,
        "pageSize": 10,
        "total": 32065
    },
    "organizations": [
        {
            "key": "ginxo",
            "name": "Enrique Mingorance Cano"
        },
        {
            "key": "mysonarkey",
            "name": "mysonarkey"
        },
        {
            "key": "reactiverse-vertx-maven-plugin",
            "name": "reactiverse-vertx-maven-plugin"
        },
        {
            "key": "fathzer-github",
            "name": "Astesana"
        },
        {
            "key": "vzwingma-github",
            "name": "Zed"
        },
        {
            "key": "olivier-delmotte77018",
            "name": "Olivier Delmotte (default)"
        },
        {
            "key": "cellenza-fromzerotohero",
            "name": "From Zero To Hero"
        },
        {
            "key": "samrachsoemcambodia",
            "name": "samrachsoemcambodia"
        },
        {
            "key": "camel-tooling",
            "name": "camel-tooling"
        }
    ],
    "components": [
        {
            "organization": "vzwingma-github",
            "key": "gestion-budget-services",
            "name": "[Budget] Services",
            "tags": [
                "java11",
                "oauth2",
                "spring-boot",
                "api",
                "microservices"
            ],
            "visibility": "public",
            "isNew": false
        },
        {
            "organization": "cellenza-fromzerotohero",
            "key": "efrei042020:web",
            "name": "[Efrei 2020] Web",
            "tags": [],
            "visibility": "public",
            "isNew": false
        },
        {
            "organization": "ginxo",
            "key": "lienzo-core",
            "name": "[KIE] Lienzo - Core Framework",
            "tags": [],
            "visibility": "public",
            "isNew": false
        },
        {
            "organization": "olivier-delmotte77018",
            "key": "ode::nupkgwrench",
            "name": "[ODE] NupkgWrench",
            "tags": [],
            "visibility": "public",
            "isNew": false
        },
        {
            "organization": "mysonarkey",
            "key": "537e87b8c7867b211c02f347914a3fb8e2462f9a",
            "name": "a",
            "tags": [],
            "visibility": "public",
            "isNew": false
        },
        {
            "organization": "reactiverse-vertx-maven-plugin",
            "key": "io.reactiverse:vertx-maven-plugin",
            "name": "A Maven Plugin for Eclipse Vert.x",
            "tags": [],
            "visibility": "public",
            "isNew": false
        },
        {
            "organization": "camel-tooling",
            "key": "vscode-camelk",
            "name": "A VS Code extension supporting Camel-K",
            "tags": [],
            "visibility": "public",
            "isNew": false
        },
        {
            "organization": "camel-tooling",
            "key": "vscode-wsdl2rest",
            "name": "A VS Code extension supporting wsdl2rest via Camel Rest DSL",
            "tags": [],
            "visibility": "public",
            "isNew": false
        },
        {
            "organization": "fathzer-github",
            "key": "com.fathzer:ajlib",
            "name": "A-JLib",
            "tags": [],
            "visibility": "public",
            "isNew": false
        },
        {
            "organization": "samrachsoemcambodia",
            "key": "org.samrachsoemcambodia.examples.a2a-digital-site",
            "name": "A2A Digital Site",
            "tags": [],
            "visibility": "public",
            "isNew": false
        }
    ],
    "facets": [
        {
            "property": "languages",
            "values": [
                {
                    "val": "xml",
                    "count": 14841
                },
                {
                    "val": "web",
                    "count": 13243
                },
                {
                    "val": "java",
                    "count": 13146
                },
                {
                    "val": "css",
                    "count": 11598
                },
                {
                    "val": "js",
                    "count": 11507
                },
                {
                    "val": "cs",
                    "count": 6126
                },
                {
                    "val": "php",
                    "count": 2739
                },
                {
                    "val": "py",
                    "count": 2703
                },
                {
                    "val": "ts",
                    "count": 2054
                },
                {
                    "val": "c",
                    "count": 1733
                }
            ]
        },
        {
            "property": "ncloc",
            "values": [
                {
                    "val": "*-1000.0",
                    "count": 28145
                },
                {
                    "val": "1000.0-10000.0",
                    "count": 18880
                },
                {
                    "val": "10000.0-100000.0",
                    "count": 10810
                },
                {
                    "val": "100000.0-500000.0",
                    "count": 1997
                },
                {
                    "val": "500000.0-*",
                    "count": 378
                }
            ]
        }
    ]
}