{
    "paging": {
        "pageIndex": 95,
        "pageSize": 10,
        "total": 32063
    },
    "organizations": [
        {
            "key": "blerb",
            "name": "blerb"
        },
        {
            "key": "sidgon-github",
            "name": "Sidgon"
        },
        {
            "key": "jchu521-github",
            "name": "Jonathan Chueh"
        },
        {
            "key": "modestosv-github",
            "name": "ModestosV"
        },
        {
            "key": "fabriziokruisland-github",
            "name": "FabrizioKruisland"
        },
        {
            "key": "vanyamihova89-bitbucket",
            "name": "Vanya Mihova"
        },
        {
            "key": "xausky-github",
            "name": "xausky"
        },
        {
            "key": "owl-93-github",
            "name": "Stephen Schmidt"
        },
        {
            "key": "rul11-github",
            "name": "Ra\u00fal Aguilar Aguilar"
        },
        {
            "key": "urya-bitbucket",
            "name": "Urya Karta"
        }
    ],
    "components": [
        {
            "organization": "blerb",
            "key": "Safaricom_Home_App:app",
            "name": "app",
            "tags": [],
            "visibility": "public",
            "isNew": false
        },
        {
            "organization": "fabriziokruisland-github",
            "key": "SeriesGuideHVA:app",
            "name": "app",
            "tags": [],
            "visibility": "public",
            "isNew": false
        },
        {
            "organization": "owl-93-github",
            "key": "Sherlock:app",
            "name": "app",
            "tags": [],
            "visibility": "public",
            "isNew": false
        },
        {
            "organization": "sidgon-github",
            "key": "SidgonDontEatAlone1",
            "name": "app",
            "tags": [],
            "visibility": "public",
            "isNew": false
        },
        {
            "organization": "modestosv-github",
            "key": "Simple-Calculator-DreamTeam:app",
            "name": "app",
            "tags": [],
            "visibility": "public",
            "isNew": false
        },
        {
            "organization": "vanyamihova89-bitbucket",
            "key": "SplittyBy-android:app",
            "name": "app",
            "tags": [],
            "visibility": "public",
            "isNew": false
        },
        {
            "organization": "rul11-github",
            "key": "TestEx2",
            "name": "app",
            "tags": [],
            "visibility": "public",
            "isNew": false
        },
        {
            "organization": "jchu521-github",
            "key": "Timber-master:app",
            "name": "app",
            "tags": [],
            "visibility": "public",
            "isNew": false
        },
        {
            "organization": "xausky-github",
            "key": "UnityModManager:app",
            "name": "app",
            "tags": [],
            "visibility": "public",
            "isNew": false
        },
        {
            "organization": "urya-bitbucket",
            "key": "Urya_dt",
            "name": "app",
            "tags": [],
            "visibility": "public",
            "isNew": false
        }
    ],
    "facets": [
        {
            "property": "languages",
            "values": [
                {
                    "val": "xml",
                    "count": 14840
                },
                {
                    "val": "web",
                    "count": 13241
                },
                {
                    "val": "java",
                    "count": 13146
                },
                {
                    "val": "css",
                    "count": 11596
                },
                {
                    "val": "js",
                    "count": 11504
                },
                {
                    "val": "cs",
                    "count": 6126
                },
                {
                    "val": "php",
                    "count": 2739
                },
                {
                    "val": "py",
                    "count": 2703
                },
                {
                    "val": "ts",
                    "count": 2053
                },
                {
                    "val": "c",
                    "count": 1733
                }
            ]
        },
        {
            "property": "ncloc",
            "values": [
                {
                    "val": "*-1000.0",
                    "count": 28143
                },
                {
                    "val": "1000.0-10000.0",
                    "count": 18879
                },
                {
                    "val": "10000.0-100000.0",
                    "count": 10810
                },
                {
                    "val": "100000.0-500000.0",
                    "count": 1996
                },
                {
                    "val": "500000.0-*",
                    "count": 378
                }
            ]
        }
    ]
}