{
    "paging": {
        "pageIndex": 606,
        "pageSize": 10,
        "total": 32063
    },
    "organizations": [
        {
            "key": "bedatadriven",
            "name": "bedatadriven"
        },
        {
            "key": "mordag-github",
            "name": "Alexander Eggers"
        },
        {
            "key": "bramucciuni",
            "name": "bramucciUni"
        },
        {
            "key": "ragin-lundf-github",
            "name": "Ragin"
        },
        {
            "key": "gladed-github",
            "name": "Glade Diviney"
        },
        {
            "key": "bookingcom",
            "name": "Booking.com"
        },
        {
            "key": "dement0",
            "name": "Ilker Aslan"
        },
        {
            "key": "propelventures",
            "name": "propelventures"
        },
        {
            "key": "renew",
            "name": "renew"
        }
    ],
    "components": [
        {
            "organization": "renew",
            "key": "Renew-ASP.NET-CI6",
            "name": "Renew-ASP.NET-CI6",
            "tags": [],
            "visibility": "public",
            "isNew": false
        },
        {
            "organization": "bedatadriven",
            "key": "org.renjin:parent",
            "name": "Renjin Parent",
            "tags": [],
            "visibility": "public",
            "isNew": false
        },
        {
            "organization": "dement0",
            "key": "Dement0_repeatcard",
            "name": "repeatcard",
            "tags": [],
            "visibility": "public",
            "eligibilityStatus": "COMPLETED",
            "eligible": true,
            "isNew": false
        },
        {
            "organization": "bookingcom",
            "key": "com.booking.replication:replicator",
            "name": "replicator",
            "tags": [],
            "visibility": "public",
            "isNew": false
        },
        {
            "organization": "gladed-github",
            "key": "gladed_watchable",
            "name": "repo",
            "tags": [],
            "visibility": "public",
            "isNew": false
        },
        {
            "organization": "bramucciuni",
            "key": "bramucciUni_repo3",
            "name": "repo3",
            "tags": [],
            "visibility": "public",
            "isNew": false
        },
        {
            "organization": "bramucciuni",
            "key": "bramucciUni_repo4",
            "name": "repo4",
            "tags": [],
            "visibility": "public",
            "isNew": false
        },
        {
            "organization": "mordag-github",
            "key": "repolizer-library",
            "name": "repolizer-library",
            "tags": [],
            "visibility": "public",
            "isNew": false
        },
        {
            "organization": "ragin-lundf-github",
            "key": "Ragin-LundF_repomgr",
            "name": "repomanager",
            "tags": [],
            "visibility": "public",
            "isNew": false
        },
        {
            "organization": "propelventures",
            "key": "propelventures",
            "name": "report-styling-export-service",
            "tags": [],
            "visibility": "public",
            "isNew": false
        }
    ],
    "facets": [
        {
            "property": "languages",
            "values": [
                {
                    "val": "xml",
                    "count": 14841
                },
                {
                    "val": "web",
                    "count": 13242
                },
                {
                    "val": "java",
                    "count": 13146
                },
                {
                    "val": "css",
                    "count": 11597
                },
                {
                    "val": "js",
                    "count": 11505
                },
                {
                    "val": "cs",
                    "count": 6126
                },
                {
                    "val": "php",
                    "count": 2739
                },
                {
                    "val": "py",
                    "count": 2703
                },
                {
                    "val": "ts",
                    "count": 2053
                },
                {
                    "val": "c",
                    "count": 1733
                }
            ]
        },
        {
            "property": "ncloc",
            "values": [
                {
                    "val": "*-1000.0",
                    "count": 28145
                },
                {
                    "val": "1000.0-10000.0",
                    "count": 18878
                },
                {
                    "val": "10000.0-100000.0",
                    "count": 10810
                },
                {
                    "val": "100000.0-500000.0",
                    "count": 1997
                },
                {
                    "val": "500000.0-*",
                    "count": 378
                }
            ]
        }
    ]
}