{
    "paging": {
        "pageIndex": 866,
        "pageSize": 10,
        "total": 32066
    },
    "organizations": [
        {
            "key": "marketto-github",
            "name": "Marco"
        },
        {
            "key": "realigned",
            "name": "realigned"
        },
        {
            "key": "jacobcov-github",
            "name": "Home"
        },
        {
            "key": "ionutferaru-bitbucket",
            "name": "Ionut Feraru"
        },
        {
            "key": "mc1098-github",
            "name": "mc1098"
        },
        {
            "key": "zunc-github",
            "name": "dungcoi"
        },
        {
            "key": "vessels-tech",
            "name": "Vessels Tech"
        },
        {
            "key": "muralito",
            "name": "muralito"
        },
        {
            "key": "larrys",
            "name": "Larry Shatzer, Jr."
        },
        {
            "key": "fjp1jlkt1iuh4afm159x760xoz81xl3",
            "name": "Mercadolibre"
        }
    ],
    "components": [
        {
            "organization": "zunc-github",
            "key": "zunc_mjs",
            "name": "mjs",
            "tags": [],
            "visibility": "public",
            "isNew": false
        },
        {
            "organization": "marketto-github",
            "key": "mkServiceDesigner",
            "name": "mk-service-designer",
            "tags": [
                "typescript",
                "angular",
                "html",
                "json",
                "less",
                "jsonschema",
                "wsdl"
            ],
            "visibility": "public",
            "isNew": false
        },
        {
            "organization": "mc1098-github",
            "key": "com.mc1098:mk_EventStore",
            "name": "mk_EventStore",
            "tags": [],
            "visibility": "public",
            "isNew": false
        },
        {
            "organization": "muralito",
            "key": "muralito_mkgmap",
            "name": "mkgmap",
            "tags": [],
            "visibility": "public",
            "eligibilityStatus": "COMPLETED",
            "eligible": false,
            "isNew": false
        },
        {
            "organization": "vessels-tech",
            "key": "vessels-tech_ml-api-adapter",
            "name": "ml-api-adapter",
            "tags": [],
            "visibility": "public",
            "isNew": false
        },
        {
            "organization": "fjp1jlkt1iuh4afm159x760xoz81xl3",
            "key": "com.mercadolibre:mlgalaxy",
            "name": "mlgalaxy",
            "tags": [],
            "visibility": "public",
            "isNew": false
        },
        {
            "organization": "ionutferaru-bitbucket",
            "key": "com.iquestgroup:mlp-ga",
            "name": "mlp-ga",
            "tags": [],
            "visibility": "public",
            "isNew": false
        },
        {
            "organization": "realigned",
            "key": "com.realigned:mls-search",
            "name": "mls-search",
            "tags": [],
            "visibility": "public",
            "isNew": false
        },
        {
            "organization": "jacobcov-github",
            "key": "MLTAscend",
            "name": "MLTAscend",
            "tags": [],
            "visibility": "public",
            "isNew": false
        },
        {
            "organization": "larrys",
            "key": "larrys_mltk-algo-contrib",
            "name": "mltk-algo-contrib",
            "tags": [],
            "visibility": "public",
            "eligibilityStatus": "COMPLETED",
            "eligible": true,
            "isNew": false
        }
    ],
    "facets": [
        {
            "property": "languages",
            "values": [
                {
                    "val": "xml",
                    "count": 14842
                },
                {
                    "val": "web",
                    "count": 13243
                },
                {
                    "val": "java",
                    "count": 13146
                },
                {
                    "val": "css",
                    "count": 11599
                },
                {
                    "val": "js",
                    "count": 11508
                },
                {
                    "val": "cs",
                    "count": 6126
                },
                {
                    "val": "php",
                    "count": 2740
                },
                {
                    "val": "py",
                    "count": 2703
                },
                {
                    "val": "ts",
                    "count": 2054
                },
                {
                    "val": "c",
                    "count": 1733
                }
            ]
        },
        {
            "property": "ncloc",
            "values": [
                {
                    "val": "*-1000.0",
                    "count": 28146
                },
                {
                    "val": "1000.0-10000.0",
                    "count": 18880
                },
                {
                    "val": "10000.0-100000.0",
                    "count": 10810
                },
                {
                    "val": "100000.0-500000.0",
                    "count": 1998
                },
                {
                    "val": "500000.0-*",
                    "count": 378
                }
            ]
        }
    ]
}