{
    "paging": {
        "pageIndex": 734,
        "pageSize": 10,
        "total": 32072
    },
    "organizations": [
        {
            "key": "aliskair-github",
            "name": "aliskair"
        },
        {
            "key": "chenhg5-github",
            "name": "cg33"
        },
        {
            "key": "twerl-github",
            "name": "Twerl"
        },
        {
            "key": "hmcts",
            "name": "HMCTS"
        },
        {
            "key": "rour-github",
            "name": "RouR"
        },
        {
            "key": "autobake",
            "name": "autobake"
        },
        {
            "key": "folio-org",
            "name": "folio-org"
        },
        {
            "key": "eerkunt-github",
            "name": "Emre Erkunt"
        },
        {
            "key": "aws-ec2rescue-linux",
            "name": "aws-ec2rescue-linux"
        },
        {
            "key": "neueda-blu-corner",
            "name": "blu-corner"
        }
    ],
    "components": [
        {
            "organization": "rour-github",
            "key": "microdocum",
            "name": "microdocum",
            "tags": [],
            "visibility": "public",
            "isNew": false
        },
        {
            "organization": "chenhg5-github",
            "key": "morningo",
            "name": "morningo",
            "tags": [],
            "visibility": "public",
            "isNew": false
        },
        {
            "organization": "autobake",
            "key": "project-autobake:feature-time",
            "name": "project-autobake feature-time",
            "tags": [],
            "visibility": "public",
            "isNew": false
        },
        {
            "organization": "twerl-github",
            "key": "sem-project:gameScreenController-refactor",
            "name": "sem-project gameScreenController-refactor",
            "tags": [],
            "visibility": "public",
            "isNew": false
        },
        {
            "organization": "eerkunt-github",
            "key": "terraform-compliance",
            "name": "terraform-compliance",
            "tags": [],
            "visibility": "public",
            "isNew": false
        },
        {
            "organization": "folio-org",
            "key": "org.folio:ui-eholdings",
            "name": "ui-eholdings",
            "tags": [
                "dev-spitfire",
                "e-holdings"
            ],
            "visibility": "public",
            "isNew": false
        },
        {
            "organization": "aws-ec2rescue-linux",
            "key": "aws-ec2rescue-linux:develop",
            "name": "AWS EC2 Rescue for Linux develop",
            "tags": [],
            "visibility": "public",
            "isNew": false
        },
        {
            "organization": "aliskair-github",
            "key": "darkchess-Aliskair",
            "name": "darkchess",
            "tags": [],
            "visibility": "public",
            "isNew": false
        },
        {
            "organization": "hmcts",
            "key": "DivorceRespondentFrontend",
            "name": "DivorceRespondent :: frontend",
            "tags": [],
            "visibility": "public",
            "isNew": false
        },
        {
            "organization": "neueda-blu-corner",
            "key": "blu-corner_fosdk",
            "name": "fosdk",
            "tags": [],
            "visibility": "public",
            "isNew": false
        }
    ],
    "facets": [
        {
            "property": "languages",
            "values": [
                {
                    "val": "xml",
                    "count": 14844
                },
                {
                    "val": "web",
                    "count": 13245
                },
                {
                    "val": "java",
                    "count": 13148
                },
                {
                    "val": "css",
                    "count": 11600
                },
                {
                    "val": "js",
                    "count": 11510
                },
                {
                    "val": "cs",
                    "count": 6127
                },
                {
                    "val": "php",
                    "count": 2740
                },
                {
                    "val": "py",
                    "count": 2703
                },
                {
                    "val": "ts",
                    "count": 2054
                },
                {
                    "val": "c",
                    "count": 1733
                }
            ]
        },
        {
            "property": "ncloc",
            "values": [
                {
                    "val": "*-1000.0",
                    "count": 28145
                },
                {
                    "val": "1000.0-10000.0",
                    "count": 18884
                },
                {
                    "val": "10000.0-100000.0",
                    "count": 10812
                },
                {
                    "val": "100000.0-500000.0",
                    "count": 1998
                },
                {
                    "val": "500000.0-*",
                    "count": 378
                }
            ]
        }
    ]
}