{
    "paging": {
        "pageIndex": 646,
        "pageSize": 10,
        "total": 32068
    },
    "organizations": [
        {
            "key": "modpr0be-github",
            "name": "Thomas Gregory"
        },
        {
            "key": "thanarino",
            "name": "Jonathan Arino"
        },
        {
            "key": "sz3n-github",
            "name": "yi"
        },
        {
            "key": "talonway",
            "name": "TalonWay"
        },
        {
            "key": "tobunce",
            "name": "Todd Bunce"
        },
        {
            "key": "stephanieleclerc-github",
            "name": "Stephanie Leclerc"
        },
        {
            "key": "vulnapptest",
            "name": "vulnapptest"
        },
        {
            "key": "siarheistar",
            "name": "siarheistar"
        },
        {
            "key": "chrislab",
            "name": "chrislab"
        },
        {
            "key": "nymarya-github",
            "name": "Mayra Azevedo"
        }
    ],
    "components": [
        {
            "organization": "stephanieleclerc-github",
            "key": "stephanieleclerc_DVWA",
            "name": "DVWA",
            "tags": [],
            "visibility": "public",
            "isNew": false
        },
        {
            "organization": "sz3n-github",
            "key": "sz3n_DVWA",
            "name": "DVWA",
            "tags": [],
            "visibility": "public",
            "isNew": false
        },
        {
            "organization": "thanarino",
            "key": "thanarino_DVWA",
            "name": "DVWA",
            "tags": [],
            "visibility": "public",
            "isNew": false
        },
        {
            "organization": "tobunce",
            "key": "tobunce_DVWA",
            "name": "DVWA",
            "tags": [],
            "visibility": "public",
            "isNew": false
        },
        {
            "organization": "modpr0be-github",
            "key": "dvwa-scan",
            "name": "DVWA Scan",
            "tags": [],
            "visibility": "public",
            "isNew": false
        },
        {
            "organization": "siarheistar",
            "key": "siarheistar_DVWA-master",
            "name": "DVWA-master",
            "tags": [],
            "visibility": "public",
            "eligibilityStatus": "COMPLETED",
            "eligible": true,
            "isNew": false
        },
        {
            "organization": "talonway",
            "key": "TalonWay_DVWA-master-new",
            "name": "DVWA-master-new",
            "tags": [],
            "visibility": "public",
            "isNew": false
        },
        {
            "organization": "vulnapptest",
            "key": "DVWA-PBX",
            "name": "DVWA-PBX",
            "tags": [],
            "visibility": "public",
            "isNew": false
        },
        {
            "organization": "chrislab",
            "key": "DVWA-test",
            "name": "DVWA-test",
            "tags": [],
            "visibility": "public",
            "isNew": false
        },
        {
            "organization": "nymarya-github",
            "key": "events.grupo:events.artifact",
            "name": "events.artifact",
            "tags": [],
            "visibility": "public",
            "isNew": false
        }
    ],
    "facets": [
        {
            "property": "languages",
            "values": [
                {
                    "val": "xml",
                    "count": 14842
                },
                {
                    "val": "web",
                    "count": 13244
                },
                {
                    "val": "java",
                    "count": 13146
                },
                {
                    "val": "css",
                    "count": 11600
                },
                {
                    "val": "js",
                    "count": 11509
                },
                {
                    "val": "cs",
                    "count": 6127
                },
                {
                    "val": "php",
                    "count": 2740
                },
                {
                    "val": "py",
                    "count": 2703
                },
                {
                    "val": "ts",
                    "count": 2054
                },
                {
                    "val": "c",
                    "count": 1733
                }
            ]
        },
        {
            "property": "ncloc",
            "values": [
                {
                    "val": "*-1000.0",
                    "count": 28145
                },
                {
                    "val": "1000.0-10000.0",
                    "count": 18881
                },
                {
                    "val": "10000.0-100000.0",
                    "count": 10811
                },
                {
                    "val": "100000.0-500000.0",
                    "count": 1998
                },
                {
                    "val": "500000.0-*",
                    "count": 378
                }
            ]
        }
    ]
}