{
    "paging": {
        "pageIndex": 128,
        "pageSize": 10,
        "total": 32064
    },
    "organizations": [
        {
            "key": "cbdc",
            "name": "cbdc"
        },
        {
            "key": "padriano",
            "name": "Nuno Padriano"
        },
        {
            "key": "lmsv73-github",
            "name": "lmsv73"
        },
        {
            "key": "rapiddive",
            "name": "RapidDive"
        },
        {
            "key": "dplabs",
            "name": "dplabs"
        },
        {
            "key": "bentobox-world",
            "name": "bentobox-world"
        },
        {
            "key": "catrenelle-github",
            "name": "Catherine Renelle"
        },
        {
            "key": "acgetchell-github",
            "name": "Adam Getchell"
        }
    ],
    "components": [
        {
            "organization": "catrenelle-github",
            "key": "CatBot",
            "name": "CatBot",
            "tags": [],
            "visibility": "public",
            "isNew": false
        },
        {
            "organization": "rapiddive",
            "key": "rapiddive_catchtheweb-barclay-epdq-payment-gateway",
            "name": "catchtheweb-barclay-epdq-payment-gateway",
            "tags": [],
            "visibility": "public",
            "isNew": false
        },
        {
            "organization": "padriano",
            "key": "padriano_catpeds",
            "name": "CatPeds project",
            "tags": [],
            "visibility": "public",
            "isNew": false
        },
        {
            "organization": "acgetchell-github",
            "key": "CDT-plusplus",
            "name": "Causal Dynamical Triangulations in C++ using CGAL",
            "tags": [],
            "visibility": "public",
            "isNew": false
        },
        {
            "organization": "acgetchell-github",
            "key": "CDT-plusplus:develop",
            "name": "Causal Dynamical Triangulations in C++ using CGAL develop",
            "tags": [],
            "visibility": "public",
            "isNew": false
        },
        {
            "organization": "lmsv73-github",
            "key": "cave-a-vins-client",
            "name": "cave-a-vins-client",
            "tags": [],
            "visibility": "public",
            "isNew": false
        },
        {
            "organization": "lmsv73-github",
            "key": "cave-a-vins-server",
            "name": "cave-a-vins-server",
            "tags": [],
            "visibility": "public",
            "isNew": false
        },
        {
            "organization": "bentobox-world",
            "key": "BentoBoxWorld_CaveBlock",
            "name": "CaveBlock",
            "tags": [],
            "visibility": "public",
            "isNew": false
        },
        {
            "organization": "cbdc",
            "key": "cbdc",
            "name": "CBDC",
            "tags": [],
            "visibility": "public",
            "isNew": false
        },
        {
            "organization": "dplabs",
            "key": "dplabs_cbox",
            "name": "cbox",
            "tags": [],
            "visibility": "public",
            "isNew": false
        }
    ],
    "facets": [
        {
            "property": "languages",
            "values": [
                {
                    "val": "xml",
                    "count": 14842
                },
                {
                    "val": "web",
                    "count": 13242
                },
                {
                    "val": "java",
                    "count": 13146
                },
                {
                    "val": "css",
                    "count": 11597
                },
                {
                    "val": "js",
                    "count": 11505
                },
                {
                    "val": "cs",
                    "count": 6126
                },
                {
                    "val": "php",
                    "count": 2740
                },
                {
                    "val": "py",
                    "count": 2703
                },
                {
                    "val": "ts",
                    "count": 2053
                },
                {
                    "val": "c",
                    "count": 1733
                }
            ]
        },
        {
            "property": "ncloc",
            "values": [
                {
                    "val": "*-1000.0",
                    "count": 28144
                },
                {
                    "val": "1000.0-10000.0",
                    "count": 18878
                },
                {
                    "val": "10000.0-100000.0",
                    "count": 10811
                },
                {
                    "val": "100000.0-500000.0",
                    "count": 1997
                },
                {
                    "val": "500000.0-*",
                    "count": 378
                }
            ]
        }
    ]
}