{
    "paging": {
        "pageIndex": 471,
        "pageSize": 10,
        "total": 32075
    },
    "organizations": [
        {
            "key": "revaturelabs-screenforce",
            "name": "Revature Labs"
        }
    ],
    "components": [
        {
            "organization": "revaturelabs-screenforce",
            "key": "caliber-2-quality-audit-service:pr/68",
            "name": "caliber-quality-audit-service pr/68",
            "tags": [],
            "visibility": "public",
            "isNew": false
        },
        {
            "organization": "revaturelabs-screenforce",
            "key": "caliber-2-quality-audit-service:pr/69",
            "name": "caliber-quality-audit-service pr/69",
            "tags": [],
            "visibility": "public",
            "isNew": false
        },
        {
            "organization": "revaturelabs-screenforce",
            "key": "caliber-2-quality-audit-service:pr/70",
            "name": "caliber-quality-audit-service pr/70",
            "tags": [],
            "visibility": "public",
            "isNew": false
        },
        {
            "organization": "revaturelabs-screenforce",
            "key": "caliber-2-quality-audit-service:pr/71",
            "name": "caliber-quality-audit-service pr/71",
            "tags": [],
            "visibility": "public",
            "isNew": false
        },
        {
            "organization": "revaturelabs-screenforce",
            "key": "caliber-2-quality-audit-service:pr/72",
            "name": "caliber-quality-audit-service pr/72",
            "tags": [],
            "visibility": "public",
            "isNew": false
        },
        {
            "organization": "revaturelabs-screenforce",
            "key": "caliber-2-quality-audit-service:pr/73",
            "name": "caliber-quality-audit-service pr/73",
            "tags": [],
            "visibility": "public",
            "isNew": false
        },
        {
            "organization": "revaturelabs-screenforce",
            "key": "caliber-2-quality-audit-service:pr/74",
            "name": "caliber-quality-audit-service pr/74",
            "tags": [],
            "visibility": "public",
            "isNew": false
        },
        {
            "organization": "revaturelabs-screenforce",
            "key": "caliber-2-quality-audit-service:pr/75",
            "name": "caliber-quality-audit-service pr/75",
            "tags": [],
            "visibility": "public",
            "isNew": false
        },
        {
            "organization": "revaturelabs-screenforce",
            "key": "caliber-2-quality-audit-service:pr/76",
            "name": "caliber-quality-audit-service pr/76",
            "tags": [],
            "visibility": "public",
            "isNew": false
        },
        {
            "organization": "revaturelabs-screenforce",
            "key": "caliber-2-quality-audit-service:pr/77",
            "name": "caliber-quality-audit-service pr/77",
            "tags": [],
            "visibility": "public",
            "isNew": false
        }
    ],
    "facets": [
        {
            "property": "languages",
            "values": [
                {
                    "val": "xml",
                    "count": 14846
                },
                {
                    "val": "web",
                    "count": 13246
                },
                {
                    "val": "java",
                    "count": 13149
                },
                {
                    "val": "css",
                    "count": 11600
                },
                {
                    "val": "js",
                    "count": 11511
                },
                {
                    "val": "cs",
                    "count": 6127
                },
                {
                    "val": "php",
                    "count": 2740
                },
                {
                    "val": "py",
                    "count": 2704
                },
                {
                    "val": "ts",
                    "count": 2054
                },
                {
                    "val": "c",
                    "count": 1733
                }
            ]
        },
        {
            "property": "ncloc",
            "values": [
                {
                    "val": "*-1000.0",
                    "count": 28146
                },
                {
                    "val": "1000.0-10000.0",
                    "count": 18886
                },
                {
                    "val": "10000.0-100000.0",
                    "count": 10813
                },
                {
                    "val": "100000.0-500000.0",
                    "count": 1998
                },
                {
                    "val": "500000.0-*",
                    "count": 378
                }
            ]
        }
    ]
}