{
    "paging": {
        "pageIndex": 599,
        "pageSize": 10,
        "total": 32064
    },
    "organizations": [
        {
            "key": "accyolefelipe",
            "name": "Edvan Felipe Accyole"
        },
        {
            "key": "amirdeljouyi-github",
            "name": "amir"
        },
        {
            "key": "crypto733",
            "name": "Crypto733"
        },
        {
            "key": "nicolasminnig",
            "name": "NicolasMinnig"
        },
        {
            "key": "ojuolape",
            "name": "Ojuolape Obanisola"
        },
        {
            "key": "shanmuka",
            "name": "shanmuka"
        },
        {
            "key": "nibbaplis",
            "name": "Shubh Deep"
        },
        {
            "key": "access",
            "name": "ACCESS"
        },
        {
            "key": "ruslanburyy-github",
            "name": "RuslanBuryy"
        }
    ],
    "components": [
        {
            "organization": "ojuolape",
            "key": "ojuolape_courier_back_end",
            "name": "courierapp",
            "tags": [],
            "visibility": "public",
            "isNew": false
        },
        {
            "organization": "ojuolape",
            "key": "ojuolape_courier_driver_app",
            "name": "courierapp",
            "tags": [],
            "visibility": "public",
            "isNew": false
        },
        {
            "organization": "nicolasminnig",
            "key": "NicolasMinnig_cours_jee",
            "name": "cours_jee",
            "tags": [],
            "visibility": "public",
            "isNew": false
        },
        {
            "organization": "accyolefelipe",
            "key": "accyolefelipe_course-springboot",
            "name": "course",
            "tags": [],
            "visibility": "public",
            "eligibilityStatus": "COMPLETED",
            "eligible": false,
            "isNew": false
        },
        {
            "organization": "ruslanburyy-github",
            "key": "course",
            "name": "course",
            "tags": [],
            "visibility": "public",
            "isNew": false
        },
        {
            "organization": "access",
            "key": "mp-access_Backend",
            "name": "course",
            "tags": [],
            "visibility": "public",
            "isNew": false
        },
        {
            "organization": "nibbaplis",
            "key": "nibbaplis_course-prof-review",
            "name": "course-prof-review",
            "tags": [],
            "visibility": "public",
            "eligibilityStatus": "COMPLETED",
            "eligible": true,
            "isNew": false
        },
        {
            "organization": "crypto733",
            "key": "Crypto733_courseEval",
            "name": "courseEval",
            "tags": [],
            "visibility": "public",
            "eligibilityStatus": "COMPLETED",
            "eligible": false,
            "isNew": false
        },
        {
            "organization": "amirdeljouyi-github",
            "key": "amirdeljouyi_courseware",
            "name": "courseware",
            "tags": [],
            "visibility": "public",
            "isNew": false
        },
        {
            "organization": "shanmuka",
            "key": "shanmuka",
            "name": "courthouse",
            "tags": [],
            "visibility": "public",
            "isNew": false
        }
    ],
    "facets": [
        {
            "property": "languages",
            "values": [
                {
                    "val": "xml",
                    "count": 14841
                },
                {
                    "val": "web",
                    "count": 13242
                },
                {
                    "val": "java",
                    "count": 13146
                },
                {
                    "val": "css",
                    "count": 11597
                },
                {
                    "val": "js",
                    "count": 11505
                },
                {
                    "val": "cs",
                    "count": 6126
                },
                {
                    "val": "php",
                    "count": 2740
                },
                {
                    "val": "py",
                    "count": 2703
                },
                {
                    "val": "ts",
                    "count": 2053
                },
                {
                    "val": "c",
                    "count": 1733
                }
            ]
        },
        {
            "property": "ncloc",
            "values": [
                {
                    "val": "*-1000.0",
                    "count": 28144
                },
                {
                    "val": "1000.0-10000.0",
                    "count": 18879
                },
                {
                    "val": "10000.0-100000.0",
                    "count": 10810
                },
                {
                    "val": "100000.0-500000.0",
                    "count": 1997
                },
                {
                    "val": "500000.0-*",
                    "count": 378
                }
            ]
        }
    ]
}