{
    "paging": {
        "pageIndex": 676,
        "pageSize": 10,
        "total": 32068
    },
    "organizations": [
        {
            "key": "johnpock",
            "name": "johnpock"
        },
        {
            "key": "tailspin1010",
            "name": "tailspin1010"
        },
        {
            "key": "jimsshah007",
            "name": "jimsshah007"
        },
        {
            "key": "rashushreyansh",
            "name": "rashushreyansh"
        },
        {
            "key": "fnsb",
            "name": "fnsb"
        },
        {
            "key": "gsource",
            "name": "gsource"
        },
        {
            "key": "danny-arp13038",
            "name": "Danny Arp"
        },
        {
            "key": "tutorialtest",
            "name": "tutorialtest"
        },
        {
            "key": "lyes",
            "name": "lyes"
        },
        {
            "key": "space-game-web-333wz",
            "name": "space-game-web-333wz"
        }
    ],
    "components": [
        {
            "organization": "tutorialtest",
            "key": "space-game-web-331",
            "name": "space-game-web-331",
            "tags": [],
            "visibility": "public",
            "isNew": false
        },
        {
            "organization": "danny-arp13038",
            "key": "space-game-web-331085",
            "name": "space-game-web-331085",
            "tags": [],
            "visibility": "public",
            "isNew": false
        },
        {
            "organization": "jimsshah007",
            "key": "space-game-web-3312",
            "name": "space-game-web-3312",
            "tags": [],
            "visibility": "public",
            "isNew": false
        },
        {
            "organization": "gsource",
            "key": "space-game-web-3317",
            "name": "space-game-web-3317",
            "tags": [],
            "visibility": "public",
            "isNew": false
        },
        {
            "organization": "space-game-web-333wz",
            "key": "space-game-web-333wz",
            "name": "space-game-web-333",
            "tags": [],
            "visibility": "public",
            "isNew": false
        },
        {
            "organization": "rashushreyansh",
            "key": "space-game-web-5555",
            "name": "space-game-web-333",
            "tags": [],
            "visibility": "public",
            "isNew": false
        },
        {
            "organization": "johnpock",
            "key": "space-game-web-333-1",
            "name": "space-game-web-333-1",
            "tags": [],
            "visibility": "public",
            "isNew": false
        },
        {
            "organization": "tailspin1010",
            "key": "space-game-web-333-1010",
            "name": "space-game-web-333-1010",
            "tags": [],
            "visibility": "public",
            "isNew": false
        },
        {
            "organization": "lyes",
            "key": "space-game-web-333-2019",
            "name": "space-game-web-333-2019",
            "tags": [],
            "visibility": "public",
            "isNew": false
        },
        {
            "organization": "fnsb",
            "key": "space-game-web-333-333",
            "name": "space-game-web-333-333",
            "tags": [],
            "visibility": "public",
            "isNew": false
        }
    ],
    "facets": [
        {
            "property": "languages",
            "values": [
                {
                    "val": "xml",
                    "count": 14842
                },
                {
                    "val": "web",
                    "count": 13244
                },
                {
                    "val": "java",
                    "count": 13146
                },
                {
                    "val": "css",
                    "count": 11600
                },
                {
                    "val": "js",
                    "count": 11509
                },
                {
                    "val": "cs",
                    "count": 6127
                },
                {
                    "val": "php",
                    "count": 2740
                },
                {
                    "val": "py",
                    "count": 2703
                },
                {
                    "val": "ts",
                    "count": 2054
                },
                {
                    "val": "c",
                    "count": 1733
                }
            ]
        },
        {
            "property": "ncloc",
            "values": [
                {
                    "val": "*-1000.0",
                    "count": 28145
                },
                {
                    "val": "1000.0-10000.0",
                    "count": 18881
                },
                {
                    "val": "10000.0-100000.0",
                    "count": 10811
                },
                {
                    "val": "100000.0-500000.0",
                    "count": 1998
                },
                {
                    "val": "500000.0-*",
                    "count": 378
                }
            ]
        }
    ]
}