{
    "paging": {
        "pageIndex": 66,
        "pageSize": 10,
        "total": 32063
    },
    "organizations": [
        {
            "key": "null-null39571",
            "name": "null null"
        },
        {
            "key": "lukasmeiliunas",
            "name": "lukasmeiliunas"
        },
        {
            "key": "bluebotsonar",
            "name": "BluebotSonar"
        },
        {
            "key": "java-brave-warriors",
            "name": "Java Brave Warriors"
        },
        {
            "key": "x00129492",
            "name": "x00129492"
        },
        {
            "key": "acumos",
            "name": "Acumos"
        },
        {
            "key": "vtraineau-github",
            "name": "vtraineau"
        },
        {
            "key": "bloodpressuredoc",
            "name": "bloodpressuredoc"
        },
        {
            "key": "carltesting",
            "name": "carltesting"
        },
        {
            "key": "kenhosr-github",
            "name": "kenhosr"
        }
    ],
    "components": [
        {
            "organization": "java-brave-warriors",
            "key": "JavaBraveWarriors_BlogRest",
            "name": "BlogRest",
            "tags": [],
            "visibility": "public",
            "isNew": false
        },
        {
            "organization": "vtraineau-github",
            "key": "vtraineau_blokish-testing-travis",
            "name": "blokish-testing-travis",
            "tags": [],
            "visibility": "public",
            "isNew": false
        },
        {
            "organization": "bloodpressuredoc",
            "key": "bloodpressureproj",
            "name": "bloodpressureproj",
            "tags": [],
            "visibility": "public",
            "isNew": false
        },
        {
            "organization": "kenhosr-github",
            "key": "kenhosr_bluebird",
            "name": "bluebird",
            "tags": [],
            "visibility": "public",
            "isNew": false
        },
        {
            "organization": "bluebotsonar",
            "key": "bluebotkey",
            "name": "BlueBot",
            "tags": [],
            "visibility": "public",
            "isNew": false
        },
        {
            "organization": "acumos",
            "key": "acumos_runtime-orchestrator",
            "name": "BlueprintOrchestrator",
            "tags": [],
            "visibility": "public",
            "isNew": false
        },
        {
            "organization": "null-null39571",
            "key": "BMISonar",
            "name": "BMI",
            "tags": [],
            "visibility": "public",
            "isNew": false
        },
        {
            "organization": "carltesting",
            "key": "bmi-test",
            "name": "bmi-test",
            "tags": [],
            "visibility": "public",
            "isNew": false
        },
        {
            "organization": "lukasmeiliunas",
            "key": "bmiCa2",
            "name": "bmiCa2",
            "tags": [],
            "visibility": "public",
            "isNew": false
        },
        {
            "organization": "x00129492",
            "key": "bmiCalculator:Sonar",
            "name": "bmiCalculatorSonar",
            "tags": [],
            "visibility": "public",
            "isNew": false
        }
    ],
    "facets": [
        {
            "property": "languages",
            "values": [
                {
                    "val": "xml",
                    "count": 14841
                },
                {
                    "val": "web",
                    "count": 13242
                },
                {
                    "val": "java",
                    "count": 13146
                },
                {
                    "val": "css",
                    "count": 11597
                },
                {
                    "val": "js",
                    "count": 11505
                },
                {
                    "val": "cs",
                    "count": 6126
                },
                {
                    "val": "php",
                    "count": 2739
                },
                {
                    "val": "py",
                    "count": 2703
                },
                {
                    "val": "ts",
                    "count": 2053
                },
                {
                    "val": "c",
                    "count": 1733
                }
            ]
        },
        {
            "property": "ncloc",
            "values": [
                {
                    "val": "*-1000.0",
                    "count": 28145
                },
                {
                    "val": "1000.0-10000.0",
                    "count": 18878
                },
                {
                    "val": "10000.0-100000.0",
                    "count": 10810
                },
                {
                    "val": "100000.0-500000.0",
                    "count": 1997
                },
                {
                    "val": "500000.0-*",
                    "count": 378
                }
            ]
        }
    ]
}