{
    "paging": {
        "pageIndex": 902,
        "pageSize": 10,
        "total": 32063
    },
    "organizations": [
        {
            "key": "jayjwang04-bitbucket",
            "name": "Jay J Wang"
        },
        {
            "key": "jai2shukla",
            "name": "Shatrunjay Shukla"
        },
        {
            "key": "sujitks-github",
            "name": "Sujit Singh"
        },
        {
            "key": "tugkan84-github",
            "name": "Birkan Tu\u011fcu"
        },
        {
            "key": "danielkraft",
            "name": "Daniel Kraft"
        },
        {
            "key": "damnms-github",
            "name": "damnms"
        },
        {
            "key": "gokultest",
            "name": "gokultest"
        },
        {
            "key": "ilab-dev",
            "name": "iLAB-Dev"
        },
        {
            "key": "wlodarzmar-github",
            "name": "wlodarzmar"
        }
    ],
    "components": [
        {
            "organization": "jai2shukla",
            "key": "1eaa6092ff10595e82503262f26ee9fbc3b0f0e2",
            "name": "IKEA_DWP_IOS",
            "tags": [],
            "visibility": "public",
            "isNew": false
        },
        {
            "organization": "jai2shukla",
            "key": "jai2shukla_IKEA_DWP_IOS",
            "name": "IKEA_DWP_IOS",
            "tags": [],
            "visibility": "public",
            "eligibilityStatus": "COMPLETED",
            "eligible": true,
            "isNew": false
        },
        {
            "organization": "wlodarzmar-github",
            "key": "ikudo",
            "name": "ikudo",
            "tags": [],
            "visibility": "public",
            "isNew": false
        },
        {
            "organization": "ilab-dev",
            "key": "iLAB-Dev-Intranet",
            "name": "iLAB-Dev-Intranet",
            "tags": [],
            "visibility": "public",
            "isNew": false
        },
        {
            "organization": "damnms-github",
            "key": "damnms_Ilch-2.0",
            "name": "Ilch-2.0",
            "tags": [],
            "visibility": "public",
            "isNew": false
        },
        {
            "organization": "tugkan84-github",
            "key": "bb3ca79c-1dfb-45fe-9740-d0079b87ab62",
            "name": "IlkDenem",
            "tags": [],
            "visibility": "public",
            "isNew": false
        },
        {
            "organization": "danielkraft",
            "key": "DanielKraft_illumi-code-ddd:sonar-jacoco",
            "name": "illumi-code-ddd",
            "tags": [],
            "visibility": "public",
            "isNew": false
        },
        {
            "organization": "jayjwang04-bitbucket",
            "key": "ilms_ss_sessionmanager_0001",
            "name": "ILMS Self Service",
            "tags": [],
            "visibility": "public",
            "isNew": false
        },
        {
            "organization": "sujitks-github",
            "key": "ILR-Learner-Entry",
            "name": "ILR-Learner-Entry",
            "tags": [],
            "visibility": "public",
            "isNew": false
        },
        {
            "organization": "gokultest",
            "key": "ilsnew",
            "name": "Ilsproject",
            "tags": [],
            "visibility": "public",
            "isNew": false
        }
    ],
    "facets": [
        {
            "property": "languages",
            "values": [
                {
                    "val": "xml",
                    "count": 14840
                },
                {
                    "val": "web",
                    "count": 13241
                },
                {
                    "val": "java",
                    "count": 13146
                },
                {
                    "val": "css",
                    "count": 11596
                },
                {
                    "val": "js",
                    "count": 11504
                },
                {
                    "val": "cs",
                    "count": 6126
                },
                {
                    "val": "php",
                    "count": 2739
                },
                {
                    "val": "py",
                    "count": 2703
                },
                {
                    "val": "ts",
                    "count": 2053
                },
                {
                    "val": "c",
                    "count": 1733
                }
            ]
        },
        {
            "property": "ncloc",
            "values": [
                {
                    "val": "*-1000.0",
                    "count": 28143
                },
                {
                    "val": "1000.0-10000.0",
                    "count": 18879
                },
                {
                    "val": "10000.0-100000.0",
                    "count": 10810
                },
                {
                    "val": "100000.0-500000.0",
                    "count": 1996
                },
                {
                    "val": "500000.0-*",
                    "count": 378
                }
            ]
        }
    ]
}