{
    "paging": {
        "pageIndex": 241,
        "pageSize": 10,
        "total": 32068
    },
    "organizations": [
        {
            "key": "aab5e812a50c83155a5968a9a772e66f499f3295",
            "name": "aab5e812a50c83155a5968a9a772e66f499f3295"
        },
        {
            "key": "cmadala85",
            "name": "cmadala85"
        },
        {
            "key": "mysonarkey",
            "name": "mysonarkey"
        },
        {
            "key": "maulanayusupp",
            "name": "Maulana Yusup Abdullah"
        },
        {
            "key": "1111111111111111111111111111111111",
            "name": "1111111111111111111111111111111111"
        },
        {
            "key": "lightspeeddevelopment",
            "name": "LightSpeed WordPress Development"
        },
        {
            "key": "1-tvd",
            "name": "TrivadisTest"
        },
        {
            "key": "j33tu",
            "name": "Jitendra Singh"
        },
        {
            "key": "anpa0801",
            "name": "anpa0801"
        },
        {
            "key": "etrich-github",
            "name": "etrich"
        }
    ],
    "components": [
        {
            "organization": "maulanayusupp",
            "key": "maulanayusupp_image",
            "name": "image",
            "tags": [],
            "visibility": "public",
            "eligibilityStatus": "COMPLETED",
            "eligible": true,
            "isNew": false
        },
        {
            "organization": "etrich-github",
            "key": "test11",
            "name": "test11",
            "tags": [],
            "visibility": "public",
            "isNew": false
        },
        {
            "organization": "lightspeeddevelopment",
            "key": "lightspeeddevelopment_tour-operator",
            "name": "tour-operator",
            "tags": [],
            "visibility": "public",
            "isNew": false
        },
        {
            "organization": "1-tvd",
            "key": "1-demo",
            "name": "1-demo",
            "tags": [],
            "visibility": "public",
            "isNew": false
        },
        {
            "organization": "cmadala85",
            "key": "1234abcd",
            "name": "1234abcd",
            "tags": [],
            "visibility": "public",
            "isNew": false
        },
        {
            "organization": "anpa0801",
            "key": "3552b3c75c71d0fdd0667f2898611dd9ec532419",
            "name": "3552b3c75c71d0fdd0667f2898611dd9ec532419",
            "tags": [],
            "visibility": "public",
            "isNew": false
        },
        {
            "organization": "j33tu",
            "key": "745311f7dc39af53f30a4190852a57d35ad5c1f3",
            "name": "745311f7dc39af53f30a4190852a57d35ad5c1f3",
            "tags": [],
            "visibility": "public",
            "isNew": false
        },
        {
            "organization": "mysonarkey",
            "key": "537e87b8c7867b211c02f347914a3fb8e2462f9a",
            "name": "a",
            "tags": [],
            "visibility": "public",
            "isNew": false
        },
        {
            "organization": "1111111111111111111111111111111111",
            "key": "aaaaaaaaaaaa",
            "name": "aaaaaaaaaaaa",
            "tags": [],
            "visibility": "public",
            "isNew": false
        },
        {
            "organization": "aab5e812a50c83155a5968a9a772e66f499f3295",
            "key": "aab5e812a50c83155a5968a9a772e66f499f3295",
            "name": "aab5e812a50c83155a5968a9a772e66f499f3295",
            "tags": [],
            "visibility": "public",
            "isNew": false
        }
    ],
    "facets": [
        {
            "property": "languages",
            "values": [
                {
                    "val": "xml",
                    "count": 14842
                },
                {
                    "val": "web",
                    "count": 13244
                },
                {
                    "val": "java",
                    "count": 13146
                },
                {
                    "val": "css",
                    "count": 11600
                },
                {
                    "val": "js",
                    "count": 11509
                },
                {
                    "val": "cs",
                    "count": 6127
                },
                {
                    "val": "php",
                    "count": 2740
                },
                {
                    "val": "py",
                    "count": 2703
                },
                {
                    "val": "ts",
                    "count": 2054
                },
                {
                    "val": "c",
                    "count": 1733
                }
            ]
        },
        {
            "property": "ncloc",
            "values": [
                {
                    "val": "*-1000.0",
                    "count": 28145
                },
                {
                    "val": "1000.0-10000.0",
                    "count": 18881
                },
                {
                    "val": "10000.0-100000.0",
                    "count": 10811
                },
                {
                    "val": "100000.0-500000.0",
                    "count": 1998
                },
                {
                    "val": "500000.0-*",
                    "count": 378
                }
            ]
        }
    ]
}