{
    "paging": {
        "pageIndex": 170,
        "pageSize": 10,
        "total": 32071
    },
    "organizations": [
        {
            "key": "lazydevelopment-bitbucket",
            "name": "Konstantin"
        },
        {
            "key": "team-three-lsd",
            "name": "team-three-lsd"
        },
        {
            "key": "fgaravaglia-github",
            "name": "Francesco Garavaglia"
        },
        {
            "key": "gerardryan1989-github",
            "name": "GerardRyan1989"
        },
        {
            "key": "nodulusteam-github",
            "name": "Roi ben haim"
        },
        {
            "key": "slt-programmers",
            "name": "slt-programmers"
        },
        {
            "key": "folio-org",
            "name": "folio-org"
        },
        {
            "key": "drexat-1",
            "name": "Mathias Draxler"
        },
        {
            "key": "papaya",
            "name": "Papaya"
        },
        {
            "key": "tk-codes-github",
            "name": "Keerthikan TK"
        }
    ],
    "components": [
        {
            "organization": "nodulusteam-github",
            "key": "nodulusteam_-methodus-server",
            "name": "methodus",
            "tags": [],
            "visibility": "public",
            "isNew": false
        },
        {
            "organization": "papaya",
            "key": "papaya-backend",
            "name": "papaya-backend",
            "tags": [],
            "visibility": "public",
            "isNew": false
        },
        {
            "organization": "gerardryan1989-github",
            "key": "sonar.Car_Rental_System",
            "name": "sonar.Car_Rental_System",
            "tags": [],
            "visibility": "public",
            "isNew": false
        },
        {
            "organization": "folio-org",
            "key": "org.folio:ui-erm-usage",
            "name": "ui-erm-usage",
            "tags": [
                "erm",
                "dev-leipzig"
            ],
            "visibility": "public",
            "isNew": false
        },
        {
            "organization": "tk-codes-github",
            "key": "lazo-test",
            "name": "lazo-test",
            "tags": [],
            "visibility": "public",
            "isNew": false
        },
        {
            "organization": "team-three-lsd",
            "key": "lsd-backend",
            "name": "Backend",
            "tags": [],
            "visibility": "public",
            "isNew": false
        },
        {
            "organization": "slt-programmers",
            "key": "slt-programmers_macrologBackend",
            "name": "macrologBackend",
            "tags": [],
            "visibility": "public",
            "isNew": false
        },
        {
            "organization": "lazydevelopment-bitbucket",
            "key": "LazyDevelopment:Lister",
            "name": "Lister",
            "tags": [
                "java",
                "maven",
                "jar"
            ],
            "visibility": "public",
            "isNew": false
        },
        {
            "organization": "fgaravaglia-github",
            "key": "CLIArgumentParserLibrary",
            "name": "CLIArgumentParserLibrary",
            "tags": [],
            "visibility": "public",
            "isNew": false
        },
        {
            "organization": "drexat-1",
            "key": "ExclusiveCarRental",
            "name": "ExclusiveCarRental generated by jhipster",
            "tags": [],
            "visibility": "public",
            "isNew": false
        }
    ],
    "facets": [
        {
            "property": "languages",
            "values": [
                {
                    "val": "xml",
                    "count": 14844
                },
                {
                    "val": "web",
                    "count": 13244
                },
                {
                    "val": "java",
                    "count": 13148
                },
                {
                    "val": "css",
                    "count": 11599
                },
                {
                    "val": "js",
                    "count": 11509
                },
                {
                    "val": "cs",
                    "count": 6127
                },
                {
                    "val": "php",
                    "count": 2740
                },
                {
                    "val": "py",
                    "count": 2703
                },
                {
                    "val": "ts",
                    "count": 2054
                },
                {
                    "val": "c",
                    "count": 1733
                }
            ]
        },
        {
            "property": "ncloc",
            "values": [
                {
                    "val": "*-1000.0",
                    "count": 28144
                },
                {
                    "val": "1000.0-10000.0",
                    "count": 18883
                },
                {
                    "val": "10000.0-100000.0",
                    "count": 10812
                },
                {
                    "val": "100000.0-500000.0",
                    "count": 1998
                },
                {
                    "val": "500000.0-*",
                    "count": 378
                }
            ]
        }
    ]
}