{
    "paging": {
        "pageIndex": 152,
        "pageSize": 10,
        "total": 32066
    },
    "organizations": [
        {
            "key": "gregtrevellick-github",
            "name": "Greg Trevellick"
        },
        {
            "key": "azuredevopss",
            "name": "azuredevopss"
        },
        {
            "key": "assafushy-github",
            "name": "assafushy"
        },
        {
            "key": "azuredevopsscrumproject",
            "name": "azuredevopsscrumproject"
        },
        {
            "key": "braafhart-matt76134",
            "name": "Braafhart, Matt"
        },
        {
            "key": "sudhirdevops",
            "name": "sudhirdevops"
        },
        {
            "key": "geduartev-github",
            "name": "Gabriel Eduardo Duarte Vega"
        },
        {
            "key": "julio-cesar-zepeda-alvarez14203",
            "name": "Julio Cesar Zepeda Alvarez"
        }
    ],
    "components": [
        {
            "organization": "assafushy-github",
            "key": "assafushy_azureDevOpsBi",
            "name": "azureDevOpsBi",
            "tags": [],
            "visibility": "public",
            "isNew": false
        },
        {
            "organization": "gregtrevellick-github",
            "key": "AzureDevOpsBlazorRadiator",
            "name": "AzureDevOpsBlazorRadiator",
            "tags": [],
            "visibility": "public",
            "isNew": false
        },
        {
            "organization": "gregtrevellick-github",
            "key": "GregTrevellick_AzureDevOpsBlazorRadiator",
            "name": "AzureDevOpsBlazorRadiator",
            "tags": [],
            "visibility": "public",
            "isNew": false
        },
        {
            "organization": "braafhart-matt76134",
            "key": "AzureDevOpsCore",
            "name": "AzureDevOpsCore",
            "tags": [],
            "visibility": "public",
            "isNew": false
        },
        {
            "organization": "julio-cesar-zepeda-alvarez14203",
            "key": "unlimiteddemo",
            "name": "azuredevopsdemo",
            "tags": [],
            "visibility": "public",
            "isNew": false
        },
        {
            "organization": "geduartev-github",
            "key": "ea4c1c879dc20d78eed54a93251a6484401e2051",
            "name": "azuredevopsgeduartevoutlook",
            "tags": [],
            "visibility": "public",
            "isNew": false
        },
        {
            "organization": "gregtrevellick-github",
            "key": "AzureDevOpsRotaWidget",
            "name": "AzureDevOpsRotaWidget",
            "tags": [],
            "visibility": "public",
            "isNew": false
        },
        {
            "organization": "azuredevopss",
            "key": "azuredevopss",
            "name": "azuredevopss",
            "tags": [],
            "visibility": "public",
            "isNew": false
        },
        {
            "organization": "azuredevopsscrumproject",
            "key": "mykey123",
            "name": "azuredevopsscrumproject",
            "tags": [],
            "visibility": "public",
            "isNew": false
        },
        {
            "organization": "sudhirdevops",
            "key": "AzureDevOpsSonarCloud",
            "name": "AzureDevOpsSonarCloud",
            "tags": [],
            "visibility": "public",
            "isNew": false
        }
    ],
    "facets": [
        {
            "property": "languages",
            "values": [
                {
                    "val": "xml",
                    "count": 14842
                },
                {
                    "val": "web",
                    "count": 13243
                },
                {
                    "val": "java",
                    "count": 13146
                },
                {
                    "val": "css",
                    "count": 11599
                },
                {
                    "val": "js",
                    "count": 11508
                },
                {
                    "val": "cs",
                    "count": 6126
                },
                {
                    "val": "php",
                    "count": 2740
                },
                {
                    "val": "py",
                    "count": 2703
                },
                {
                    "val": "ts",
                    "count": 2054
                },
                {
                    "val": "c",
                    "count": 1733
                }
            ]
        },
        {
            "property": "ncloc",
            "values": [
                {
                    "val": "*-1000.0",
                    "count": 28145
                },
                {
                    "val": "1000.0-10000.0",
                    "count": 18880
                },
                {
                    "val": "10000.0-100000.0",
                    "count": 10810
                },
                {
                    "val": "100000.0-500000.0",
                    "count": 1998
                },
                {
                    "val": "500000.0-*",
                    "count": 378
                }
            ]
        }
    ]
}