{
    "paging": {
        "pageIndex": 989,
        "pageSize": 10,
        "total": 32064
    },
    "organizations": [
        {
            "key": "chergey-github",
            "name": "Cergey"
        },
        {
            "key": "august112641-github",
            "name": "August112641"
        },
        {
            "key": "okty-io",
            "name": "Okty"
        },
        {
            "key": "silviagb-github",
            "name": "SilviaGB"
        },
        {
            "key": "absaoss",
            "name": "ABSA OSS"
        },
        {
            "key": "pelleplutt-github",
            "name": "Per Lejontand"
        },
        {
            "key": "nutmeg",
            "name": "nutmeg"
        },
        {
            "key": "javawee-github",
            "name": "javawee"
        },
        {
            "key": "bohaukish-github",
            "name": "Bohaukish"
        }
    ],
    "components": [
        {
            "organization": "javawee-github",
            "key": "d85e2648281256c44b3f01385e31f3d53c39226b",
            "name": "snaws",
            "tags": [],
            "visibility": "public",
            "isNew": false
        },
        {
            "organization": "bohaukish-github",
            "key": "jraft",
            "name": "web-ssm Maven Webapp",
            "tags": [],
            "visibility": "public",
            "isNew": false
        },
        {
            "organization": "bohaukish-github",
            "key": "psycho",
            "name": "web-ssm Maven Webapp",
            "tags": [],
            "visibility": "public",
            "isNew": false
        },
        {
            "organization": "silviagb-github",
            "key": "SilviaGB_AoD",
            "name": "AoD",
            "tags": [],
            "visibility": "public",
            "isNew": false
        },
        {
            "organization": "absaoss",
            "key": "AbsaOSS_commons",
            "name": "commons",
            "tags": [],
            "visibility": "public",
            "isNew": false
        },
        {
            "organization": "nutmeg",
            "key": "com.nutmeg:nm-customer-kyc-service",
            "name": "nm-customer-kyc-service",
            "tags": [],
            "visibility": "public",
            "isNew": false
        },
        {
            "organization": "chergey-github",
            "key": "chergey_bank-rest-service",
            "name": "parent",
            "tags": [],
            "visibility": "public",
            "isNew": false
        },
        {
            "organization": "pelleplutt-github",
            "key": "Pelleplutt_adventofcode",
            "name": "adventofcode",
            "tags": [],
            "visibility": "public",
            "isNew": false
        },
        {
            "organization": "august112641-github",
            "key": "SONAAR",
            "name": "FrontEndP2",
            "tags": [],
            "visibility": "public",
            "isNew": false
        },
        {
            "organization": "okty-io",
            "key": "Okty-io_okty-learning",
            "name": "Okty Learning",
            "tags": [],
            "visibility": "public",
            "isNew": false
        }
    ],
    "facets": [
        {
            "property": "languages",
            "values": [
                {
                    "val": "xml",
                    "count": 14842
                },
                {
                    "val": "web",
                    "count": 13243
                },
                {
                    "val": "java",
                    "count": 13146
                },
                {
                    "val": "css",
                    "count": 11598
                },
                {
                    "val": "js",
                    "count": 11506
                },
                {
                    "val": "cs",
                    "count": 6126
                },
                {
                    "val": "php",
                    "count": 2740
                },
                {
                    "val": "py",
                    "count": 2703
                },
                {
                    "val": "ts",
                    "count": 2053
                },
                {
                    "val": "c",
                    "count": 1733
                }
            ]
        },
        {
            "property": "ncloc",
            "values": [
                {
                    "val": "*-1000.0",
                    "count": 28144
                },
                {
                    "val": "1000.0-10000.0",
                    "count": 18878
                },
                {
                    "val": "10000.0-100000.0",
                    "count": 10810
                },
                {
                    "val": "100000.0-500000.0",
                    "count": 1998
                },
                {
                    "val": "500000.0-*",
                    "count": 378
                }
            ]
        }
    ]
}