{
    "paging": {
        "pageIndex": 739,
        "pageSize": 10,
        "total": 32066
    },
    "organizations": [
        {
            "key": "jakub-gawlas",
            "name": "Jakub Gawlas"
        },
        {
            "key": "kmd-logic-org",
            "name": "KMD Logic Organization"
        },
        {
            "key": "marium027-bitbucket",
            "name": "Marium Khalid"
        },
        {
            "key": "api4kbs",
            "name": "API for Knowledge Bases and Platforms"
        },
        {
            "key": "sit-kmutt",
            "name": "SIT KMUTT"
        }
    ],
    "components": [
        {
            "organization": "jakub-gawlas",
            "key": "jakub-gawlas_kluster",
            "name": "kluster",
            "tags": [],
            "visibility": "public",
            "isNew": false
        },
        {
            "organization": "kmd-logic-org",
            "key": "kmd-logic-web",
            "name": "KMD-LoGIC-Web",
            "tags": [],
            "visibility": "public",
            "isNew": false
        },
        {
            "organization": "api4kbs",
            "key": "API4KBs_kmdp-asset-repository",
            "name": "KMDP :: Server :: Knowledge Asset Repository Service",
            "tags": [],
            "visibility": "public",
            "isNew": false
        },
        {
            "organization": "api4kbs",
            "key": "API4KBs_kmdp-language",
            "name": "KMDP :: Server :: Knowledge Transrepresentation Service",
            "tags": [],
            "visibility": "public",
            "isNew": false
        },
        {
            "organization": "api4kbs",
            "key": "API4KBs_kmdp-reasoning-service",
            "name": "KMDP :: Server :: TEST :: Inference Broker",
            "tags": [],
            "visibility": "public",
            "isNew": false
        },
        {
            "organization": "api4kbs",
            "key": "API4KBs_kmdp-artifact-repository",
            "name": "kmdp-knowledge-artifact-repository",
            "tags": [],
            "visibility": "public",
            "isNew": false
        },
        {
            "organization": "marium027-bitbucket",
            "key": "kmoddebstretchee",
            "name": "kmoddebstretchee",
            "tags": [],
            "visibility": "public",
            "isNew": false
        },
        {
            "organization": "marium027-bitbucket",
            "key": "kmodxenial",
            "name": "kmodxenial",
            "tags": [],
            "visibility": "public",
            "isNew": false
        },
        {
            "organization": "sit-kmutt",
            "key": "sit:int206:KMUTTRMS:Dummy",
            "name": "KMUTT-RMS Club Dummy",
            "tags": [],
            "visibility": "public",
            "isNew": false
        },
        {
            "organization": "sit-kmutt",
            "key": "sit:int105:KMUTT-RMS-JSP",
            "name": "KMUTT-RMS-JSP",
            "tags": [],
            "visibility": "public",
            "isNew": false
        }
    ],
    "facets": [
        {
            "property": "languages",
            "values": [
                {
                    "val": "xml",
                    "count": 14842
                },
                {
                    "val": "web",
                    "count": 13243
                },
                {
                    "val": "java",
                    "count": 13146
                },
                {
                    "val": "css",
                    "count": 11599
                },
                {
                    "val": "js",
                    "count": 11508
                },
                {
                    "val": "cs",
                    "count": 6126
                },
                {
                    "val": "php",
                    "count": 2740
                },
                {
                    "val": "py",
                    "count": 2703
                },
                {
                    "val": "ts",
                    "count": 2054
                },
                {
                    "val": "c",
                    "count": 1733
                }
            ]
        },
        {
            "property": "ncloc",
            "values": [
                {
                    "val": "*-1000.0",
                    "count": 28146
                },
                {
                    "val": "1000.0-10000.0",
                    "count": 18880
                },
                {
                    "val": "10000.0-100000.0",
                    "count": 10810
                },
                {
                    "val": "100000.0-500000.0",
                    "count": 1998
                },
                {
                    "val": "500000.0-*",
                    "count": 378
                }
            ]
        }
    ]
}