{
    "paging": {
        "pageIndex": 152,
        "pageSize": 10,
        "total": 32065
    },
    "organizations": [
        {
            "key": "devsetgo",
            "name": "DevSetGo"
        },
        {
            "key": "gregdoak-github",
            "name": "Greg"
        },
        {
            "key": "balaji024-github",
            "name": "Balaji024"
        },
        {
            "key": "uvms-github",
            "name": "Union Vms"
        },
        {
            "key": "kodougu",
            "name": "kodougu"
        },
        {
            "key": "talbx-bitbucket",
            "name": "talbx"
        },
        {
            "key": "juliusreport",
            "name": "juliusreport"
        },
        {
            "key": "joaobatista123-bitbucket",
            "name": "Jo\u00e3o Batista (JB)"
        },
        {
            "key": "sirlordt",
            "name": "Tom\u00e1s Moreno"
        }
    ],
    "components": [
        {
            "organization": "talbx-bitbucket",
            "key": "de.talbx.beercharts:backend:develop",
            "name": "backend develop",
            "tags": [],
            "visibility": "public",
            "isNew": false
        },
        {
            "organization": "kodougu",
            "key": "kodougu_backend-account",
            "name": "backend-account",
            "tags": [],
            "visibility": "public",
            "isNew": false
        },
        {
            "organization": "joaobatista123-bitbucket",
            "key": "JoaoBatista123_backend-developer-test",
            "name": "backend-developer-test",
            "tags": [],
            "visibility": "public",
            "isNew": false
        },
        {
            "organization": "juliusreport",
            "key": "backend-jr",
            "name": "backend-jr",
            "tags": [],
            "visibility": "public",
            "isNew": false
        },
        {
            "organization": "uvms-github",
            "key": "eu.europa.ec.mare.usm:backend-modules",
            "name": "backend-modules",
            "tags": [],
            "visibility": "public",
            "isNew": false
        },
        {
            "organization": "uvms-github",
            "key": "eu.europa.ec.mare.usm:backend-modules:PR",
            "name": "backend-modules PR",
            "tags": [],
            "visibility": "public",
            "isNew": false
        },
        {
            "organization": "gregdoak-github",
            "key": "Backend-Project",
            "name": "Backend-Project",
            "tags": [],
            "visibility": "public",
            "isNew": false
        },
        {
            "organization": "sirlordt",
            "key": "sirlordt_backend-server-01",
            "name": "backend-server-01",
            "tags": [],
            "visibility": "public",
            "eligibilityStatus": "COMPLETED",
            "eligible": true,
            "isNew": false
        },
        {
            "organization": "devsetgo",
            "key": "devsetgo_backend-services-api",
            "name": "backend-services-api",
            "tags": [],
            "visibility": "public",
            "isNew": false
        },
        {
            "organization": "balaji024-github",
            "key": "BackEnd1:GymBackEnd1",
            "name": "BackEnd1",
            "tags": [],
            "visibility": "public",
            "isNew": false
        }
    ],
    "facets": [
        {
            "property": "languages",
            "values": [
                {
                    "val": "xml",
                    "count": 14841
                },
                {
                    "val": "web",
                    "count": 13243
                },
                {
                    "val": "java",
                    "count": 13146
                },
                {
                    "val": "css",
                    "count": 11598
                },
                {
                    "val": "js",
                    "count": 11507
                },
                {
                    "val": "cs",
                    "count": 6126
                },
                {
                    "val": "php",
                    "count": 2739
                },
                {
                    "val": "py",
                    "count": 2703
                },
                {
                    "val": "ts",
                    "count": 2054
                },
                {
                    "val": "c",
                    "count": 1733
                }
            ]
        },
        {
            "property": "ncloc",
            "values": [
                {
                    "val": "*-1000.0",
                    "count": 28145
                },
                {
                    "val": "1000.0-10000.0",
                    "count": 18880
                },
                {
                    "val": "10000.0-100000.0",
                    "count": 10810
                },
                {
                    "val": "100000.0-500000.0",
                    "count": 1997
                },
                {
                    "val": "500000.0-*",
                    "count": 378
                }
            ]
        }
    ]
}