{
    "paging": {
        "pageIndex": 216,
        "pageSize": 10,
        "total": 32068
    },
    "organizations": [
        {
            "key": "pscm",
            "name": "PSCM"
        },
        {
            "key": "kiran-sonawane71378",
            "name": "Kiran Sonawane"
        },
        {
            "key": "mydrive-solutions",
            "name": "MyDrive Solutions"
        },
        {
            "key": "juannn100git",
            "name": "JUANnn100git"
        },
        {
            "key": "dg0lden",
            "name": "Denys Golubiev"
        },
        {
            "key": "brijeshwhiz-github",
            "name": "brijeshwhiz"
        },
        {
            "key": "ur4nium235",
            "name": "ur4nium235"
        },
        {
            "key": "vijayeluri-github",
            "name": "VijayEluri"
        },
        {
            "key": "sk0rn-github",
            "name": "sk0rn"
        },
        {
            "key": "thepatrickstar-github",
            "name": "ThePatrickStar"
        }
    ],
    "components": [
        {
            "organization": "dg0lden",
            "key": "de.adorsys.multibanking:multibanking",
            "name": "Multibanking",
            "tags": [],
            "visibility": "public",
            "isNew": false
        },
        {
            "organization": "pscm",
            "key": "org.hk.ha.pscm.drug.vmi:pscm_drug_vmi",
            "name": "pscm_drug Maven Webapp",
            "tags": [],
            "visibility": "public",
            "isNew": false
        },
        {
            "organization": "ur4nium235",
            "key": "ur4nium235_Graduation-Thesis",
            "name": "RealTime_prediction_2612_0526_duration_10_",
            "tags": [],
            "visibility": "public",
            "isNew": false
        },
        {
            "organization": "kiran-sonawane71378",
            "key": "SAQCC_Phase_I_Frontend",
            "name": "SAQCC_Phase_I_Frontend",
            "tags": [],
            "visibility": "public",
            "isNew": false
        },
        {
            "organization": "juannn100git",
            "key": "JUANnn100git_DharmaPro-BackEnd",
            "name": "DharmaPro-BackEnd",
            "tags": [],
            "visibility": "public",
            "isNew": false
        },
        {
            "organization": "sk0rn-github",
            "key": "dream-tours",
            "name": "dream-tours",
            "tags": [],
            "visibility": "public",
            "isNew": false
        },
        {
            "organization": "vijayeluri-github",
            "key": "VijayEluri_Otimizacao-utilizando-Algoritimos-Geneticos",
            "name": "horario-algoritimo-genetico",
            "tags": [],
            "visibility": "public",
            "isNew": false
        },
        {
            "organization": "mydrive-solutions",
            "key": "ios-telematics-core",
            "name": "iOS Telematics Core",
            "tags": [],
            "visibility": "public",
            "isNew": false
        },
        {
            "organization": "brijeshwhiz-github",
            "key": "LPO18022019",
            "name": "LPO18022019",
            "tags": [],
            "visibility": "public",
            "isNew": false
        },
        {
            "organization": "thepatrickstar-github",
            "key": "mjs-old",
            "name": "mjs-old",
            "tags": [],
            "visibility": "public",
            "isNew": false
        }
    ],
    "facets": [
        {
            "property": "languages",
            "values": [
                {
                    "val": "xml",
                    "count": 14842
                },
                {
                    "val": "web",
                    "count": 13244
                },
                {
                    "val": "java",
                    "count": 13146
                },
                {
                    "val": "css",
                    "count": 11600
                },
                {
                    "val": "js",
                    "count": 11509
                },
                {
                    "val": "cs",
                    "count": 6127
                },
                {
                    "val": "php",
                    "count": 2740
                },
                {
                    "val": "py",
                    "count": 2703
                },
                {
                    "val": "ts",
                    "count": 2054
                },
                {
                    "val": "c",
                    "count": 1733
                }
            ]
        },
        {
            "property": "ncloc",
            "values": [
                {
                    "val": "*-1000.0",
                    "count": 28145
                },
                {
                    "val": "1000.0-10000.0",
                    "count": 18881
                },
                {
                    "val": "10000.0-100000.0",
                    "count": 10811
                },
                {
                    "val": "100000.0-500000.0",
                    "count": 1998
                },
                {
                    "val": "500000.0-*",
                    "count": 378
                }
            ]
        }
    ]
}