{
    "paging": {
        "pageIndex": 828,
        "pageSize": 10,
        "total": 32063
    },
    "organizations": [
        {
            "key": "consileo",
            "name": "Consileo"
        },
        {
            "key": "laviniadd",
            "name": "laviniadd"
        },
        {
            "key": "antnolang",
            "name": "Antonio Nol\u00e9"
        },
        {
            "key": "hmcts",
            "name": "HMCTS"
        },
        {
            "key": "saptarshidebnath-github",
            "name": "Saptarshi Debnath"
        },
        {
            "key": "athulravindran87-github",
            "name": "Athul Ravindran"
        },
        {
            "key": "tedgard-bitbucket",
            "name": "Edgard Ndouna"
        },
        {
            "key": "berndbreier",
            "name": "BerndBreier"
        },
        {
            "key": "onap",
            "name": "Open Network Automation Platform (ONAP)"
        }
    ],
    "components": [
        {
            "organization": "onap",
            "key": "onap_policy-distribution",
            "name": "policy-distribution",
            "tags": [],
            "visibility": "public",
            "isNew": false
        },
        {
            "organization": "onap",
            "key": "onap_policy-pap",
            "name": "policy-pap",
            "tags": [],
            "visibility": "public",
            "isNew": false
        },
        {
            "organization": "consileo",
            "key": "debeka-postfach",
            "name": "postfach",
            "tags": [],
            "visibility": "public",
            "isNew": false
        },
        {
            "organization": "athulravindran87-github",
            "key": "com.athul:ppe-parent",
            "name": "ppe",
            "tags": [],
            "visibility": "public",
            "isNew": false
        },
        {
            "organization": "berndbreier",
            "key": "BerndBreier_TaskanaAdapter",
            "name": "pro.taskana:taskana-adapter-parent",
            "tags": [],
            "visibility": "public",
            "eligibilityStatus": "COMPLETED",
            "eligible": false,
            "isNew": false
        },
        {
            "organization": "hmcts",
            "key": "Probate-Orchestrator-Service",
            "name": "PROBATE :: Probate-Orchestrator-Service",
            "tags": [],
            "visibility": "public",
            "isNew": false
        },
        {
            "organization": "saptarshidebnath-github",
            "key": "com.saptarshidebnath.utilities:ProcessRunner",
            "name": "ProcessRunner",
            "tags": [
                "java8",
                "java"
            ],
            "visibility": "public",
            "isNew": false
        },
        {
            "organization": "laviniadd",
            "key": "com.myproject.app:progetto",
            "name": "progetto",
            "tags": [],
            "visibility": "public",
            "isNew": false
        },
        {
            "organization": "tedgard-bitbucket",
            "key": "com.nedgard:programming-challenges",
            "name": "programming-challenges",
            "tags": [],
            "visibility": "public",
            "isNew": false
        },
        {
            "organization": "antnolang",
            "key": "antnolang_EcoRenter",
            "name": "Project which allows to rent plots for ecological cultivation",
            "tags": [],
            "visibility": "public",
            "eligibilityStatus": "COMPLETED",
            "eligible": false,
            "isNew": false
        }
    ],
    "facets": [
        {
            "property": "languages",
            "values": [
                {
                    "val": "xml",
                    "count": 14841
                },
                {
                    "val": "web",
                    "count": 13242
                },
                {
                    "val": "java",
                    "count": 13146
                },
                {
                    "val": "css",
                    "count": 11597
                },
                {
                    "val": "js",
                    "count": 11505
                },
                {
                    "val": "cs",
                    "count": 6126
                },
                {
                    "val": "php",
                    "count": 2739
                },
                {
                    "val": "py",
                    "count": 2703
                },
                {
                    "val": "ts",
                    "count": 2053
                },
                {
                    "val": "c",
                    "count": 1733
                }
            ]
        },
        {
            "property": "ncloc",
            "values": [
                {
                    "val": "*-1000.0",
                    "count": 28144
                },
                {
                    "val": "1000.0-10000.0",
                    "count": 18878
                },
                {
                    "val": "10000.0-100000.0",
                    "count": 10810
                },
                {
                    "val": "100000.0-500000.0",
                    "count": 1997
                },
                {
                    "val": "500000.0-*",
                    "count": 378
                }
            ]
        }
    ]
}