{
    "paging": {
        "pageIndex": 108,
        "pageSize": 10,
        "total": 32070
    },
    "organizations": [
        {
            "key": "test1xx",
            "name": "test1xx"
        },
        {
            "key": "elliot_jds-bitbucket",
            "name": "elliot_jds"
        },
        {
            "key": "shs4139-github",
            "name": "shs4139"
        },
        {
            "key": "pierre-loup-tristant-sonarsource-github",
            "name": "Pierre-Loup"
        },
        {
            "key": "spongebugs-extension-no-step1",
            "name": "SpongeBugs Extension Without Step 1"
        },
        {
            "key": "synergy",
            "name": "Synergy Sports"
        },
        {
            "key": "kirangrg-github",
            "name": "Kiran Gurung"
        },
        {
            "key": "spongebugs-extension",
            "name": "SpongeBugs Extension"
        },
        {
            "key": "dxcasturias",
            "name": "DXCAsturias"
        },
        {
            "key": "ranjithhref-github",
            "name": "ranjithhref"
        }
    ],
    "components": [
        {
            "organization": "synergy",
            "key": "data-core",
            "name": "data-core",
            "tags": [],
            "visibility": "public",
            "isNew": false
        },
        {
            "organization": "dxcasturias",
            "key": "AgreementTool",
            "name": "Agreements Tool",
            "tags": [],
            "visibility": "public",
            "isNew": false
        },
        {
            "organization": "test1xx",
            "key": "test1xx",
            "name": "test1xx",
            "tags": [],
            "visibility": "public",
            "isNew": false
        },
        {
            "organization": "shs4139-github",
            "key": "shs4139_qugga_s",
            "name": "qugga_s",
            "tags": [],
            "visibility": "public",
            "isNew": false
        },
        {
            "organization": "kirangrg-github",
            "key": "com.kiranGrg.ConnektHub4iOS",
            "name": "com.kiranGrg.ConnektHub4iOS",
            "tags": [],
            "visibility": "public",
            "isNew": false
        },
        {
            "organization": "pierre-loup-tristant-sonarsource-github",
            "key": "pierre-loup-tristant-sonarsource_zulip",
            "name": "zulip",
            "tags": [],
            "visibility": "public",
            "eligibilityStatus": "COMPLETED",
            "eligible": true,
            "isNew": false
        },
        {
            "organization": "elliot_jds-bitbucket",
            "key": "org.apache.jmeter:JMeter",
            "name": "JMeter",
            "tags": [],
            "visibility": "public",
            "isNew": false
        },
        {
            "organization": "spongebugs-extension",
            "key": "spongebugs-ext-ddf",
            "name": "DDF Reactor",
            "tags": [],
            "visibility": "public",
            "isNew": false
        },
        {
            "organization": "spongebugs-extension-no-step1",
            "key": "spongebugs-ext-nostep1-ddf",
            "name": "DDF Reactor",
            "tags": [],
            "visibility": "public",
            "isNew": false
        },
        {
            "organization": "ranjithhref-github",
            "key": "languagesites",
            "name": "languagesites",
            "tags": [],
            "visibility": "public",
            "isNew": false
        }
    ],
    "facets": [
        {
            "property": "languages",
            "values": [
                {
                    "val": "xml",
                    "count": 14843
                },
                {
                    "val": "web",
                    "count": 13244
                },
                {
                    "val": "java",
                    "count": 13147
                },
                {
                    "val": "css",
                    "count": 11599
                },
                {
                    "val": "js",
                    "count": 11509
                },
                {
                    "val": "cs",
                    "count": 6127
                },
                {
                    "val": "php",
                    "count": 2740
                },
                {
                    "val": "py",
                    "count": 2703
                },
                {
                    "val": "ts",
                    "count": 2054
                },
                {
                    "val": "c",
                    "count": 1733
                }
            ]
        },
        {
            "property": "ncloc",
            "values": [
                {
                    "val": "*-1000.0",
                    "count": 28145
                },
                {
                    "val": "1000.0-10000.0",
                    "count": 18882
                },
                {
                    "val": "10000.0-100000.0",
                    "count": 10812
                },
                {
                    "val": "100000.0-500000.0",
                    "count": 1998
                },
                {
                    "val": "500000.0-*",
                    "count": 378
                }
            ]
        }
    ]
}