{
    "paging": {
        "pageIndex": 799,
        "pageSize": 10,
        "total": 32063
    },
    "organizations": [
        {
            "key": "mphasis-org",
            "name": "mphasis-org"
        },
        {
            "key": "vijayvani-github",
            "name": "vijayvani"
        },
        {
            "key": "xiguamall",
            "name": "xiguamall"
        },
        {
            "key": "2rajshaikh-github",
            "name": "Raj Shaikh"
        },
        {
            "key": "kt",
            "name": "kt"
        },
        {
            "key": "vijayeluri-github",
            "name": "VijayEluri"
        },
        {
            "key": "kstation13",
            "name": "kstation13"
        }
    ],
    "components": [
        {
            "organization": "vijayeluri-github",
            "key": "VijayEluri_kryo-serializers",
            "name": "kryo serializers",
            "tags": [],
            "visibility": "public",
            "isNew": false
        },
        {
            "organization": "vijayvani-github",
            "key": "vijayvani_kryonet",
            "name": "kryonet",
            "tags": [],
            "visibility": "public",
            "isNew": false
        },
        {
            "organization": "kstation13",
            "key": "kstation13_KStation",
            "name": "KStation",
            "tags": [],
            "visibility": "public",
            "isNew": false
        },
        {
            "organization": "xiguamall",
            "key": "com.ningpai:kstore",
            "name": "kstore",
            "tags": [],
            "visibility": "public",
            "isNew": false
        },
        {
            "organization": "xiguamall",
            "key": "com.qianmi:kstore-platform",
            "name": "kstore-platform",
            "tags": [],
            "visibility": "public",
            "isNew": false
        },
        {
            "organization": "kt",
            "key": "10151257-index.js",
            "name": "kt",
            "tags": [],
            "visibility": "public",
            "isNew": false
        },
        {
            "organization": "kt",
            "key": "10151267-src.zip",
            "name": "kt",
            "tags": [],
            "visibility": "public",
            "isNew": false
        },
        {
            "organization": "kt",
            "key": "kdh",
            "name": "kt",
            "tags": [],
            "visibility": "public",
            "isNew": false
        },
        {
            "organization": "mphasis-org",
            "key": "kt-ux",
            "name": "KT Angular UX",
            "tags": [],
            "visibility": "public",
            "isNew": false
        },
        {
            "organization": "2rajshaikh-github",
            "key": "RAJS",
            "name": "ktp-web-testui",
            "tags": [],
            "visibility": "public",
            "isNew": false
        }
    ],
    "facets": [
        {
            "property": "languages",
            "values": [
                {
                    "val": "xml",
                    "count": 14840
                },
                {
                    "val": "web",
                    "count": 13241
                },
                {
                    "val": "java",
                    "count": 13146
                },
                {
                    "val": "css",
                    "count": 11596
                },
                {
                    "val": "js",
                    "count": 11504
                },
                {
                    "val": "cs",
                    "count": 6126
                },
                {
                    "val": "php",
                    "count": 2739
                },
                {
                    "val": "py",
                    "count": 2703
                },
                {
                    "val": "ts",
                    "count": 2053
                },
                {
                    "val": "c",
                    "count": 1733
                }
            ]
        },
        {
            "property": "ncloc",
            "values": [
                {
                    "val": "*-1000.0",
                    "count": 28143
                },
                {
                    "val": "1000.0-10000.0",
                    "count": 18879
                },
                {
                    "val": "10000.0-100000.0",
                    "count": 10810
                },
                {
                    "val": "100000.0-500000.0",
                    "count": 1996
                },
                {
                    "val": "500000.0-*",
                    "count": 378
                }
            ]
        }
    ]
}