{
    "paging": {
        "pageIndex": 778,
        "pageSize": 10,
        "total": 32063
    },
    "organizations": [
        {
            "key": "oboehm-github",
            "name": "Oliver Boehm"
        },
        {
            "key": "oybek",
            "name": "oybek"
        },
        {
            "key": "yhando24-github",
            "name": "yhando24"
        },
        {
            "key": "dabrowski-adam-github",
            "name": "Adam D\u0105browski"
        },
        {
            "key": "qarmin-1",
            "name": "Rafa\u0142"
        },
        {
            "key": "researchlab",
            "name": "researchlab"
        },
        {
            "key": "leds-github",
            "name": "LEDS"
        },
        {
            "key": "superbrave",
            "name": "SuperBrave"
        },
        {
            "key": "vijayeluri-github",
            "name": "VijayEluri"
        },
        {
            "key": "spatialos",
            "name": "SpatialOS"
        }
    ],
    "components": [
        {
            "organization": "leds-github",
            "key": "gde_sled",
            "name": "gde_sled",
            "tags": [],
            "visibility": "public",
            "isNew": false
        },
        {
            "organization": "oybek",
            "key": "oybek_gdetram",
            "name": "gdetram",
            "tags": [],
            "visibility": "public",
            "eligibilityStatus": "COMPLETED",
            "eligible": true,
            "isNew": true
        },
        {
            "organization": "researchlab",
            "key": "researchlab_gdk",
            "name": "gdk",
            "tags": [],
            "visibility": "public",
            "eligibilityStatus": "COMPLETED",
            "eligible": true,
            "isNew": true
        },
        {
            "organization": "spatialos",
            "key": "spatialos_gdk-for-unity",
            "name": "gdk-for-unity",
            "tags": [],
            "visibility": "public",
            "eligibilityStatus": "COMPLETED",
            "eligible": false,
            "isNew": false
        },
        {
            "organization": "yhando24-github",
            "key": "GDM-back",
            "name": "GDM",
            "tags": [],
            "visibility": "public",
            "isNew": false
        },
        {
            "organization": "qarmin-1",
            "key": "qarmin_gdm",
            "name": "gdm",
            "tags": [],
            "visibility": "public",
            "isNew": false
        },
        {
            "organization": "superbrave",
            "key": "superbrave_gdpr-bundle",
            "name": "gdpr-bundle",
            "tags": [],
            "visibility": "public",
            "isNew": false
        },
        {
            "organization": "vijayeluri-github",
            "key": "VijayEluri_gdv.xport",
            "name": "GDV.XPort",
            "tags": [],
            "visibility": "public",
            "isNew": false
        },
        {
            "organization": "oboehm-github",
            "key": "com.github.oboehm:gdv-xport",
            "name": "GDV.XPort",
            "tags": [],
            "visibility": "public",
            "isNew": false
        },
        {
            "organization": "dabrowski-adam-github",
            "key": "gdx",
            "name": "gdx",
            "tags": [],
            "visibility": "public",
            "isNew": false
        }
    ],
    "facets": [
        {
            "property": "languages",
            "values": [
                {
                    "val": "xml",
                    "count": 14840
                },
                {
                    "val": "web",
                    "count": 13241
                },
                {
                    "val": "java",
                    "count": 13146
                },
                {
                    "val": "css",
                    "count": 11596
                },
                {
                    "val": "js",
                    "count": 11504
                },
                {
                    "val": "cs",
                    "count": 6126
                },
                {
                    "val": "php",
                    "count": 2739
                },
                {
                    "val": "py",
                    "count": 2703
                },
                {
                    "val": "ts",
                    "count": 2053
                },
                {
                    "val": "c",
                    "count": 1733
                }
            ]
        },
        {
            "property": "ncloc",
            "values": [
                {
                    "val": "*-1000.0",
                    "count": 28143
                },
                {
                    "val": "1000.0-10000.0",
                    "count": 18880
                },
                {
                    "val": "10000.0-100000.0",
                    "count": 10809
                },
                {
                    "val": "100000.0-500000.0",
                    "count": 1996
                },
                {
                    "val": "500000.0-*",
                    "count": 378
                }
            ]
        }
    ]
}