{
    "paging": {
        "pageIndex": 671,
        "pageSize": 10,
        "total": 32070
    },
    "organizations": [
        {
            "key": "java_1804",
            "name": "java"
        },
        {
            "key": "osipovka-github",
            "name": "Kirill Osipov"
        },
        {
            "key": "ruanwj-github",
            "name": "ruanwj"
        },
        {
            "key": "bioglaze",
            "name": "Timo Wiren"
        },
        {
            "key": "malasaad82",
            "name": "Mohammed"
        },
        {
            "key": "crowsofwar-github",
            "name": "Crows Of War"
        },
        {
            "key": "felipebz-github",
            "name": "Felipe Zorzo"
        }
    ],
    "components": [
        {
            "organization": "crowsofwar-github",
            "key": "com.crowsofwar.avatarmod:AvatarMod:_",
            "name": "AvatarMod _",
            "tags": [],
            "visibility": "public",
            "isNew": false
        },
        {
            "organization": "crowsofwar-github",
            "key": "com.crowsofwar.avatarmod:AvatarMod:crows/ability-code-reviews",
            "name": "AvatarMod crows/ability-code-reviews",
            "tags": [],
            "visibility": "public",
            "isNew": false
        },
        {
            "organization": "crowsofwar-github",
            "key": "com.crowsofwar.avatarmod:AvatarMod:crows/earthspike-debug",
            "name": "AvatarMod crows/earthspike-debug",
            "tags": [],
            "visibility": "public",
            "isNew": false
        },
        {
            "organization": "ruanwj-github",
            "key": "NEW9",
            "name": "NEW9",
            "tags": [],
            "visibility": "public",
            "isNew": false
        },
        {
            "organization": "malasaad82",
            "key": "malasaad82_testing",
            "name": "testing",
            "tags": [],
            "visibility": "public",
            "isNew": false
        },
        {
            "organization": "java_1804",
            "key": "webservices-axiom_180410",
            "name": "webservices-axiom",
            "tags": [],
            "visibility": "public",
            "isNew": false
        },
        {
            "organization": "felipebz-github",
            "key": "utPLSQL-zpa-demo",
            "name": "utPLSQL analyzed by ZPA",
            "tags": [],
            "visibility": "public",
            "isNew": false
        },
        {
            "organization": "crowsofwar-github",
            "key": "com.crowsofwar.avatarmod:AvatarMod:crows/pr-use",
            "name": "AvatarMod crows/pr-use",
            "tags": [],
            "visibility": "public",
            "isNew": false
        },
        {
            "organization": "bioglaze",
            "key": "bioglaze_aether3d",
            "name": "aether3d",
            "tags": [],
            "visibility": "public",
            "eligibilityStatus": "COMPLETED",
            "eligible": false,
            "isNew": false
        },
        {
            "organization": "osipovka-github",
            "key": "789684B8-ED74-47C1-B99A-91ACF794565D-SMARTTRANSACTION",
            "name": "SmartTransactions",
            "tags": [],
            "visibility": "public",
            "isNew": false
        }
    ],
    "facets": [
        {
            "property": "languages",
            "values": [
                {
                    "val": "xml",
                    "count": 14843
                },
                {
                    "val": "web",
                    "count": 13244
                },
                {
                    "val": "java",
                    "count": 13147
                },
                {
                    "val": "css",
                    "count": 11599
                },
                {
                    "val": "js",
                    "count": 11509
                },
                {
                    "val": "cs",
                    "count": 6127
                },
                {
                    "val": "php",
                    "count": 2740
                },
                {
                    "val": "py",
                    "count": 2703
                },
                {
                    "val": "ts",
                    "count": 2054
                },
                {
                    "val": "c",
                    "count": 1733
                }
            ]
        },
        {
            "property": "ncloc",
            "values": [
                {
                    "val": "*-1000.0",
                    "count": 28145
                },
                {
                    "val": "1000.0-10000.0",
                    "count": 18882
                },
                {
                    "val": "10000.0-100000.0",
                    "count": 10812
                },
                {
                    "val": "100000.0-500000.0",
                    "count": 1998
                },
                {
                    "val": "500000.0-*",
                    "count": 378
                }
            ]
        }
    ]
}