{
    "paging": {
        "pageIndex": 909,
        "pageSize": 10,
        "total": 32065
    },
    "organizations": [
        {
            "key": "folio-org",
            "name": "folio-org"
        },
        {
            "key": "softheory-bitbucket",
            "name": "Softheory Agencia"
        }
    ],
    "components": [
        {
            "organization": "folio-org",
            "key": "org.folio:mod-notes",
            "name": "mod-notes",
            "tags": [
                "utility",
                "dev-spitfire"
            ],
            "visibility": "public",
            "isNew": false
        },
        {
            "organization": "folio-org",
            "key": "org.folio:mod-notify",
            "name": "mod-notify",
            "tags": [
                "utility",
                "dev-core-platform"
            ],
            "visibility": "public",
            "isNew": false
        },
        {
            "organization": "folio-org",
            "key": "org.folio:mod-orders-storage",
            "name": "mod-orders-storage",
            "tags": [
                "acquisitions",
                "dev-acq-backend"
            ],
            "visibility": "public",
            "isNew": false
        },
        {
            "organization": "folio-org",
            "key": "org.folio:mod-organizations",
            "name": "mod-organizations",
            "tags": [],
            "visibility": "public",
            "isNew": false
        },
        {
            "organization": "folio-org",
            "key": "org.folio:mod-organizations-storage",
            "name": "mod-organizations-storage",
            "tags": [
                "acquisitions",
                "dev-acq-backend"
            ],
            "visibility": "public",
            "isNew": false
        },
        {
            "organization": "folio-org",
            "key": "org.folio:mod-password-validator",
            "name": "mod-password-validator",
            "tags": [
                "users",
                "dev-vega"
            ],
            "visibility": "public",
            "isNew": false
        },
        {
            "organization": "folio-org",
            "key": "org.folio:mod-patron-blocks",
            "name": "mod-patron-blocks",
            "tags": [],
            "visibility": "public",
            "isNew": true
        },
        {
            "organization": "softheory-bitbucket",
            "key": "Mod-productos",
            "name": "Mod-productos",
            "tags": [],
            "visibility": "public",
            "isNew": false
        },
        {
            "organization": "folio-org",
            "key": "org.folio:mod-pubsub",
            "name": "mod-pubsub",
            "tags": [
                "data-import",
                "pubsub",
                "dev-folijet"
            ],
            "visibility": "public",
            "isNew": false
        },
        {
            "organization": "folio-org",
            "key": "org.folio:mod-quick-marc",
            "name": "mod-quick-marc",
            "tags": [],
            "visibility": "public",
            "isNew": false
        }
    ],
    "facets": [
        {
            "property": "languages",
            "values": [
                {
                    "val": "xml",
                    "count": 14841
                },
                {
                    "val": "web",
                    "count": 13243
                },
                {
                    "val": "java",
                    "count": 13146
                },
                {
                    "val": "css",
                    "count": 11598
                },
                {
                    "val": "js",
                    "count": 11507
                },
                {
                    "val": "cs",
                    "count": 6126
                },
                {
                    "val": "php",
                    "count": 2739
                },
                {
                    "val": "py",
                    "count": 2703
                },
                {
                    "val": "ts",
                    "count": 2054
                },
                {
                    "val": "c",
                    "count": 1733
                }
            ]
        },
        {
            "property": "ncloc",
            "values": [
                {
                    "val": "*-1000.0",
                    "count": 28145
                },
                {
                    "val": "1000.0-10000.0",
                    "count": 18880
                },
                {
                    "val": "10000.0-100000.0",
                    "count": 10810
                },
                {
                    "val": "100000.0-500000.0",
                    "count": 1997
                },
                {
                    "val": "500000.0-*",
                    "count": 378
                }
            ]
        }
    ]
}