{
    "paging": {
        "pageIndex": 198,
        "pageSize": 10,
        "total": 32064
    },
    "organizations": [
        {
            "key": "enricodhd",
            "name": "enricodhd"
        },
        {
            "key": "2020-space-game-web-2020",
            "name": "2020-space-game-web-2020"
        },
        {
            "key": "space-game-web-5001",
            "name": "space-game-web-5001"
        },
        {
            "key": "exnuke1972",
            "name": "exnuke1972"
        },
        {
            "key": "fernandezgarcete",
            "name": "Juan Jose Fernandez"
        },
        {
            "key": "space-game-web-fatihdurgut",
            "name": "space-game-web-fatihdurgut"
        },
        {
            "key": "etxf-space-game-web",
            "name": "etxf-space-game-web"
        },
        {
            "key": "space-game-web-ethan",
            "name": "space-game-web-ethan"
        },
        {
            "key": "fin4k08",
            "name": "fin4k08"
        },
        {
            "key": "space-game-web-1010",
            "name": "space-game-web-1010"
        }
    ],
    "components": [
        {
            "organization": "enricodhd",
            "key": "enricodhd_mslearn-tailspin-spacegame-web",
            "name": "mslearn-tailspin-spacegame-web",
            "tags": [],
            "visibility": "public",
            "eligibilityStatus": "COMPLETED",
            "eligible": false,
            "isNew": false
        },
        {
            "organization": "space-game-web-1010",
            "key": "erotavlas_mslearn-tailspin-spacegame-web",
            "name": "mslearn-tailspin-spacegame-web",
            "tags": [],
            "visibility": "public",
            "eligibilityStatus": "COMPLETED",
            "eligible": false,
            "isNew": true
        },
        {
            "organization": "space-game-web-ethan",
            "key": "ethan-aer_mslearn-tailspin-spacegame-web",
            "name": "mslearn-tailspin-spacegame-web",
            "tags": [],
            "visibility": "public",
            "eligibilityStatus": "COMPLETED",
            "eligible": false,
            "isNew": false
        },
        {
            "organization": "etxf-space-game-web",
            "key": "etxf_mslearn-tailspin-spacegame-web",
            "name": "mslearn-tailspin-spacegame-web",
            "tags": [],
            "visibility": "public",
            "isNew": false
        },
        {
            "organization": "exnuke1972",
            "key": "exnuke1972_mslearn-tailspin-spacegame-web",
            "name": "mslearn-tailspin-spacegame-web",
            "tags": [],
            "visibility": "public",
            "eligibilityStatus": "COMPLETED",
            "eligible": false,
            "isNew": false
        },
        {
            "organization": "space-game-web-fatihdurgut",
            "key": "fatihdurgut_mslearn-tailspin-spacegame-web",
            "name": "mslearn-tailspin-spacegame-web",
            "tags": [],
            "visibility": "public",
            "eligibilityStatus": "COMPLETED",
            "eligible": false,
            "isNew": false
        },
        {
            "organization": "2020-space-game-web-2020",
            "key": "fatphil2001_mslearn-tailspin-spacegame-web",
            "name": "mslearn-tailspin-spacegame-web",
            "tags": [],
            "visibility": "public",
            "eligibilityStatus": "COMPLETED",
            "eligible": false,
            "isNew": false
        },
        {
            "organization": "space-game-web-5001",
            "key": "fbinotto_mslearn-tailspin-spacegame-web",
            "name": "mslearn-tailspin-spacegame-web",
            "tags": [],
            "visibility": "public",
            "eligibilityStatus": "COMPLETED",
            "eligible": false,
            "isNew": true
        },
        {
            "organization": "fernandezgarcete",
            "key": "fernandezgarcete_mslearn-tailspin-spacegame-web",
            "name": "mslearn-tailspin-spacegame-web",
            "tags": [],
            "visibility": "public",
            "eligibilityStatus": "COMPLETED",
            "eligible": false,
            "isNew": false
        },
        {
            "organization": "fin4k08",
            "key": "fin4k08_mslearn-tailspin-spacegame-web",
            "name": "mslearn-tailspin-spacegame-web",
            "tags": [],
            "visibility": "public",
            "isNew": false
        }
    ],
    "facets": [
        {
            "property": "languages",
            "values": [
                {
                    "val": "xml",
                    "count": 14841
                },
                {
                    "val": "web",
                    "count": 13242
                },
                {
                    "val": "java",
                    "count": 13146
                },
                {
                    "val": "css",
                    "count": 11597
                },
                {
                    "val": "js",
                    "count": 11505
                },
                {
                    "val": "cs",
                    "count": 6126
                },
                {
                    "val": "php",
                    "count": 2740
                },
                {
                    "val": "py",
                    "count": 2703
                },
                {
                    "val": "ts",
                    "count": 2053
                },
                {
                    "val": "c",
                    "count": 1733
                }
            ]
        },
        {
            "property": "ncloc",
            "values": [
                {
                    "val": "*-1000.0",
                    "count": 28144
                },
                {
                    "val": "1000.0-10000.0",
                    "count": 18879
                },
                {
                    "val": "10000.0-100000.0",
                    "count": 10810
                },
                {
                    "val": "100000.0-500000.0",
                    "count": 1997
                },
                {
                    "val": "500000.0-*",
                    "count": 378
                }
            ]
        }
    ]
}