{
    "paging": {
        "pageIndex": 735,
        "pageSize": 10,
        "total": 32073
    },
    "organizations": [
        {
            "key": "charliecliff62",
            "name": "charliecliff62"
        },
        {
            "key": "brunocarvalho7-github",
            "name": "brunocarvalho7"
        },
        {
            "key": "gvart",
            "name": "Glad\u00ee\u0219 Vladlen"
        },
        {
            "key": "ainertec",
            "name": "Ainertec"
        },
        {
            "key": "greeninvoicedevelopment-github",
            "name": "greeninvoicedevelopment"
        },
        {
            "key": "gpyofavv-github",
            "name": "gpyofavv-github"
        },
        {
            "key": "supplyon",
            "name": "SupplyOn AG"
        },
        {
            "key": "cppdk",
            "name": "cppdk"
        },
        {
            "key": "greentick",
            "name": "greentick"
        },
        {
            "key": "didierfred-github",
            "name": "didierfred"
        }
    ],
    "components": [
        {
            "organization": "greeninvoicedevelopment-github",
            "key": "com.company:greeninvoice",
            "name": "greenInvoice",
            "tags": [],
            "visibility": "public",
            "isNew": false
        },
        {
            "organization": "didierfred-github",
            "key": "didierfred_GreenIT-Analysis",
            "name": "GreenIT-Analysis",
            "tags": [],
            "visibility": "public",
            "isNew": false
        },
        {
            "organization": "gvart",
            "key": "gvart_green-light",
            "name": "greenlight",
            "tags": [],
            "visibility": "public",
            "eligibilityStatus": "COMPLETED",
            "eligible": true,
            "isNew": false
        },
        {
            "organization": "brunocarvalho7-github",
            "key": "brunocarvalho7_registro-de-trabalho",
            "name": "greenmile-desafio",
            "tags": [],
            "visibility": "public",
            "isNew": false
        },
        {
            "organization": "greentick",
            "key": "GreenTick",
            "name": "GreenTick",
            "tags": [],
            "visibility": "public",
            "isNew": false
        },
        {
            "organization": "cppdk",
            "key": "com.example:greeting-rest-service",
            "name": "greeting-rest-service",
            "tags": [],
            "visibility": "public",
            "isNew": false
        },
        {
            "organization": "gpyofavv-github",
            "key": "gregstoremanager",
            "name": "gregstoremanager",
            "tags": [],
            "visibility": "public",
            "isNew": false
        },
        {
            "organization": "supplyon",
            "key": "supplyon_gremcos",
            "name": "gremcos",
            "tags": [],
            "visibility": "public",
            "isNew": false
        },
        {
            "organization": "ainertec",
            "key": "Ainertec_GrespPro",
            "name": "GrespPro",
            "tags": [],
            "visibility": "public",
            "isNew": false
        },
        {
            "organization": "charliecliff62",
            "key": "charliecliff62_grey-backend",
            "name": "grey-backend",
            "tags": [],
            "visibility": "public",
            "eligibilityStatus": "COMPLETED",
            "eligible": true,
            "isNew": false
        }
    ],
    "facets": [
        {
            "property": "languages",
            "values": [
                {
                    "val": "xml",
                    "count": 14845
                },
                {
                    "val": "web",
                    "count": 13245
                },
                {
                    "val": "java",
                    "count": 13148
                },
                {
                    "val": "css",
                    "count": 11600
                },
                {
                    "val": "js",
                    "count": 11511
                },
                {
                    "val": "cs",
                    "count": 6127
                },
                {
                    "val": "php",
                    "count": 2740
                },
                {
                    "val": "py",
                    "count": 2703
                },
                {
                    "val": "ts",
                    "count": 2054
                },
                {
                    "val": "c",
                    "count": 1733
                }
            ]
        },
        {
            "property": "ncloc",
            "values": [
                {
                    "val": "*-1000.0",
                    "count": 28146
                },
                {
                    "val": "1000.0-10000.0",
                    "count": 18885
                },
                {
                    "val": "10000.0-100000.0",
                    "count": 10812
                },
                {
                    "val": "100000.0-500000.0",
                    "count": 1998
                },
                {
                    "val": "500000.0-*",
                    "count": 378
                }
            ]
        }
    ]
}