{
    "paging": {
        "pageIndex": 605,
        "pageSize": 10,
        "total": 32063
    },
    "organizations": [
        {
            "key": "symonk-github",
            "name": "sylenium"
        },
        {
            "key": "frido-github",
            "name": "frido"
        },
        {
            "key": "arangodb-community",
            "name": "ArangoDB Community"
        },
        {
            "key": "gramster-github",
            "name": "Graham Wheeler"
        },
        {
            "key": "ideefx-github",
            "name": "IdeeFX"
        },
        {
            "key": "apache",
            "name": "The Apache Software Foundation"
        },
        {
            "key": "dimosellaatwork-github",
            "name": "diMosellaAtWork"
        },
        {
            "key": "murat0zer-github",
            "name": "Murat \u00d6ZER"
        },
        {
            "key": "willerfernandes",
            "name": "Willer Santos"
        },
        {
            "key": "jencisopy-github",
            "name": "Jorge Enciso"
        }
    ],
    "components": [
        {
            "organization": "ideefx-github",
            "key": "IdeeFX_projet_perso",
            "name": "openwis-harnais-diss-v2",
            "tags": [],
            "visibility": "public",
            "isNew": false
        },
        {
            "organization": "gramster-github",
            "key": "python-language-server",
            "name": "python-language-server",
            "tags": [],
            "visibility": "public",
            "isNew": false
        },
        {
            "organization": "dimosellaatwork-github",
            "key": "GeoWeb-FrontEnd",
            "name": "GeoWeb-FrontEnd",
            "tags": [],
            "visibility": "public",
            "isNew": false
        },
        {
            "organization": "arangodb-community",
            "key": "ArangoDB-Community_mirror-arangodb-java-driver",
            "name": "arangodb-java-driver",
            "tags": [],
            "visibility": "public",
            "isNew": false
        },
        {
            "organization": "jencisopy-github",
            "key": "org.javabeanstack:jbs-parent",
            "name": "JavaBeanStack",
            "tags": [
                "framework",
                "java",
                "javaee"
            ],
            "visibility": "public",
            "isNew": false
        },
        {
            "organization": "apache",
            "key": "servicecomb-pack",
            "name": "Apache ServiceComb Pack",
            "tags": [
                "servicecomb"
            ],
            "visibility": "public",
            "isNew": false
        },
        {
            "organization": "frido-github",
            "key": "frido:samosprava",
            "name": "Government-REST-API",
            "tags": [],
            "visibility": "public",
            "isNew": false
        },
        {
            "organization": "symonk-github",
            "key": "io.symonk.sylenium:sylenium",
            "name": "sylenium",
            "tags": [],
            "visibility": "public",
            "isNew": false
        },
        {
            "organization": "willerfernandes",
            "key": "willerfernandes_admoney-backend",
            "name": "admoney-backend",
            "tags": [],
            "visibility": "public",
            "eligibilityStatus": "COMPLETED",
            "eligible": false,
            "isNew": false
        },
        {
            "organization": "murat0zer-github",
            "key": "sliconf-micro",
            "name": "sliconf-micro",
            "tags": [],
            "visibility": "public",
            "isNew": false
        }
    ],
    "facets": [
        {
            "property": "languages",
            "values": [
                {
                    "val": "xml",
                    "count": 14841
                },
                {
                    "val": "web",
                    "count": 13242
                },
                {
                    "val": "java",
                    "count": 13146
                },
                {
                    "val": "css",
                    "count": 11597
                },
                {
                    "val": "js",
                    "count": 11505
                },
                {
                    "val": "cs",
                    "count": 6126
                },
                {
                    "val": "php",
                    "count": 2739
                },
                {
                    "val": "py",
                    "count": 2703
                },
                {
                    "val": "ts",
                    "count": 2053
                },
                {
                    "val": "c",
                    "count": 1733
                }
            ]
        },
        {
            "property": "ncloc",
            "values": [
                {
                    "val": "*-1000.0",
                    "count": 28144
                },
                {
                    "val": "1000.0-10000.0",
                    "count": 18878
                },
                {
                    "val": "10000.0-100000.0",
                    "count": 10810
                },
                {
                    "val": "100000.0-500000.0",
                    "count": 1997
                },
                {
                    "val": "500000.0-*",
                    "count": 378
                }
            ]
        }
    ]
}