{
    "paging": {
        "pageIndex": 312,
        "pageSize": 10,
        "total": 32064
    },
    "organizations": [
        {
            "key": "stunax",
            "name": "stunax"
        },
        {
            "key": "srikanth9599-code",
            "name": "srikanth9599-code"
        },
        {
            "key": "space-game-web-sullub2",
            "name": "space-game-web-sullub2"
        },
        {
            "key": "space-game-web-jags212",
            "name": "space-game-web-jags212"
        },
        {
            "key": "space-game-web-2020-2605",
            "name": "space-game-web-2020-2605"
        },
        {
            "key": "stevensnicole",
            "name": "Nicole Stevens"
        },
        {
            "key": "jlwalker-space-game-web-333",
            "name": "jlwalker-space-game-web-333"
        },
        {
            "key": "space-game-web-13",
            "name": "space-game-web-13"
        },
        {
            "key": "tailspin7838",
            "name": "tailspin7838"
        },
        {
            "key": "space-game-web-takcheung1",
            "name": "space-game-web-takcheung1"
        }
    ],
    "components": [
        {
            "organization": "space-game-web-jags212",
            "key": "space-game-web-jags212",
            "name": "mslearn-tailspin-spacegame-web",
            "tags": [],
            "visibility": "public",
            "isNew": false
        },
        {
            "organization": "jlwalker-space-game-web-333",
            "key": "sps-jlwalker_mslearn-tailspin-spacegame-web",
            "name": "mslearn-tailspin-spacegame-web",
            "tags": [],
            "visibility": "public",
            "eligibilityStatus": "COMPLETED",
            "eligible": false,
            "isNew": true
        },
        {
            "organization": "srikanth9599-code",
            "key": "srikanth9599-code_mslearn-tailspin-spacegame-web",
            "name": "mslearn-tailspin-spacegame-web",
            "tags": [],
            "visibility": "public",
            "eligibilityStatus": "COMPLETED",
            "eligible": false,
            "isNew": false
        },
        {
            "organization": "space-game-web-13",
            "key": "stamch13_mslearn-tailspin-spacegame-web",
            "name": "mslearn-tailspin-spacegame-web",
            "tags": [],
            "visibility": "public",
            "eligibilityStatus": "COMPLETED",
            "eligible": false,
            "isNew": false
        },
        {
            "organization": "stevensnicole",
            "key": "stevensnicole_mslearn-tailspin-spacegame-web",
            "name": "mslearn-tailspin-spacegame-web",
            "tags": [],
            "visibility": "public",
            "isNew": false
        },
        {
            "organization": "stunax",
            "key": "stunax_mslearn-tailspin-spacegame-web",
            "name": "mslearn-tailspin-spacegame-web",
            "tags": [],
            "visibility": "public",
            "eligibilityStatus": "COMPLETED",
            "eligible": false,
            "isNew": false
        },
        {
            "organization": "space-game-web-sullub2",
            "key": "sullub_mslearn-tailspin-spacegame-web",
            "name": "mslearn-tailspin-spacegame-web",
            "tags": [],
            "visibility": "public",
            "eligibilityStatus": "COMPLETED",
            "eligible": false,
            "isNew": false
        },
        {
            "organization": "space-game-web-2020-2605",
            "key": "svfrl_mslearn-tailspin-spacegame-web",
            "name": "mslearn-tailspin-spacegame-web",
            "tags": [],
            "visibility": "public",
            "eligibilityStatus": "COMPLETED",
            "eligible": false,
            "isNew": false
        },
        {
            "organization": "tailspin7838",
            "key": "tailspin7838",
            "name": "mslearn-tailspin-spacegame-web",
            "tags": [],
            "visibility": "public",
            "isNew": false
        },
        {
            "organization": "space-game-web-takcheung1",
            "key": "takcheung1_mslearn-tailspin-spacegame-web",
            "name": "mslearn-tailspin-spacegame-web",
            "tags": [],
            "visibility": "public",
            "eligibilityStatus": "COMPLETED",
            "eligible": false,
            "isNew": false
        }
    ],
    "facets": [
        {
            "property": "languages",
            "values": [
                {
                    "val": "xml",
                    "count": 14841
                },
                {
                    "val": "web",
                    "count": 13243
                },
                {
                    "val": "java",
                    "count": 13146
                },
                {
                    "val": "css",
                    "count": 11598
                },
                {
                    "val": "js",
                    "count": 11506
                },
                {
                    "val": "cs",
                    "count": 6126
                },
                {
                    "val": "php",
                    "count": 2739
                },
                {
                    "val": "py",
                    "count": 2703
                },
                {
                    "val": "ts",
                    "count": 2054
                },
                {
                    "val": "c",
                    "count": 1733
                }
            ]
        },
        {
            "property": "ncloc",
            "values": [
                {
                    "val": "*-1000.0",
                    "count": 28144
                },
                {
                    "val": "1000.0-10000.0",
                    "count": 18879
                },
                {
                    "val": "10000.0-100000.0",
                    "count": 10810
                },
                {
                    "val": "100000.0-500000.0",
                    "count": 1997
                },
                {
                    "val": "500000.0-*",
                    "count": 378
                }
            ]
        }
    ]
}