{
    "paging": {
        "pageIndex": 949,
        "pageSize": 10,
        "total": 32068
    },
    "organizations": [
        {
            "key": "gii_2015_16",
            "name": "GII2015_16"
        },
        {
            "key": "gii2016_17",
            "name": "GII2016_17"
        }
    ],
    "components": [
        {
            "organization": "gii_2015_16",
            "key": "ubu.gii.tfg.201607StudentExchange",
            "name": "201607 :: StudentExchange",
            "tags": [],
            "visibility": "public",
            "isNew": false
        },
        {
            "organization": "gii_2015_16",
            "key": "ubu.gii.tfg.201607WebThoth",
            "name": "201607 :: WebThoth",
            "tags": [],
            "visibility": "public",
            "isNew": false
        },
        {
            "organization": "gii_2015_16",
            "key": "ubu.gii.tfg.201609ProgDinamica",
            "name": "201609 :: ProgDinamica",
            "tags": [],
            "visibility": "public",
            "isNew": false
        },
        {
            "organization": "gii2016_17",
            "key": "ubu.gii.tfg.201701gobees",
            "name": "201701gobees",
            "tags": [],
            "visibility": "public",
            "isNew": false
        },
        {
            "organization": "gii2016_17",
            "key": "ubu.gii.tfg.201702CalifificacionesMoodle",
            "name": "201702 :: CalificacionesMoodle",
            "tags": [],
            "visibility": "public",
            "isNew": false
        },
        {
            "organization": "gii_2015_16",
            "key": "ubu.gii.tfg.201702ControlTransitoVisionArtificial",
            "name": "201702 :: ControlTransitoVisionArtificial",
            "tags": [],
            "visibility": "public",
            "isNew": false
        },
        {
            "organization": "gii2016_17",
            "key": "ubu.gii.tfg.201702GestionTFG_Web2.0",
            "name": "201702 :: GestionTFG_Web2.0",
            "tags": [],
            "visibility": "public",
            "isNew": false
        },
        {
            "organization": "gii2016_17",
            "key": "ubu.gii.tfg.201702gobees",
            "name": "201702 :: Gobees",
            "tags": [],
            "visibility": "public",
            "isNew": false
        },
        {
            "organization": "gii2016_17",
            "key": "ubu.gii.tfg.Mercapro",
            "name": "201702 :: Mercapro",
            "tags": [],
            "visibility": "public",
            "isNew": false
        },
        {
            "organization": "gii2016_17",
            "key": "ubu.gii.tfg.SimuladorApuestas",
            "name": "201702 :: SimuladorApuestas",
            "tags": [],
            "visibility": "public",
            "isNew": false
        }
    ],
    "facets": [
        {
            "property": "languages",
            "values": [
                {
                    "val": "xml",
                    "count": 14842
                },
                {
                    "val": "web",
                    "count": 13244
                },
                {
                    "val": "java",
                    "count": 13146
                },
                {
                    "val": "css",
                    "count": 11600
                },
                {
                    "val": "js",
                    "count": 11509
                },
                {
                    "val": "cs",
                    "count": 6127
                },
                {
                    "val": "php",
                    "count": 2740
                },
                {
                    "val": "py",
                    "count": 2703
                },
                {
                    "val": "ts",
                    "count": 2054
                },
                {
                    "val": "c",
                    "count": 1733
                }
            ]
        },
        {
            "property": "ncloc",
            "values": [
                {
                    "val": "*-1000.0",
                    "count": 28145
                },
                {
                    "val": "1000.0-10000.0",
                    "count": 18881
                },
                {
                    "val": "10000.0-100000.0",
                    "count": 10811
                },
                {
                    "val": "100000.0-500000.0",
                    "count": 1998
                },
                {
                    "val": "500000.0-*",
                    "count": 378
                }
            ]
        }
    ]
}