{
    "paging": {
        "pageIndex": 867,
        "pageSize": 10,
        "total": 32071
    },
    "organizations": [
        {
            "key": "greenbuttonalliance",
            "name": "Green Button Alliance"
        },
        {
            "key": "jferrater",
            "name": "Joffry Ferrater"
        },
        {
            "key": "marsetex-github",
            "name": "Marcel Gr\u00fc\u00dfinger"
        },
        {
            "key": "allegro",
            "name": "allegro"
        },
        {
            "key": "henryssondaniel-github",
            "name": "Daniel Henrysson"
        },
        {
            "key": "open",
            "name": "OPEN Platform"
        },
        {
            "key": "open-adventure",
            "name": "Open Adventure"
        },
        {
            "key": "thesuess-github",
            "name": "Dominik S\u00fc\u00df"
        },
        {
            "key": "openclinic",
            "name": "Open-Clinic"
        },
        {
            "key": "andreas-bauer-github",
            "name": "Andreas Bauer"
        }
    ],
    "components": [
        {
            "organization": "thesuess-github",
            "key": "oopR3",
            "name": "oopR3",
            "tags": [],
            "visibility": "public",
            "isNew": false
        },
        {
            "organization": "marsetex-github",
            "key": "OP-Sim",
            "name": "OP-Sim",
            "tags": [],
            "visibility": "public",
            "isNew": false
        },
        {
            "organization": "jferrater",
            "key": "jferrater_opa-data-filter-spring-boot-starter",
            "name": "opa-data-filter-spring-boot-starter",
            "tags": [],
            "visibility": "public",
            "eligibilityStatus": "COMPLETED",
            "eligible": false,
            "isNew": false
        },
        {
            "organization": "henryssondaniel-github",
            "key": "HenryssonDaniel_teacup-java-protocol-opc-ua",
            "name": "opc-ua",
            "tags": [],
            "visibility": "public",
            "isNew": false
        },
        {
            "organization": "allegro",
            "key": "opel",
            "name": "opel",
            "tags": [],
            "visibility": "public",
            "isNew": false
        },
        {
            "organization": "open-adventure",
            "key": "open-adventure",
            "name": "Open Adventure",
            "tags": [],
            "visibility": "public",
            "isNew": false
        },
        {
            "organization": "open",
            "key": "chain",
            "name": "open-chain",
            "tags": [],
            "visibility": "public",
            "isNew": false
        },
        {
            "organization": "openclinic",
            "key": "openclinic_open-clinic",
            "name": "open-clinic",
            "tags": [],
            "visibility": "public",
            "isNew": true
        },
        {
            "organization": "andreas-bauer-github",
            "key": "org.jvalue.ods:open-data-service",
            "name": "open-data-service",
            "tags": [],
            "visibility": "public",
            "isNew": false
        },
        {
            "organization": "greenbuttonalliance",
            "key": "GreenButtonAlliance_OpenESPI-DataCustodian-java",
            "name": "open-espi-data-custodian",
            "tags": [],
            "visibility": "public",
            "isNew": false
        }
    ],
    "facets": [
        {
            "property": "languages",
            "values": [
                {
                    "val": "xml",
                    "count": 14844
                },
                {
                    "val": "web",
                    "count": 13244
                },
                {
                    "val": "java",
                    "count": 13148
                },
                {
                    "val": "css",
                    "count": 11599
                },
                {
                    "val": "js",
                    "count": 11509
                },
                {
                    "val": "cs",
                    "count": 6127
                },
                {
                    "val": "php",
                    "count": 2740
                },
                {
                    "val": "py",
                    "count": 2703
                },
                {
                    "val": "ts",
                    "count": 2054
                },
                {
                    "val": "c",
                    "count": 1733
                }
            ]
        },
        {
            "property": "ncloc",
            "values": [
                {
                    "val": "*-1000.0",
                    "count": 28144
                },
                {
                    "val": "1000.0-10000.0",
                    "count": 18883
                },
                {
                    "val": "10000.0-100000.0",
                    "count": 10812
                },
                {
                    "val": "100000.0-500000.0",
                    "count": 1998
                },
                {
                    "val": "500000.0-*",
                    "count": 378
                }
            ]
        }
    ]
}