{
    "paging": {
        "pageIndex": 601,
        "pageSize": 10,
        "total": 32067
    },
    "organizations": [
        {
            "key": "tonydeng-github",
            "name": "Tony Deng"
        },
        {
            "key": "vinodh-thimmisetty-github",
            "name": "vinodh kumar Thimmisetty"
        },
        {
            "key": "divyakeerthana97-github",
            "name": "divyakeerthana97"
        },
        {
            "key": "antkorwin-github",
            "name": "Anatoliy Korovin"
        },
        {
            "key": "tgouvea-github",
            "name": "Tiago Gouv\u00eaa"
        },
        {
            "key": "albertonitro-github",
            "name": "AlbertoNitro"
        },
        {
            "key": "mickknutson-github",
            "name": "Mick Knutson"
        },
        {
            "key": "jesus-cabanero-fernandez",
            "name": "Jes\u00fas Caba\u00f1ero Fern\u00e1ndez"
        }
    ],
    "components": [
        {
            "organization": "vinodh-thimmisetty-github",
            "key": "com.vinodh.spring.security:Spring-Security",
            "name": "Spring-Security Maven Webapp",
            "tags": [],
            "visibility": "public",
            "isNew": false
        },
        {
            "organization": "antkorwin-github",
            "key": "com.antkorwin:spring-test-mongo",
            "name": "spring-test-mongo",
            "tags": [],
            "visibility": "public",
            "isNew": false
        },
        {
            "organization": "mickknutson-github",
            "key": "mickknutson_spring_batch_course",
            "name": "spring_batch_parent",
            "tags": [],
            "visibility": "public",
            "isNew": false
        },
        {
            "organization": "mickknutson-github",
            "key": "mickknutson_spring_integration_course",
            "name": "spring_integration_parent",
            "tags": [],
            "visibility": "public",
            "isNew": false
        },
        {
            "organization": "mickknutson-github",
            "key": "mickknutson_spring_security_course",
            "name": "spring_security_course __________",
            "tags": [],
            "visibility": "public",
            "isNew": false
        },
        {
            "organization": "tgouvea-github",
            "key": "com.tiagogouvea:springboot-angular5-backend",
            "name": "springboot-angular5-backend",
            "tags": [],
            "visibility": "public",
            "isNew": false
        },
        {
            "organization": "tonydeng-github",
            "key": "com.github.tonydeng.demo:springboot-rpc-samples",
            "name": "springboot-rpc-samples",
            "tags": [],
            "visibility": "public",
            "isNew": false
        },
        {
            "organization": "jesus-cabanero-fernandez",
            "key": "Jes\u00fas-Caba\u00f1ero-Fern\u00e1ndez_disenosoftware",
            "name": "SpringConDao",
            "tags": [],
            "visibility": "public",
            "isNew": false
        },
        {
            "organization": "divyakeerthana97-github",
            "key": "com.kgisl.springng7:springng7",
            "name": "springng7 Maven Webapp",
            "tags": [],
            "visibility": "public",
            "isNew": false
        },
        {
            "organization": "albertonitro-github",
            "key": "SpringPrueba",
            "name": "SpringPrueba",
            "tags": [],
            "visibility": "public",
            "isNew": false
        }
    ],
    "facets": [
        {
            "property": "languages",
            "values": [
                {
                    "val": "xml",
                    "count": 14842
                },
                {
                    "val": "web",
                    "count": 13243
                },
                {
                    "val": "java",
                    "count": 13146
                },
                {
                    "val": "css",
                    "count": 11599
                },
                {
                    "val": "js",
                    "count": 11508
                },
                {
                    "val": "cs",
                    "count": 6126
                },
                {
                    "val": "php",
                    "count": 2740
                },
                {
                    "val": "py",
                    "count": 2703
                },
                {
                    "val": "ts",
                    "count": 2054
                },
                {
                    "val": "c",
                    "count": 1733
                }
            ]
        },
        {
            "property": "ncloc",
            "values": [
                {
                    "val": "*-1000.0",
                    "count": 28145
                },
                {
                    "val": "1000.0-10000.0",
                    "count": 18881
                },
                {
                    "val": "10000.0-100000.0",
                    "count": 10810
                },
                {
                    "val": "100000.0-500000.0",
                    "count": 1998
                },
                {
                    "val": "500000.0-*",
                    "count": 378
                }
            ]
        }
    ]
}