{
    "paging": {
        "pageIndex": 771,
        "pageSize": 10,
        "total": 32068
    },
    "organizations": [
        {
            "key": "intellias",
            "name": "intellias"
        },
        {
            "key": "liferay-hu",
            "name": "Liferay Hungary"
        },
        {
            "key": "uvms-github",
            "name": "Union Vms"
        },
        {
            "key": "laristra",
            "name": "laristra"
        },
        {
            "key": "ehrbase",
            "name": "ehrbase"
        },
        {
            "key": "gz-systems",
            "name": "GZ-Systems"
        },
        {
            "key": "francescoz93",
            "name": "francescoZ93"
        }
    ],
    "components": [
        {
            "organization": "intellias",
            "key": "IntelliGrowth-SPA",
            "name": "IntelliGrowth-SPA",
            "tags": [],
            "visibility": "public",
            "isNew": false
        },
        {
            "organization": "uvms-github",
            "key": "eu.europa.ec.fisheries.uvms.subscription:subscription",
            "name": "subscription",
            "tags": [],
            "visibility": "public",
            "isNew": false
        },
        {
            "organization": "laristra",
            "key": "flecsi:/sonar",
            "name": "flecsi /sonar",
            "tags": [],
            "visibility": "public",
            "isNew": false
        },
        {
            "organization": "laristra",
            "key": "flecsi:/stable",
            "name": "flecsi /stable",
            "tags": [],
            "visibility": "public",
            "isNew": false
        },
        {
            "organization": "laristra",
            "key": "flecsi:/stable-gcc7",
            "name": "flecsi /stable-gcc7",
            "tags": [],
            "visibility": "public",
            "isNew": false
        },
        {
            "organization": "laristra",
            "key": "flecsi:/stable/old_stable",
            "name": "flecsi /stable/old_stable",
            "tags": [],
            "visibility": "public",
            "isNew": false
        },
        {
            "organization": "gz-systems",
            "key": "RazorPagesMovie",
            "name": "RazorPagesMovie",
            "tags": [],
            "visibility": "public",
            "isNew": false
        },
        {
            "organization": "liferay-hu",
            "key": "com-liferay-changeset",
            "name": "com-liferay-changeset",
            "tags": [],
            "visibility": "public",
            "isNew": false
        },
        {
            "organization": "ehrbase",
            "key": "ehrbase_ehrbase",
            "name": "ehrbase",
            "tags": [],
            "visibility": "public",
            "isNew": false
        },
        {
            "organization": "francescoz93",
            "key": "francescoZ93_htm",
            "name": "htm.java",
            "tags": [],
            "visibility": "public",
            "isNew": false
        }
    ],
    "facets": [
        {
            "property": "languages",
            "values": [
                {
                    "val": "xml",
                    "count": 14842
                },
                {
                    "val": "web",
                    "count": 13244
                },
                {
                    "val": "java",
                    "count": 13146
                },
                {
                    "val": "css",
                    "count": 11600
                },
                {
                    "val": "js",
                    "count": 11509
                },
                {
                    "val": "cs",
                    "count": 6127
                },
                {
                    "val": "php",
                    "count": 2740
                },
                {
                    "val": "py",
                    "count": 2703
                },
                {
                    "val": "ts",
                    "count": 2054
                },
                {
                    "val": "c",
                    "count": 1733
                }
            ]
        },
        {
            "property": "ncloc",
            "values": [
                {
                    "val": "*-1000.0",
                    "count": 28145
                },
                {
                    "val": "1000.0-10000.0",
                    "count": 18881
                },
                {
                    "val": "10000.0-100000.0",
                    "count": 10811
                },
                {
                    "val": "100000.0-500000.0",
                    "count": 1998
                },
                {
                    "val": "500000.0-*",
                    "count": 378
                }
            ]
        }
    ]
}