{
    "paging": {
        "pageIndex": 745,
        "pageSize": 10,
        "total": 32075
    },
    "organizations": [
        {
            "key": "ljyanesm-github",
            "name": "Luis Yanes"
        },
        {
            "key": "iamvictorabedi-bitbucket",
            "name": "Victor Abedi"
        },
        {
            "key": "infoseckey",
            "name": "general"
        },
        {
            "key": "ampli-github",
            "name": "Amir Plivatsky"
        },
        {
            "key": "ligoj-github",
            "name": "Ligoj (links)"
        },
        {
            "key": "ben1222-github",
            "name": "ben1222"
        },
        {
            "key": "linr211",
            "name": "Colin Lin"
        },
        {
            "key": "cf-deploy-service",
            "name": "cf-deploy-service"
        },
        {
            "key": "elopez-github",
            "name": "Emilio L\u00f3pez"
        },
        {
            "key": "guarani-sistemas",
            "name": "guarani-sistemas"
        }
    ],
    "components": [
        {
            "organization": "infoseckey",
            "key": "lighttpd_1.4.45:JC2",
            "name": "lighttpd_1.4.45:JC2",
            "tags": [],
            "visibility": "public",
            "isNew": false
        },
        {
            "organization": "ligoj-github",
            "key": "org.ligoj.plugin:plugin-id-ldap",
            "name": "Ligoj - Plugin ID - LDAP",
            "tags": [],
            "visibility": "public",
            "isNew": false
        },
        {
            "organization": "guarani-sistemas",
            "key": "lilly-backend",
            "name": "lilly-backend",
            "tags": [],
            "visibility": "public",
            "isNew": false
        },
        {
            "organization": "ampli-github",
            "key": "link-grammar",
            "name": "Link Grammar",
            "tags": [],
            "visibility": "public",
            "isNew": false
        },
        {
            "organization": "linr211",
            "key": "linr211-java-client-g11n-java-client",
            "name": "linr211-java-client-g11n-java-client",
            "tags": [],
            "visibility": "public",
            "isNew": false
        },
        {
            "organization": "elopez-github",
            "key": "elopez.linux.travis-project:travis-sonar",
            "name": "Linux Kernel - elopez's repo travis-sonar",
            "tags": [],
            "visibility": "public",
            "isNew": false
        },
        {
            "organization": "iamvictorabedi-bitbucket",
            "key": "ke.co.carepay:lipia-msee",
            "name": "lipia-msee",
            "tags": [],
            "visibility": "public",
            "isNew": false
        },
        {
            "organization": "ljyanesm-github",
            "key": "ljyanesm_bsg",
            "name": "ljyanesm_bsg",
            "tags": [],
            "visibility": "public",
            "isNew": false
        },
        {
            "organization": "ben1222-github",
            "key": "llhelper-test",
            "name": "llhelper-test",
            "tags": [],
            "visibility": "public",
            "isNew": false
        },
        {
            "organization": "cf-deploy-service",
            "key": "com.sap.cloud.lm.sl.cf:com.sap.cloud.lm.sl.cf.parent",
            "name": "LM SL CF Parent",
            "tags": [],
            "visibility": "public",
            "isNew": false
        }
    ],
    "facets": [
        {
            "property": "languages",
            "values": [
                {
                    "val": "xml",
                    "count": 14846
                },
                {
                    "val": "web",
                    "count": 13246
                },
                {
                    "val": "java",
                    "count": 13149
                },
                {
                    "val": "css",
                    "count": 11600
                },
                {
                    "val": "js",
                    "count": 11511
                },
                {
                    "val": "cs",
                    "count": 6127
                },
                {
                    "val": "php",
                    "count": 2740
                },
                {
                    "val": "py",
                    "count": 2704
                },
                {
                    "val": "ts",
                    "count": 2054
                },
                {
                    "val": "c",
                    "count": 1733
                }
            ]
        },
        {
            "property": "ncloc",
            "values": [
                {
                    "val": "*-1000.0",
                    "count": 28146
                },
                {
                    "val": "1000.0-10000.0",
                    "count": 18886
                },
                {
                    "val": "10000.0-100000.0",
                    "count": 10813
                },
                {
                    "val": "100000.0-500000.0",
                    "count": 1998
                },
                {
                    "val": "500000.0-*",
                    "count": 378
                }
            ]
        }
    ]
}