{
    "paging": {
        "pageIndex": 447,
        "pageSize": 10,
        "total": 32066
    },
    "organizations": [
        {
            "key": "odpi-poc",
            "name": "odpi-poc"
        },
        {
            "key": "juliencloud",
            "name": "Julien Cloud"
        },
        {
            "key": "odpi",
            "name": "ODPi: the open ecosystem of big data"
        },
        {
            "key": "peihong-fan30168",
            "name": "Peihong Fan"
        },
        {
            "key": "egg82-github",
            "name": "egg82"
        },
        {
            "key": "dawiddc-github",
            "name": "Dawid C."
        },
        {
            "key": "ehrbase",
            "name": "ehrbase"
        },
        {
            "key": "jeff-tian-github",
            "name": "Jeff"
        },
        {
            "key": "bushocas-github",
            "name": "BUshOCAS"
        }
    ],
    "components": [
        {
            "organization": "odpi-poc",
            "key": "org.odpi.egeria:egeria",
            "name": "Egeria",
            "tags": [],
            "visibility": "public",
            "isNew": false
        },
        {
            "organization": "odpi",
            "key": "egeria-connector-hadoop-ecosystem",
            "name": "Egeria - Connector Apache Atlas",
            "tags": [],
            "visibility": "public",
            "isNew": false
        },
        {
            "organization": "odpi",
            "key": "egeria-connector-ibm-information-server",
            "name": "Egeria - Connector IBM Information Server",
            "tags": [],
            "visibility": "public",
            "isNew": false
        },
        {
            "organization": "jeff-tian-github",
            "key": "Jeff-Tian_egg-sequelize",
            "name": "egg-sequelize",
            "tags": [],
            "visibility": "public",
            "isNew": false
        },
        {
            "organization": "egg82-github",
            "key": "ninja.egg82.lib:plugin-lib-parent",
            "name": "egg82-plugin-lib",
            "tags": [],
            "visibility": "public",
            "isNew": false
        },
        {
            "organization": "juliencloud",
            "key": "juliencloud_EGNSS4CAP",
            "name": "EGNSS4CAP",
            "tags": [],
            "visibility": "public",
            "eligibilityStatus": "COMPLETED",
            "eligible": true,
            "isNew": false
        },
        {
            "organization": "bushocas-github",
            "key": "pmsGroup",
            "name": "egov-opmsService",
            "tags": [],
            "visibility": "public",
            "isNew": false
        },
        {
            "organization": "dawiddc-github",
            "key": "org.dawiddc.egradebook:egradebook",
            "name": "egradebook",
            "tags": [],
            "visibility": "public",
            "isNew": false
        },
        {
            "organization": "ehrbase",
            "key": "ehrbase_ehrbase",
            "name": "ehrbase",
            "tags": [],
            "visibility": "public",
            "isNew": false
        },
        {
            "organization": "peihong-fan30168",
            "key": "eifu-p1",
            "name": "eifu",
            "tags": [],
            "visibility": "public",
            "isNew": false
        }
    ],
    "facets": [
        {
            "property": "languages",
            "values": [
                {
                    "val": "xml",
                    "count": 14842
                },
                {
                    "val": "web",
                    "count": 13243
                },
                {
                    "val": "java",
                    "count": 13146
                },
                {
                    "val": "css",
                    "count": 11599
                },
                {
                    "val": "js",
                    "count": 11508
                },
                {
                    "val": "cs",
                    "count": 6126
                },
                {
                    "val": "php",
                    "count": 2740
                },
                {
                    "val": "py",
                    "count": 2703
                },
                {
                    "val": "ts",
                    "count": 2054
                },
                {
                    "val": "c",
                    "count": 1733
                }
            ]
        },
        {
            "property": "ncloc",
            "values": [
                {
                    "val": "*-1000.0",
                    "count": 28145
                },
                {
                    "val": "1000.0-10000.0",
                    "count": 18880
                },
                {
                    "val": "10000.0-100000.0",
                    "count": 10810
                },
                {
                    "val": "100000.0-500000.0",
                    "count": 1998
                },
                {
                    "val": "500000.0-*",
                    "count": 378
                }
            ]
        }
    ]
}