{
    "paging": {
        "pageIndex": 987,
        "pageSize": 10,
        "total": 32075
    },
    "organizations": [
        {
            "key": "narayanan177",
            "name": "narayanan177"
        },
        {
            "key": "hedgedoge21490-github",
            "name": "Hedgedoge21490"
        },
        {
            "key": "kroton",
            "name": "Kroton"
        },
        {
            "key": "thuylx-github",
            "name": "Thuy Le"
        },
        {
            "key": "alvchbot-github",
            "name": "alvchbot"
        },
        {
            "key": "pyt243-github",
            "name": "pyt243"
        },
        {
            "key": "roveicy-github",
            "name": "roveicy"
        },
        {
            "key": "featuretogglestudy",
            "name": "FeatureToggleStudy"
        },
        {
            "key": "orrimp-github",
            "name": "Vitaliy Schreibmann"
        }
    ],
    "components": [
        {
            "organization": "thuylx-github",
            "key": "vn.tki.erp.cambpm:cambpm",
            "name": "cambpm",
            "tags": [],
            "visibility": "public",
            "isNew": false
        },
        {
            "organization": "kroton",
            "key": "wsdl-camel-kroton:camel-example-spring-ws",
            "name": "Camel :: Spring :: Web Services",
            "tags": [],
            "visibility": "public",
            "isNew": false
        },
        {
            "organization": "roveicy-github",
            "key": "polytechnique-ease_Camera-Roll-Android-App",
            "name": "Camera-Roll-Android-App-master",
            "tags": [],
            "visibility": "public",
            "isNew": false
        },
        {
            "organization": "orrimp-github",
            "key": "CampusApp",
            "name": "Campus App",
            "tags": [],
            "visibility": "public",
            "isNew": false
        },
        {
            "organization": "pyt243-github",
            "key": "pyt243_Campus-Eats-Frontend",
            "name": "Campus-Eats-Frontend",
            "tags": [],
            "visibility": "public",
            "isNew": false
        },
        {
            "organization": "alvchbot-github",
            "key": "ch.admin.seco.service.candidate:candidate-service",
            "name": "candidate-service",
            "tags": [],
            "visibility": "public",
            "isNew": false
        },
        {
            "organization": "roveicy-github",
            "key": "polytechnique-ease_candybar-library",
            "name": "candybar-library-master",
            "tags": [],
            "visibility": "public",
            "isNew": false
        },
        {
            "organization": "hedgedoge21490-github",
            "key": "de.unitrier.hedgedoge21490:list",
            "name": "Cannon",
            "tags": [],
            "visibility": "public",
            "isNew": false
        },
        {
            "organization": "featuretogglestudy",
            "key": "FeatureToggleStudy_canvas_shim",
            "name": "canvas_shim",
            "tags": [],
            "visibility": "public",
            "isNew": false
        },
        {
            "organization": "narayanan177",
            "key": "CAPE-WebApp",
            "name": "CAPE-WebApp",
            "tags": [],
            "visibility": "public",
            "isNew": false
        }
    ],
    "facets": [
        {
            "property": "languages",
            "values": [
                {
                    "val": "xml",
                    "count": 14846
                },
                {
                    "val": "web",
                    "count": 13246
                },
                {
                    "val": "java",
                    "count": 13149
                },
                {
                    "val": "css",
                    "count": 11600
                },
                {
                    "val": "js",
                    "count": 11511
                },
                {
                    "val": "cs",
                    "count": 6127
                },
                {
                    "val": "php",
                    "count": 2740
                },
                {
                    "val": "py",
                    "count": 2704
                },
                {
                    "val": "ts",
                    "count": 2054
                },
                {
                    "val": "c",
                    "count": 1733
                }
            ]
        },
        {
            "property": "ncloc",
            "values": [
                {
                    "val": "*-1000.0",
                    "count": 28146
                },
                {
                    "val": "1000.0-10000.0",
                    "count": 18886
                },
                {
                    "val": "10000.0-100000.0",
                    "count": 10813
                },
                {
                    "val": "100000.0-500000.0",
                    "count": 1998
                },
                {
                    "val": "500000.0-*",
                    "count": 378
                }
            ]
        }
    ]
}