{
    "paging": {
        "pageIndex": 721,
        "pageSize": 10,
        "total": 32063
    },
    "organizations": [
        {
            "key": "java_1804",
            "name": "java"
        },
        {
            "key": "vijayvani-github",
            "name": "vijayvani"
        },
        {
            "key": "jewzaam-github",
            "name": "Naveen Malik"
        },
        {
            "key": "jbb-project-github",
            "name": "jbb-project"
        },
        {
            "key": "csimonapastore-github",
            "name": "csimonapastore"
        },
        {
            "key": "vijayeluri-github",
            "name": "VijayEluri"
        },
        {
            "key": "xsmrcek",
            "name": "Daniel Smr\u010dek"
        }
    ],
    "components": [
        {
            "organization": "jbb-project-github",
            "key": "org.jbb:jbb-parent",
            "name": "jBB Application",
            "tags": [],
            "visibility": "public",
            "isNew": false
        },
        {
            "organization": "java_1804",
            "key": "jbehave-core_180410",
            "name": "jbehave-core",
            "tags": [],
            "visibility": "public",
            "isNew": false
        },
        {
            "organization": "xsmrcek",
            "key": "xsmrcek_jbehave-support",
            "name": "jbehave-support",
            "tags": [],
            "visibility": "public",
            "isNew": false
        },
        {
            "organization": "vijayeluri-github",
            "key": "VijayEluri_jbel",
            "name": "JBEL",
            "tags": [],
            "visibility": "public",
            "isNew": false
        },
        {
            "organization": "vijayvani-github",
            "key": "vijayvani_JBL",
            "name": "JBL",
            "tags": [],
            "visibility": "public",
            "isNew": false
        },
        {
            "organization": "vijayvani-github",
            "key": "vijayvani_jbool_expressions",
            "name": "jbool_expressions",
            "tags": [],
            "visibility": "public",
            "isNew": false
        },
        {
            "organization": "jewzaam-github",
            "key": "com.redhat.util:jcliff",
            "name": "JBoss configuration client front-end",
            "tags": [],
            "visibility": "public",
            "isNew": false
        },
        {
            "organization": "vijayeluri-github",
            "key": "VijayEluri_jboss-msc",
            "name": "JBoss Modular Service Container",
            "tags": [],
            "visibility": "public",
            "isNew": false
        },
        {
            "organization": "csimonapastore-github",
            "key": "qwerty011",
            "name": "JBoss VFS",
            "tags": [],
            "visibility": "public",
            "isNew": false
        },
        {
            "organization": "vijayeluri-github",
            "key": "VijayEluri_jbosgi",
            "name": "JBossOSGi",
            "tags": [],
            "visibility": "public",
            "isNew": false
        }
    ],
    "facets": [
        {
            "property": "languages",
            "values": [
                {
                    "val": "xml",
                    "count": 14840
                },
                {
                    "val": "web",
                    "count": 13241
                },
                {
                    "val": "java",
                    "count": 13146
                },
                {
                    "val": "css",
                    "count": 11596
                },
                {
                    "val": "js",
                    "count": 11504
                },
                {
                    "val": "cs",
                    "count": 6126
                },
                {
                    "val": "php",
                    "count": 2739
                },
                {
                    "val": "py",
                    "count": 2703
                },
                {
                    "val": "ts",
                    "count": 2053
                },
                {
                    "val": "c",
                    "count": 1733
                }
            ]
        },
        {
            "property": "ncloc",
            "values": [
                {
                    "val": "*-1000.0",
                    "count": 28143
                },
                {
                    "val": "1000.0-10000.0",
                    "count": 18879
                },
                {
                    "val": "10000.0-100000.0",
                    "count": 10810
                },
                {
                    "val": "100000.0-500000.0",
                    "count": 1996
                },
                {
                    "val": "500000.0-*",
                    "count": 378
                }
            ]
        }
    ]
}