{
    "paging": {
        "pageIndex": 957,
        "pageSize": 10,
        "total": 32073
    },
    "organizations": [
        {
            "key": "minecraft-mod-development",
            "name": "Minecraft Mod Development"
        },
        {
            "key": "apauna",
            "name": "apauna"
        },
        {
            "key": "cryptolandtech",
            "name": "cryptoland.tech"
        },
        {
            "key": "emamazed-github",
            "name": "Emilie Ying"
        },
        {
            "key": "denniseendragt-github",
            "name": "DennisEendragt1"
        },
        {
            "key": "mmarlonms",
            "name": "Marlon Miranda da Silva"
        },
        {
            "key": "moralworks",
            "name": "Moral Works"
        },
        {
            "key": "kirdock",
            "name": "Klaus Strie\u00dfnig"
        },
        {
            "key": "jellyfin",
            "name": "Jellyfin"
        },
        {
            "key": "gerryom",
            "name": "gerryom"
        }
    ],
    "components": [
        {
            "organization": "mmarlonms",
            "key": "monte-olimpo-base-core",
            "name": "monte-olimpo-bas-core",
            "tags": [],
            "visibility": "public",
            "isNew": false
        },
        {
            "organization": "emamazed-github",
            "key": "moodle28",
            "name": "Moodle 2.8 Core Project",
            "tags": [],
            "visibility": "public",
            "isNew": false
        },
        {
            "organization": "kirdock",
            "key": "Kirdock_Moodle2.0",
            "name": "Moodle2.0",
            "tags": [],
            "visibility": "public",
            "eligibilityStatus": "COMPLETED",
            "eligible": true,
            "isNew": false
        },
        {
            "organization": "apauna",
            "key": "apauna_moonlet",
            "name": "moonlet",
            "tags": [],
            "visibility": "public",
            "isNew": false
        },
        {
            "organization": "cryptolandtech",
            "key": "cryptolandtech_moonlet",
            "name": "moonlet",
            "tags": [],
            "visibility": "public",
            "isNew": false
        },
        {
            "organization": "denniseendragt-github",
            "key": "DennisEendragt_MoonLight",
            "name": "moonlight-android",
            "tags": [],
            "visibility": "public",
            "isNew": false
        },
        {
            "organization": "jellyfin",
            "key": "jellyfin_mopidy-jellyfin",
            "name": "mopidy-jellyfin",
            "tags": [],
            "visibility": "public",
            "eligibilityStatus": "COMPLETED",
            "eligible": true,
            "isNew": false
        },
        {
            "organization": "minecraft-mod-development",
            "key": "com.mcmoddev:MOPM",
            "name": "MOPM",
            "tags": [
                "minecraft"
            ],
            "visibility": "public",
            "isNew": false
        },
        {
            "organization": "gerryom",
            "key": "gerryom_moquette",
            "name": "moquette-parent",
            "tags": [],
            "visibility": "public",
            "isNew": false
        },
        {
            "organization": "moralworks",
            "key": "com.moralworks.app:moralworks",
            "name": "Moralworks",
            "tags": [],
            "visibility": "public",
            "isNew": false
        }
    ],
    "facets": [
        {
            "property": "languages",
            "values": [
                {
                    "val": "xml",
                    "count": 14845
                },
                {
                    "val": "web",
                    "count": 13245
                },
                {
                    "val": "java",
                    "count": 13148
                },
                {
                    "val": "css",
                    "count": 11600
                },
                {
                    "val": "js",
                    "count": 11511
                },
                {
                    "val": "cs",
                    "count": 6127
                },
                {
                    "val": "php",
                    "count": 2740
                },
                {
                    "val": "py",
                    "count": 2703
                },
                {
                    "val": "ts",
                    "count": 2054
                },
                {
                    "val": "c",
                    "count": 1733
                }
            ]
        },
        {
            "property": "ncloc",
            "values": [
                {
                    "val": "*-1000.0",
                    "count": 28145
                },
                {
                    "val": "1000.0-10000.0",
                    "count": 18885
                },
                {
                    "val": "10000.0-100000.0",
                    "count": 10812
                },
                {
                    "val": "100000.0-500000.0",
                    "count": 1998
                },
                {
                    "val": "500000.0-*",
                    "count": 378
                }
            ]
        }
    ]
}