{
    "paging": {
        "pageIndex": 502,
        "pageSize": 10,
        "total": 32066
    },
    "organizations": [
        {
            "key": "mteli-bitbucket",
            "name": "Meethalal Teli"
        },
        {
            "key": "francescobonizzi-github",
            "name": "Francesco Bonizzi"
        },
        {
            "key": "fdio",
            "name": "FD.io - The Universal Data Plane"
        },
        {
            "key": "mferretti-github",
            "name": "Marco Ferretti"
        },
        {
            "key": "j-rivero-github",
            "name": "Jose Luis Rivero"
        },
        {
            "key": "legrandalan",
            "name": "alanlg"
        },
        {
            "key": "securedevopsdelivery",
            "name": "Secure DevOps Delivery"
        },
        {
            "key": "markuskaufmann-github",
            "name": "markuskaufmann"
        },
        {
            "key": "onevizion",
            "name": "ov-integrations"
        },
        {
            "key": "ukoolabs",
            "name": "Peter Tribe"
        }
    ],
    "components": [
        {
            "organization": "legrandalan",
            "key": "faw:FilAlumniWeb",
            "name": "faw",
            "tags": [],
            "visibility": "public",
            "isNew": false
        },
        {
            "organization": "francescobonizzi-github",
            "key": "FrancescoBonizzi_FbonizziMonoGame",
            "name": "FbonizziMonoGame",
            "tags": [],
            "visibility": "public",
            "isNew": false
        },
        {
            "organization": "markuskaufmann-github",
            "key": "ch.hslu.appe.18fs:fbs",
            "name": "fbs",
            "tags": [],
            "visibility": "public",
            "isNew": false
        },
        {
            "organization": "ukoolabs",
            "key": "UkooLabs_FBXSharpie",
            "name": "FBXSharpie",
            "tags": [],
            "visibility": "public",
            "isNew": false
        },
        {
            "organization": "mteli-bitbucket",
            "key": "FC",
            "name": "FC",
            "tags": [],
            "visibility": "public",
            "isNew": false
        },
        {
            "organization": "securedevopsdelivery",
            "key": "Securedevops-FC",
            "name": "FC_SEcureDevOps",
            "tags": [],
            "visibility": "public",
            "isNew": false
        },
        {
            "organization": "onevizion",
            "key": "ov-integrations_FCCDB",
            "name": "FCCDB",
            "tags": [],
            "visibility": "public",
            "isNew": false
        },
        {
            "organization": "j-rivero-github",
            "key": "fcl",
            "name": "fcl",
            "tags": [],
            "visibility": "public",
            "isNew": false
        },
        {
            "organization": "mferretti-github",
            "key": "ec.jrc.dcf:fdi",
            "name": "FDI Pilot",
            "tags": [],
            "visibility": "public",
            "isNew": false
        },
        {
            "organization": "fdio",
            "key": "fdio-vpp",
            "name": "fdio-vpp",
            "tags": [],
            "visibility": "public",
            "isNew": false
        }
    ],
    "facets": [
        {
            "property": "languages",
            "values": [
                {
                    "val": "xml",
                    "count": 14842
                },
                {
                    "val": "web",
                    "count": 13243
                },
                {
                    "val": "java",
                    "count": 13146
                },
                {
                    "val": "css",
                    "count": 11599
                },
                {
                    "val": "js",
                    "count": 11508
                },
                {
                    "val": "cs",
                    "count": 6126
                },
                {
                    "val": "php",
                    "count": 2740
                },
                {
                    "val": "py",
                    "count": 2703
                },
                {
                    "val": "ts",
                    "count": 2054
                },
                {
                    "val": "c",
                    "count": 1733
                }
            ]
        },
        {
            "property": "ncloc",
            "values": [
                {
                    "val": "*-1000.0",
                    "count": 28145
                },
                {
                    "val": "1000.0-10000.0",
                    "count": 18880
                },
                {
                    "val": "10000.0-100000.0",
                    "count": 10810
                },
                {
                    "val": "100000.0-500000.0",
                    "count": 1998
                },
                {
                    "val": "500000.0-*",
                    "count": 378
                }
            ]
        }
    ]
}