{
    "paging": {
        "pageIndex": 276,
        "pageSize": 10,
        "total": 32071
    },
    "organizations": [
        {
            "key": "rayhan-arwindra",
            "name": "Rayhan Arwindra"
        },
        {
            "key": "minecraft-mod-development",
            "name": "Minecraft Mod Development"
        },
        {
            "key": "rocktothorpe-github",
            "name": "Raquel Bonilla"
        },
        {
            "key": "hmcts",
            "name": "HMCTS"
        },
        {
            "key": "tmplcss",
            "name": "tmplcss"
        },
        {
            "key": "qarmin-1",
            "name": "Rafa\u0142"
        },
        {
            "key": "kunfoodfii",
            "name": "KunFooD"
        },
        {
            "key": "adambajguz-github",
            "name": "Smart Schedule"
        },
        {
            "key": "twincorp",
            "name": "Dylan Boyd"
        },
        {
            "key": "tdt4140-gr1829",
            "name": "tdt4140-gr1829"
        }
    ],
    "components": [
        {
            "organization": "rocktothorpe-github",
            "key": "rocktothorpe_PolyPong",
            "name": "POLYPONG",
            "tags": [],
            "visibility": "public",
            "isNew": false
        },
        {
            "organization": "minecraft-mod-development",
            "key": "org.jurassicraft:JurassiCraft",
            "name": "JurassiCraft",
            "tags": [
                "minecraft"
            ],
            "visibility": "public",
            "isNew": false
        },
        {
            "organization": "qarmin-1",
            "key": "qarmin_glib",
            "name": "glib",
            "tags": [],
            "visibility": "public",
            "isNew": false
        },
        {
            "organization": "kunfoodfii",
            "key": "kunfood",
            "name": "kunfood",
            "tags": [],
            "visibility": "public",
            "isNew": false
        },
        {
            "organization": "hmcts",
            "key": "vh-video-api",
            "name": "hmcts/vh-video-api",
            "tags": [],
            "visibility": "public",
            "isNew": false
        },
        {
            "organization": "tdt4140-gr1829",
            "key": "tdt4140-gr1829-ui",
            "name": "tdt4140-gr1829.app.ui",
            "tags": [],
            "visibility": "public",
            "isNew": false
        },
        {
            "organization": "tmplcss",
            "key": "Eva",
            "name": "Eva",
            "tags": [],
            "visibility": "public",
            "isNew": false
        },
        {
            "organization": "adambajguz-github",
            "key": "adambajguz_SmartScheduleBackend",
            "name": "SmartScheduleBackend",
            "tags": [],
            "visibility": "public",
            "isNew": false
        },
        {
            "organization": "twincorp",
            "key": "dylanjboyd_lifeknifex-app",
            "name": "lifeknifex-app",
            "tags": [],
            "visibility": "public",
            "eligibilityStatus": "COMPLETED",
            "eligible": true,
            "isNew": false
        },
        {
            "organization": "rayhan-arwindra",
            "key": "rayhan.arwindra_advprog-2020",
            "name": "AdvProg-Tutorial",
            "tags": [],
            "visibility": "public",
            "isNew": false
        }
    ],
    "facets": [
        {
            "property": "languages",
            "values": [
                {
                    "val": "xml",
                    "count": 14844
                },
                {
                    "val": "web",
                    "count": 13244
                },
                {
                    "val": "java",
                    "count": 13148
                },
                {
                    "val": "css",
                    "count": 11599
                },
                {
                    "val": "js",
                    "count": 11509
                },
                {
                    "val": "cs",
                    "count": 6127
                },
                {
                    "val": "php",
                    "count": 2740
                },
                {
                    "val": "py",
                    "count": 2703
                },
                {
                    "val": "ts",
                    "count": 2054
                },
                {
                    "val": "c",
                    "count": 1733
                }
            ]
        },
        {
            "property": "ncloc",
            "values": [
                {
                    "val": "*-1000.0",
                    "count": 28145
                },
                {
                    "val": "1000.0-10000.0",
                    "count": 18883
                },
                {
                    "val": "10000.0-100000.0",
                    "count": 10812
                },
                {
                    "val": "100000.0-500000.0",
                    "count": 1998
                },
                {
                    "val": "500000.0-*",
                    "count": 378
                }
            ]
        }
    ]
}