{
    "paging": {
        "pageIndex": 308,
        "pageSize": 10,
        "total": 32071
    },
    "organizations": [
        {
            "key": "1907-jul15-net",
            "name": "1907-jul15-net"
        },
        {
            "key": "steven-r-github",
            "name": "Stephen Reindl"
        },
        {
            "key": "reivalc-github",
            "name": "reivalc"
        },
        {
            "key": "mbouchenoire-github",
            "name": "Maxime Bouchenoire"
        },
        {
            "key": "cpsecapstone",
            "name": "CPSECapstone"
        },
        {
            "key": "salgokrisz-github",
            "name": "salgokrisz"
        },
        {
            "key": "opennms",
            "name": "OpenNMS"
        },
        {
            "key": "oicr-gsi",
            "name": "oicr-gsi"
        },
        {
            "key": "wmftest",
            "name": "Wikimedia Foundation"
        },
        {
            "key": "maximemichaud-1",
            "name": "Maxime Michaud"
        }
    ],
    "components": [
        {
            "organization": "reivalc-github",
            "key": "tpmgl7460-david",
            "name": "tpmgl7460",
            "tags": [],
            "visibility": "public",
            "isNew": false
        },
        {
            "organization": "salgokrisz-github",
            "key": "com.mycompany:Cluedo",
            "name": "Cluedo",
            "tags": [],
            "visibility": "public",
            "isNew": false
        },
        {
            "organization": "cpsecapstone",
            "key": "CPSECapstone_Rooio",
            "name": "Rooio",
            "tags": [],
            "visibility": "public",
            "isNew": false
        },
        {
            "organization": "opennms",
            "key": "OpenNMS_opennms",
            "name": "OpenNMS",
            "tags": [],
            "visibility": "public",
            "isNew": false
        },
        {
            "organization": "wmftest",
            "key": "mediawiki-extensions-TEI",
            "name": "mediawiki-extensions-TEI",
            "tags": [],
            "visibility": "public",
            "isNew": false
        },
        {
            "organization": "1907-jul15-net",
            "key": "1907-jul15-net_TravelGuide-Project2",
            "name": "TravelGuide-Project2",
            "tags": [],
            "visibility": "public",
            "isNew": false
        },
        {
            "organization": "mbouchenoire-github",
            "key": "mbouchenoire_varys",
            "name": "Varys",
            "tags": [],
            "visibility": "public",
            "isNew": false
        },
        {
            "organization": "oicr-gsi",
            "key": "ca.on.oicr.gsi:shesmu",
            "name": "Shesmu Decision-Action Server",
            "tags": [],
            "visibility": "public",
            "isNew": false
        },
        {
            "organization": "maximemichaud-1",
            "key": "MaximeMichaud_MineWebCMS",
            "name": "MineWebCMS",
            "tags": [],
            "visibility": "public",
            "isNew": false
        },
        {
            "organization": "steven-r-github",
            "key": "steven-r_Oberon0Compiler",
            "name": "Oberon0Compiler",
            "tags": [],
            "visibility": "public",
            "isNew": false
        }
    ],
    "facets": [
        {
            "property": "languages",
            "values": [
                {
                    "val": "xml",
                    "count": 14844
                },
                {
                    "val": "web",
                    "count": 13244
                },
                {
                    "val": "java",
                    "count": 13148
                },
                {
                    "val": "css",
                    "count": 11599
                },
                {
                    "val": "js",
                    "count": 11509
                },
                {
                    "val": "cs",
                    "count": 6127
                },
                {
                    "val": "php",
                    "count": 2740
                },
                {
                    "val": "py",
                    "count": 2703
                },
                {
                    "val": "ts",
                    "count": 2054
                },
                {
                    "val": "c",
                    "count": 1733
                }
            ]
        },
        {
            "property": "ncloc",
            "values": [
                {
                    "val": "*-1000.0",
                    "count": 28144
                },
                {
                    "val": "1000.0-10000.0",
                    "count": 18883
                },
                {
                    "val": "10000.0-100000.0",
                    "count": 10812
                },
                {
                    "val": "100000.0-500000.0",
                    "count": 1998
                },
                {
                    "val": "500000.0-*",
                    "count": 378
                }
            ]
        }
    ]
}