{
    "paging": {
        "pageIndex": 895,
        "pageSize": 10,
        "total": 32075
    },
    "organizations": [
        {
            "key": "michaelbeneamatobruno-github",
            "name": "Michael Bruno"
        },
        {
            "key": "eluriresearch-github",
            "name": "EluriResearch"
        },
        {
            "key": "aftablodhi",
            "name": "aftablodhi"
        },
        {
            "key": "vijayeluri-github",
            "name": "VijayEluri"
        },
        {
            "key": "dotakiin",
            "name": "Dotakiin"
        },
        {
            "key": "gii2014_15",
            "name": "GII2014_15"
        }
    ],
    "components": [
        {
            "organization": "michaelbeneamatobruno-github",
            "key": "1e2927324795bd28be51a6905ae7b763e959cedf",
            "name": "1e2927324795bd28be51a6905ae7b763e959cedf",
            "tags": [],
            "visibility": "public",
            "isNew": false
        },
        {
            "organization": "aftablodhi",
            "key": "aftablodhi_1stTest",
            "name": "1stTest",
            "tags": [],
            "visibility": "public",
            "isNew": false
        },
        {
            "organization": "vijayeluri-github",
            "key": "VijayEluri_1xam",
            "name": "1xam",
            "tags": [],
            "visibility": "public",
            "isNew": false
        },
        {
            "organization": "eluriresearch-github",
            "key": "EluriResearch_1xio",
            "name": "1xio",
            "tags": [],
            "visibility": "public",
            "isNew": false
        },
        {
            "organization": "vijayeluri-github",
            "key": "VijayEluri_1xio",
            "name": "1xio",
            "tags": [],
            "visibility": "public",
            "isNew": false
        },
        {
            "organization": "dotakiin",
            "key": "200106-UTA-PRS-NET.P1--Zachary-Fisher",
            "name": "200106-UTA-PRS-NET.P1--Zachary-Fisher",
            "tags": [],
            "visibility": "public",
            "isNew": false
        },
        {
            "organization": "gii2014_15",
            "key": "ubu.tfg.201407PLQuiz",
            "name": "201407 :: 201407PLQuiz",
            "tags": [],
            "visibility": "public",
            "isNew": false
        },
        {
            "organization": "gii2014_15",
            "key": "ubu.tfgii.201407ChameleonSensors_v1.0Android",
            "name": "201407 :: Chameleon Sensors",
            "tags": [],
            "visibility": "public",
            "isNew": false
        },
        {
            "organization": "gii2014_15",
            "key": "ubu.tfg.201407ResoluccionPuzzleAndroid",
            "name": "201407 :: Resoluccion Puzzle Android",
            "tags": [],
            "visibility": "public",
            "isNew": false
        },
        {
            "organization": "gii2014_15",
            "key": "ubu.tfg.201505FilmotecaAndroid",
            "name": "201505 :: Filmoteca Android",
            "tags": [],
            "visibility": "public",
            "isNew": false
        }
    ],
    "facets": [
        {
            "property": "languages",
            "values": [
                {
                    "val": "xml",
                    "count": 14846
                },
                {
                    "val": "web",
                    "count": 13246
                },
                {
                    "val": "java",
                    "count": 13149
                },
                {
                    "val": "css",
                    "count": 11600
                },
                {
                    "val": "js",
                    "count": 11511
                },
                {
                    "val": "cs",
                    "count": 6127
                },
                {
                    "val": "php",
                    "count": 2740
                },
                {
                    "val": "py",
                    "count": 2704
                },
                {
                    "val": "ts",
                    "count": 2054
                },
                {
                    "val": "c",
                    "count": 1733
                }
            ]
        },
        {
            "property": "ncloc",
            "values": [
                {
                    "val": "*-1000.0",
                    "count": 28146
                },
                {
                    "val": "1000.0-10000.0",
                    "count": 18886
                },
                {
                    "val": "10000.0-100000.0",
                    "count": 10813
                },
                {
                    "val": "100000.0-500000.0",
                    "count": 1998
                },
                {
                    "val": "500000.0-*",
                    "count": 378
                }
            ]
        }
    ]
}