{
    "paging": {
        "pageIndex": 687,
        "pageSize": 10,
        "total": 32072
    },
    "organizations": [
        {
            "key": "borja",
            "name": "Borja"
        },
        {
            "key": "atomos",
            "name": "Atomos"
        },
        {
            "key": "hdominguezd-github",
            "name": "HDominguezD"
        },
        {
            "key": "miguel-fontes-github",
            "name": "Miguel Fontes"
        },
        {
            "key": "amulya803",
            "name": "Amulya803"
        },
        {
            "key": "zenat0r-github",
            "name": "Zenat0r"
        },
        {
            "key": "joelhalford-github",
            "name": "JoelHalford"
        },
        {
            "key": "wittycode-github",
            "name": "wittyCode"
        },
        {
            "key": "huguesgithub-github",
            "name": "Hugues Joneaux"
        }
    ],
    "components": [
        {
            "organization": "atomos",
            "key": "HermesMadera",
            "name": "HermesMadera",
            "tags": [],
            "visibility": "public",
            "isNew": false
        },
        {
            "organization": "miguel-fontes-github",
            "key": "br.com.miguelmf:hero-quest",
            "name": "hero-quest",
            "tags": [],
            "visibility": "public",
            "isNew": false
        },
        {
            "organization": "borja",
            "key": "borja_herocalf",
            "name": "herocalf",
            "tags": [],
            "visibility": "public",
            "isNew": false
        },
        {
            "organization": "huguesgithub-github",
            "key": "uEkQhK1FBJ2wZvGvlOYL",
            "name": "Heroes",
            "tags": [],
            "visibility": "public",
            "isNew": false
        },
        {
            "organization": "joelhalford-github",
            "key": "JoelHalford_HeroesReact",
            "name": "HeroesReact",
            "tags": [],
            "visibility": "public",
            "isNew": false
        },
        {
            "organization": "wittycode-github",
            "key": "wittyCode:heroku-trial-stuff",
            "name": "Heroku Trial application",
            "tags": [],
            "visibility": "public",
            "isNew": false
        },
        {
            "organization": "amulya803",
            "key": "Amulya803_Herokuapp",
            "name": "Herokuapp",
            "tags": [],
            "visibility": "public",
            "isNew": false
        },
        {
            "organization": "hdominguezd-github",
            "key": "HerramientaDisenyo",
            "name": "HerramientaDisenyo",
            "tags": [],
            "visibility": "public",
            "isNew": false
        },
        {
            "organization": "hdominguezd-github",
            "key": "HerramientaVolumen",
            "name": "HerramientaVolumen",
            "tags": [],
            "visibility": "public",
            "isNew": false
        },
        {
            "organization": "zenat0r-github",
            "key": "Zenat0r_hexacore",
            "name": "hexacore",
            "tags": [],
            "visibility": "public",
            "isNew": false
        }
    ],
    "facets": [
        {
            "property": "languages",
            "values": [
                {
                    "val": "xml",
                    "count": 14844
                },
                {
                    "val": "web",
                    "count": 13244
                },
                {
                    "val": "java",
                    "count": 13148
                },
                {
                    "val": "css",
                    "count": 11600
                },
                {
                    "val": "js",
                    "count": 11510
                },
                {
                    "val": "cs",
                    "count": 6127
                },
                {
                    "val": "php",
                    "count": 2740
                },
                {
                    "val": "py",
                    "count": 2703
                },
                {
                    "val": "ts",
                    "count": 2054
                },
                {
                    "val": "c",
                    "count": 1733
                }
            ]
        },
        {
            "property": "ncloc",
            "values": [
                {
                    "val": "*-1000.0",
                    "count": 28145
                },
                {
                    "val": "1000.0-10000.0",
                    "count": 18884
                },
                {
                    "val": "10000.0-100000.0",
                    "count": 10812
                },
                {
                    "val": "100000.0-500000.0",
                    "count": 1998
                },
                {
                    "val": "500000.0-*",
                    "count": 378
                }
            ]
        }
    ]
}