{
    "paging": {
        "pageIndex": 664,
        "pageSize": 10,
        "total": 32063
    },
    "organizations": [
        {
            "key": "java_1804",
            "name": "java"
        },
        {
            "key": "simone",
            "name": "simone"
        },
        {
            "key": "vijayvani-github",
            "name": "vijayvani"
        },
        {
            "key": "augustjanse",
            "name": "August Janse"
        },
        {
            "key": "imf",
            "name": "imf"
        },
        {
            "key": "imfdevopsdemo",
            "name": "IMF_DevOps_Demo"
        },
        {
            "key": "iet-2018-immutable",
            "name": "iet-2018-immutable"
        },
        {
            "key": "sitsonar",
            "name": "int370"
        },
        {
            "key": "vijayeluri-github",
            "name": "VijayEluri"
        },
        {
            "key": "imfpoc",
            "name": "imfpoc"
        }
    ],
    "components": [
        {
            "organization": "imf",
            "key": "imf",
            "name": "imf",
            "tags": [],
            "visibility": "public",
            "isNew": false
        },
        {
            "organization": "imfpoc",
            "key": "areaer-ui",
            "name": "IMF Areaer UI",
            "tags": [],
            "visibility": "public",
            "isNew": false
        },
        {
            "organization": "imfdevopsdemo",
            "key": "IMF_Demo",
            "name": "IMF_Demo",
            "tags": [],
            "visibility": "public",
            "isNew": false
        },
        {
            "organization": "vijayvani-github",
            "key": "vijayvani_imglib2",
            "name": "ImgLib2 Core Library",
            "tags": [],
            "visibility": "public",
            "isNew": false
        },
        {
            "organization": "augustjanse",
            "key": "augustjanse_imgur-cisscriber",
            "name": "imgur-cisscriber",
            "tags": [],
            "visibility": "public",
            "isNew": false
        },
        {
            "organization": "vijayeluri-github",
            "key": "VijayEluri_immanix",
            "name": "immanix",
            "tags": [],
            "visibility": "public",
            "isNew": false
        },
        {
            "organization": "simone",
            "key": "Immuni",
            "name": "Immuni",
            "tags": [],
            "visibility": "public",
            "isNew": false
        },
        {
            "organization": "iet-2018-immutable",
            "key": "iet-2018-immutable",
            "name": "Immutable collections for JavaScript",
            "tags": [],
            "visibility": "public",
            "isNew": false
        },
        {
            "organization": "java_1804",
            "key": "impala_180410",
            "name": "impala",
            "tags": [],
            "visibility": "public",
            "isNew": false
        },
        {
            "organization": "sitsonar",
            "key": "sit:kmutt:aoAEPm",
            "name": "Implement Project",
            "tags": [],
            "visibility": "public",
            "isNew": false
        }
    ],
    "facets": [
        {
            "property": "languages",
            "values": [
                {
                    "val": "xml",
                    "count": 14840
                },
                {
                    "val": "web",
                    "count": 13241
                },
                {
                    "val": "java",
                    "count": 13146
                },
                {
                    "val": "css",
                    "count": 11596
                },
                {
                    "val": "js",
                    "count": 11504
                },
                {
                    "val": "cs",
                    "count": 6126
                },
                {
                    "val": "php",
                    "count": 2739
                },
                {
                    "val": "py",
                    "count": 2703
                },
                {
                    "val": "ts",
                    "count": 2053
                },
                {
                    "val": "c",
                    "count": 1733
                }
            ]
        },
        {
            "property": "ncloc",
            "values": [
                {
                    "val": "*-1000.0",
                    "count": 28143
                },
                {
                    "val": "1000.0-10000.0",
                    "count": 18879
                },
                {
                    "val": "10000.0-100000.0",
                    "count": 10810
                },
                {
                    "val": "100000.0-500000.0",
                    "count": 1996
                },
                {
                    "val": "500000.0-*",
                    "count": 378
                }
            ]
        }
    ]
}