{
    "paging": {
        "pageIndex": 207,
        "pageSize": 10,
        "total": 32074
    },
    "organizations": [
        {
            "key": "holland01",
            "name": "holland01"
        },
        {
            "key": "homeground",
            "name": "HomeGround"
        },
        {
            "key": "hmcts",
            "name": "HMCTS"
        },
        {
            "key": "smartmonkeys",
            "name": "smartmonkeys"
        },
        {
            "key": "oksbwn",
            "name": "WGLabz"
        },
        {
            "key": "caitanyakotla-github",
            "name": "sai krishna chaitanya kotla"
        },
        {
            "key": "alayne4-bitbucket",
            "name": "April Layne"
        },
        {
            "key": "ssprasad1-github",
            "name": "ssprasad1"
        },
        {
            "key": "homepictures",
            "name": "homepictures"
        }
    ],
    "components": [
        {
            "organization": "hmcts",
            "key": "vh-video-web",
            "name": "hmcts/vh-video-web",
            "tags": [],
            "visibility": "public",
            "isNew": false
        },
        {
            "organization": "caitanyakotla-github",
            "key": "Caitanyakotla_Hobby-Projects",
            "name": "Hobby-Projects",
            "tags": [],
            "visibility": "public",
            "isNew": false
        },
        {
            "organization": "holland01",
            "key": "Holland",
            "name": "Holland",
            "tags": [],
            "visibility": "public",
            "isNew": false
        },
        {
            "organization": "oksbwn",
            "key": "oksbwn_home-assistant",
            "name": "home-assistant",
            "tags": [],
            "visibility": "public",
            "eligibilityStatus": "COMPLETED",
            "eligible": true,
            "isNew": false
        },
        {
            "organization": "smartmonkeys",
            "key": "home-automation",
            "name": "home-automation-parent",
            "tags": [],
            "visibility": "public",
            "isNew": false
        },
        {
            "organization": "oksbwn",
            "key": "oksbwn_Home-Automation-System-ALBERTO-",
            "name": "Home-Automation-System-ALBERTO-",
            "tags": [],
            "visibility": "public",
            "eligibilityStatus": "COMPLETED",
            "eligible": true,
            "isNew": false
        },
        {
            "organization": "homeground",
            "key": "vn.sporthub:home-ground-server:dev",
            "name": "home-ground-server dev",
            "tags": [],
            "visibility": "public",
            "isNew": false
        },
        {
            "organization": "ssprasad1-github",
            "key": "homecare:homecare",
            "name": "homecare",
            "tags": [],
            "visibility": "public",
            "isNew": false
        },
        {
            "organization": "homepictures",
            "key": "homepictures.ctjoumas",
            "name": "homepictures.ctjoumas",
            "tags": [],
            "visibility": "public",
            "isNew": false
        },
        {
            "organization": "alayne4-bitbucket",
            "key": "sdev360hw6",
            "name": "homework6",
            "tags": [],
            "visibility": "public",
            "isNew": false
        }
    ],
    "facets": [
        {
            "property": "languages",
            "values": [
                {
                    "val": "xml",
                    "count": 14846
                },
                {
                    "val": "web",
                    "count": 13245
                },
                {
                    "val": "java",
                    "count": 13149
                },
                {
                    "val": "css",
                    "count": 11600
                },
                {
                    "val": "js",
                    "count": 11511
                },
                {
                    "val": "cs",
                    "count": 6127
                },
                {
                    "val": "php",
                    "count": 2740
                },
                {
                    "val": "py",
                    "count": 2703
                },
                {
                    "val": "ts",
                    "count": 2054
                },
                {
                    "val": "c",
                    "count": 1733
                }
            ]
        },
        {
            "property": "ncloc",
            "values": [
                {
                    "val": "*-1000.0",
                    "count": 28146
                },
                {
                    "val": "1000.0-10000.0",
                    "count": 18886
                },
                {
                    "val": "10000.0-100000.0",
                    "count": 10812
                },
                {
                    "val": "100000.0-500000.0",
                    "count": 1998
                },
                {
                    "val": "500000.0-*",
                    "count": 378
                }
            ]
        }
    ]
}