{
    "paging": {
        "pageIndex": 626,
        "pageSize": 10,
        "total": 32072
    },
    "organizations": [
        {
            "key": "kabassu-github",
            "name": "Kabassu"
        },
        {
            "key": "jakub-gawlas",
            "name": "Jakub Gawlas"
        },
        {
            "key": "leonardodallos-github",
            "name": "FlowApp"
        },
        {
            "key": "yixi",
            "name": "\u4e00\u516e"
        },
        {
            "key": "dgladyshev-github",
            "name": "Dmitry Gladyshev"
        },
        {
            "key": "vitormeds",
            "name": "vitormeds"
        },
        {
            "key": "karen-nolan75034",
            "name": "Karen Nolan"
        },
        {
            "key": "jpaya17",
            "name": "Jose Maria Pay\u00e1 Castillo"
        },
        {
            "key": "xiaochao8",
            "name": "Xiaochao Li"
        },
        {
            "key": "usernane",
            "name": "Ibrahim BinAlshikh"
        }
    ],
    "components": [
        {
            "organization": "kabassu-github",
            "key": "io.kabassu:full-refactor",
            "name": "Kabassu full-refactor",
            "tags": [],
            "visibility": "public",
            "isNew": false
        },
        {
            "organization": "jakub-gawlas",
            "key": "jakub-gawlas_kluster",
            "name": "kluster",
            "tags": [],
            "visibility": "public",
            "isNew": false
        },
        {
            "organization": "yixi",
            "key": "Yixi_outliner",
            "name": "outliner",
            "tags": [],
            "visibility": "public",
            "isNew": false
        },
        {
            "organization": "usernane",
            "key": "usernane_phpStructs",
            "name": "phpStructs",
            "tags": [],
            "visibility": "public",
            "eligibilityStatus": "COMPLETED",
            "eligible": true,
            "isNew": false
        },
        {
            "organization": "vitormeds",
            "key": "PodCast",
            "name": "PodCast",
            "tags": [],
            "visibility": "public",
            "isNew": false
        },
        {
            "organization": "xiaochao8",
            "key": "xiaochao8:java-client:javaclient-resreg",
            "name": "xiaochao8:java-client:javaclient-resreg",
            "tags": [],
            "visibility": "public",
            "isNew": false
        },
        {
            "organization": "karen-nolan75034",
            "key": "bmiSonar",
            "name": "bmiSonar",
            "tags": [],
            "visibility": "public",
            "isNew": false
        },
        {
            "organization": "dgladyshev-github",
            "key": "com.dgladyshev.dead-code-detector",
            "name": "Dead Code Detector",
            "tags": [],
            "visibility": "public",
            "isNew": false
        },
        {
            "organization": "jpaya17",
            "key": "jpaya17_englishisfun",
            "name": "englishisfun",
            "tags": [],
            "visibility": "public",
            "eligibilityStatus": "COMPLETED",
            "eligible": true,
            "isNew": false
        },
        {
            "organization": "leonardodallos-github",
            "key": "leonardodallos_flowapp4-1",
            "name": "flowapp4-1",
            "tags": [],
            "visibility": "public",
            "isNew": false
        }
    ],
    "facets": [
        {
            "property": "languages",
            "values": [
                {
                    "val": "xml",
                    "count": 14844
                },
                {
                    "val": "web",
                    "count": 13245
                },
                {
                    "val": "java",
                    "count": 13148
                },
                {
                    "val": "css",
                    "count": 11600
                },
                {
                    "val": "js",
                    "count": 11510
                },
                {
                    "val": "cs",
                    "count": 6127
                },
                {
                    "val": "php",
                    "count": 2740
                },
                {
                    "val": "py",
                    "count": 2703
                },
                {
                    "val": "ts",
                    "count": 2054
                },
                {
                    "val": "c",
                    "count": 1733
                }
            ]
        },
        {
            "property": "ncloc",
            "values": [
                {
                    "val": "*-1000.0",
                    "count": 28145
                },
                {
                    "val": "1000.0-10000.0",
                    "count": 18884
                },
                {
                    "val": "10000.0-100000.0",
                    "count": 10812
                },
                {
                    "val": "100000.0-500000.0",
                    "count": 1998
                },
                {
                    "val": "500000.0-*",
                    "count": 378
                }
            ]
        }
    ]
}