{
    "paging": {
        "pageIndex": 794,
        "pageSize": 10,
        "total": 32071
    },
    "organizations": [
        {
            "key": "av2-github",
            "name": "AV2"
        },
        {
            "key": "goodforgod",
            "name": "\u1d00\u0274\u1d1b\u1d0f\u0274\u028f"
        },
        {
            "key": "ptiluky",
            "name": "PtiLuky"
        },
        {
            "key": "staelle-github",
            "name": "staelle"
        },
        {
            "key": "inivation",
            "name": "iniVation AG"
        },
        {
            "key": "davidkey-github",
            "name": "David Key"
        },
        {
            "key": "jordiyyo",
            "name": "jordiyyo"
        },
        {
            "key": "99yuranipalacios-github",
            "name": "Yurani Palacios"
        }
    ],
    "components": [
        {
            "organization": "ptiluky",
            "key": "PtiLuky_dummyeditor",
            "name": "dummyeditor",
            "tags": [],
            "visibility": "public",
            "eligibilityStatus": "COMPLETED",
            "eligible": false,
            "isNew": false
        },
        {
            "organization": "99yuranipalacios-github",
            "key": "99YuraniPalacios_Dummylator",
            "name": "Dummylator",
            "tags": [],
            "visibility": "public",
            "isNew": false
        },
        {
            "organization": "goodforgod",
            "key": "GoodforGod_dummymaker",
            "name": "dummymaker",
            "tags": [],
            "visibility": "public",
            "isNew": false
        },
        {
            "organization": "jordiyyo",
            "key": "457fsdjUTYTfsdjUTYT7676457",
            "name": "DummyProject-ASPNET-CI",
            "tags": [],
            "visibility": "public",
            "isNew": false
        },
        {
            "organization": "ptiluky",
            "key": "PtiLuky_dummyRPG",
            "name": "dummyRPG",
            "tags": [],
            "visibility": "public",
            "isNew": false
        },
        {
            "organization": "av2-github",
            "key": "text",
            "name": "Dungeon",
            "tags": [],
            "visibility": "public",
            "isNew": false
        },
        {
            "organization": "davidkey-github",
            "key": "DutyRoster",
            "name": "DutyRoster",
            "tags": [],
            "visibility": "public",
            "isNew": false
        },
        {
            "organization": "staelle-github",
            "key": "staelle_DV",
            "name": "DV",
            "tags": [],
            "visibility": "public",
            "isNew": false
        },
        {
            "organization": "inivation",
            "key": "inivation_dv-gui",
            "name": "dv-gui",
            "tags": [],
            "visibility": "public",
            "isNew": false
        },
        {
            "organization": "inivation",
            "key": "inivation_dv-runtime",
            "name": "dv-runtime",
            "tags": [],
            "visibility": "public",
            "isNew": false
        }
    ],
    "facets": [
        {
            "property": "languages",
            "values": [
                {
                    "val": "xml",
                    "count": 14844
                },
                {
                    "val": "web",
                    "count": 13244
                },
                {
                    "val": "java",
                    "count": 13148
                },
                {
                    "val": "css",
                    "count": 11599
                },
                {
                    "val": "js",
                    "count": 11509
                },
                {
                    "val": "cs",
                    "count": 6127
                },
                {
                    "val": "php",
                    "count": 2740
                },
                {
                    "val": "py",
                    "count": 2703
                },
                {
                    "val": "ts",
                    "count": 2054
                },
                {
                    "val": "c",
                    "count": 1733
                }
            ]
        },
        {
            "property": "ncloc",
            "values": [
                {
                    "val": "*-1000.0",
                    "count": 28144
                },
                {
                    "val": "1000.0-10000.0",
                    "count": 18883
                },
                {
                    "val": "10000.0-100000.0",
                    "count": 10812
                },
                {
                    "val": "100000.0-500000.0",
                    "count": 1998
                },
                {
                    "val": "500000.0-*",
                    "count": 378
                }
            ]
        }
    ]
}