{
    "paging": {
        "pageIndex": 576,
        "pageSize": 10,
        "total": 32066
    },
    "organizations": [
        {
            "key": "nomnom",
            "name": "nomnom"
        },
        {
            "key": "mukeshtblocks-github",
            "name": "mukeshtblocks"
        },
        {
            "key": "jpankleshwaria-github",
            "name": "Jatin"
        },
        {
            "key": "vijayvani-github",
            "name": "vijayvani"
        },
        {
            "key": "nareshqlogic-github",
            "name": "nareshqlogic"
        },
        {
            "key": "o-ran-sc",
            "name": "O-RAN Software Community"
        },
        {
            "key": "p2nz",
            "name": "P2NZ"
        },
        {
            "key": "ssube-github",
            "name": "Sean Sube"
        },
        {
            "key": "danielmunro-github",
            "name": "Dan Munro"
        }
    ],
    "components": [
        {
            "organization": "mukeshtblocks-github",
            "key": "mukeshtblocks_nodejs-getting-started",
            "name": "nodejs-getting-started",
            "tags": [],
            "visibility": "public",
            "isNew": false
        },
        {
            "organization": "nareshqlogic-github",
            "key": "nareshqlogic_nodejs-getting-started",
            "name": "nodejs-getting-started",
            "tags": [],
            "visibility": "public",
            "isNew": false
        },
        {
            "organization": "jpankleshwaria-github",
            "key": "jpankleshwaria_nodejs-spanner",
            "name": "nodejs-spanner",
            "tags": [],
            "visibility": "public",
            "isNew": false
        },
        {
            "organization": "danielmunro-github",
            "key": "nodesrv",
            "name": "nodesrv",
            "tags": [],
            "visibility": "public",
            "isNew": false
        },
        {
            "organization": "p2nz",
            "key": "P2NZ_nodetest",
            "name": "nodetest",
            "tags": [],
            "visibility": "public",
            "eligibilityStatus": "COMPLETED",
            "eligible": true,
            "isNew": false
        },
        {
            "organization": "p2nz",
            "key": "df0f76cfd36b256ea660fcae235f89aad64df843",
            "name": "nodetest",
            "tags": [],
            "visibility": "public",
            "isNew": false
        },
        {
            "organization": "ssube-github",
            "key": "ssube_noicejs",
            "name": "noicejs",
            "tags": [],
            "visibility": "public",
            "isNew": false
        },
        {
            "organization": "vijayvani-github",
            "key": "vijayvani_nolan",
            "name": "Nolan - Project",
            "tags": [],
            "visibility": "public",
            "isNew": false
        },
        {
            "organization": "nomnom",
            "key": "nomnom",
            "name": "nomnom",
            "tags": [],
            "visibility": "public",
            "isNew": false
        },
        {
            "organization": "o-ran-sc",
            "key": "o-ran-sc_portal-nonrtric-controlpanel",
            "name": "Non-RT RIC Control Panel project",
            "tags": [],
            "visibility": "public",
            "isNew": false
        }
    ],
    "facets": [
        {
            "property": "languages",
            "values": [
                {
                    "val": "xml",
                    "count": 14842
                },
                {
                    "val": "web",
                    "count": 13243
                },
                {
                    "val": "java",
                    "count": 13146
                },
                {
                    "val": "css",
                    "count": 11599
                },
                {
                    "val": "js",
                    "count": 11508
                },
                {
                    "val": "cs",
                    "count": 6126
                },
                {
                    "val": "php",
                    "count": 2740
                },
                {
                    "val": "py",
                    "count": 2703
                },
                {
                    "val": "ts",
                    "count": 2054
                },
                {
                    "val": "c",
                    "count": 1733
                }
            ]
        },
        {
            "property": "ncloc",
            "values": [
                {
                    "val": "*-1000.0",
                    "count": 28145
                },
                {
                    "val": "1000.0-10000.0",
                    "count": 18880
                },
                {
                    "val": "10000.0-100000.0",
                    "count": 10810
                },
                {
                    "val": "100000.0-500000.0",
                    "count": 1998
                },
                {
                    "val": "500000.0-*",
                    "count": 378
                }
            ]
        }
    ]
}