{
    "paging": {
        "pageIndex": 492,
        "pageSize": 10,
        "total": 32068
    },
    "organizations": [
        {
            "key": "kantar",
            "name": "Kantar"
        },
        {
            "key": "credit-conso",
            "name": "credit-conso"
        },
        {
            "key": "firefly-iii",
            "name": "Firefly III"
        },
        {
            "key": "pizza-web-app",
            "name": "pizza-web-app"
        },
        {
            "key": "davidkutik-github",
            "name": "DavidKutik"
        },
        {
            "key": "incrosnatubogdan-github",
            "name": "incrosnatubogdan"
        },
        {
            "key": "laristra",
            "name": "laristra"
        },
        {
            "key": "francescozacc",
            "name": "francescozacc"
        },
        {
            "key": "keslleylima-github",
            "name": "Keslley L."
        },
        {
            "key": "fluidattacks",
            "name": "Fluid Attacks"
        }
    ],
    "components": [
        {
            "organization": "credit-conso",
            "key": "credit-conso",
            "name": "credit-conso",
            "tags": [],
            "visibility": "public",
            "isNew": false
        },
        {
            "organization": "incrosnatubogdan-github",
            "key": "EvidentaStudentilor2",
            "name": "EvidentaStudentilor2",
            "tags": [],
            "visibility": "public",
            "isNew": false
        },
        {
            "organization": "keslleylima-github",
            "key": "br.ufg.inf.es.construcao:exemplos",
            "name": "Exerc\u00edcios Constru\u00e7\u00e3o de Software",
            "tags": [],
            "visibility": "public",
            "isNew": false
        },
        {
            "organization": "laristra",
            "key": "flecsi:/utils-remove-boost",
            "name": "flecsi /utils-remove-boost",
            "tags": [],
            "visibility": "public",
            "isNew": false
        },
        {
            "organization": "davidkutik-github",
            "key": "kimai_hc",
            "name": "kimai_hc",
            "tags": [],
            "visibility": "public",
            "isNew": false
        },
        {
            "organization": "pizza-web-app",
            "key": "mean",
            "name": "mean",
            "tags": [],
            "visibility": "public",
            "isNew": false
        },
        {
            "organization": "francescozacc",
            "key": "francescozacc_redisson",
            "name": "Redisson",
            "tags": [],
            "visibility": "public",
            "eligibilityStatus": "COMPLETED",
            "eligible": false,
            "isNew": false
        },
        {
            "organization": "kantar",
            "key": "Shoppix-Notification",
            "name": "Shoppix-Notification",
            "tags": [],
            "visibility": "public",
            "isNew": false
        },
        {
            "organization": "fluidattacks",
            "key": "fluidattacks_web",
            "name": "web",
            "tags": [],
            "visibility": "public",
            "isNew": false
        },
        {
            "organization": "firefly-iii",
            "key": "firefly-iii_bunq-importer",
            "name": "bunq-importer",
            "tags": [],
            "visibility": "public",
            "eligibilityStatus": "COMPLETED",
            "eligible": true,
            "isNew": false
        }
    ],
    "facets": [
        {
            "property": "languages",
            "values": [
                {
                    "val": "xml",
                    "count": 14842
                },
                {
                    "val": "web",
                    "count": 13244
                },
                {
                    "val": "java",
                    "count": 13146
                },
                {
                    "val": "css",
                    "count": 11600
                },
                {
                    "val": "js",
                    "count": 11509
                },
                {
                    "val": "cs",
                    "count": 6127
                },
                {
                    "val": "php",
                    "count": 2740
                },
                {
                    "val": "py",
                    "count": 2703
                },
                {
                    "val": "ts",
                    "count": 2054
                },
                {
                    "val": "c",
                    "count": 1733
                }
            ]
        },
        {
            "property": "ncloc",
            "values": [
                {
                    "val": "*-1000.0",
                    "count": 28145
                },
                {
                    "val": "1000.0-10000.0",
                    "count": 18881
                },
                {
                    "val": "10000.0-100000.0",
                    "count": 10811
                },
                {
                    "val": "100000.0-500000.0",
                    "count": 1998
                },
                {
                    "val": "500000.0-*",
                    "count": 378
                }
            ]
        }
    ]
}