{
    "paging": {
        "pageIndex": 425,
        "pageSize": 10,
        "total": 32064
    },
    "organizations": [
        {
            "key": "vijayvani-github",
            "name": "vijayvani"
        },
        {
            "key": "uniqueck-github",
            "name": "Constantin"
        },
        {
            "key": "lio8n8-github",
            "name": "lio8n8"
        },
        {
            "key": "canoeyue-github",
            "name": "canoeyue"
        },
        {
            "key": "pp-1220",
            "name": "Josh012422"
        },
        {
            "key": "minitwit-tdb",
            "name": "minitwit-tdb"
        },
        {
            "key": "rafael-garcia-rebtel-github",
            "name": "rafael-garcia-rebtel"
        },
        {
            "key": "sqrtminusone-github",
            "name": "SqrtMinusOne"
        },
        {
            "key": "vijayeluri-github",
            "name": "VijayEluri"
        },
        {
            "key": "robert2411-github",
            "name": "Robert Stevens"
        }
    ],
    "components": [
        {
            "organization": "uniqueck-github",
            "key": "uniqueck_asciidoctorj-decisiontable-extension",
            "name": "asciidoctorj-decisiontable-extension",
            "tags": [],
            "visibility": "public",
            "isNew": false
        },
        {
            "organization": "sqrtminusone-github",
            "key": "mse_teacher_plan",
            "name": "db_coursework",
            "tags": [],
            "visibility": "public",
            "isNew": false
        },
        {
            "organization": "pp-1220",
            "key": "Josh012422_utils",
            "name": "gocharm",
            "tags": [],
            "visibility": "public",
            "eligibilityStatus": "COMPLETED",
            "eligible": true,
            "isNew": false
        },
        {
            "organization": "robert2411-github",
            "key": "com.github.robert2411.platform:platform",
            "name": "Platform",
            "tags": [],
            "visibility": "public",
            "isNew": false
        },
        {
            "organization": "vijayeluri-github",
            "key": "VijayEluri_eulerproject",
            "name": "Javisto Euler Project Programs",
            "tags": [],
            "visibility": "public",
            "isNew": false
        },
        {
            "organization": "rafael-garcia-rebtel-github",
            "key": "rafael-garcia-rebtel_PictureInPictureSample",
            "name": "app",
            "tags": [],
            "visibility": "public",
            "isNew": false
        },
        {
            "organization": "minitwit-tdb",
            "key": "minitwit-tdb_DevOps",
            "name": "DevOps",
            "tags": [],
            "visibility": "public",
            "eligibilityStatus": "COMPLETED",
            "eligible": true,
            "isNew": false
        },
        {
            "organization": "canoeyue-github",
            "key": "canoeyue_API_autotest",
            "name": "API_autotest",
            "tags": [],
            "visibility": "public",
            "isNew": false
        },
        {
            "organization": "lio8n8-github",
            "key": "lio8n8_bug-tracker-api",
            "name": "bug-tracker",
            "tags": [],
            "visibility": "public",
            "isNew": false
        },
        {
            "organization": "vijayvani-github",
            "key": "vijayvani_jgmp",
            "name": "jGMP",
            "tags": [],
            "visibility": "public",
            "isNew": false
        }
    ],
    "facets": [
        {
            "property": "languages",
            "values": [
                {
                    "val": "xml",
                    "count": 14841
                },
                {
                    "val": "web",
                    "count": 13242
                },
                {
                    "val": "java",
                    "count": 13146
                },
                {
                    "val": "css",
                    "count": 11597
                },
                {
                    "val": "js",
                    "count": 11505
                },
                {
                    "val": "cs",
                    "count": 6126
                },
                {
                    "val": "php",
                    "count": 2740
                },
                {
                    "val": "py",
                    "count": 2703
                },
                {
                    "val": "ts",
                    "count": 2053
                },
                {
                    "val": "c",
                    "count": 1733
                }
            ]
        },
        {
            "property": "ncloc",
            "values": [
                {
                    "val": "*-1000.0",
                    "count": 28143
                },
                {
                    "val": "1000.0-10000.0",
                    "count": 18879
                },
                {
                    "val": "10000.0-100000.0",
                    "count": 10810
                },
                {
                    "val": "100000.0-500000.0",
                    "count": 1997
                },
                {
                    "val": "500000.0-*",
                    "count": 378
                }
            ]
        }
    ]
}