{
    "paging": {
        "pageIndex": 765,
        "pageSize": 10,
        "total": 32064
    },
    "organizations": [
        {
            "key": "sonarqube1",
            "name": "sonarqube1"
        },
        {
            "key": "test7781-github",
            "name": "test7781"
        },
        {
            "key": "sowmya",
            "name": "sowmya"
        },
        {
            "key": "ratnatech",
            "name": "ratnatech"
        },
        {
            "key": "testsonar540",
            "name": "testsonar540"
        },
        {
            "key": "apple",
            "name": "apple"
        },
        {
            "key": "thnp-proj1-team1-build",
            "name": "thnp-proj1-team1-build"
        },
        {
            "key": "ztm-naresh",
            "name": "ZTM-NARESH"
        },
        {
            "key": "prasannaakhilesh-github",
            "name": "prasannaakhilesh"
        },
        {
            "key": "sonarpractice",
            "name": "sonarpractice"
        }
    ],
    "components": [
        {
            "organization": "sowmya",
            "key": "ZTM",
            "name": "Simple Java project analyzed with the SonarQube Runner",
            "tags": [],
            "visibility": "public",
            "isNew": false
        },
        {
            "organization": "ztm-naresh",
            "key": "ZTM-NARESHTKN1",
            "name": "Simple Java project analyzed with the SonarQube Runner",
            "tags": [],
            "visibility": "public",
            "isNew": false
        },
        {
            "organization": "apple",
            "key": "apple",
            "name": "Simple Java project analyzed with the SonarQube Runner",
            "tags": [],
            "visibility": "public",
            "isNew": false
        },
        {
            "organization": "ratnatech",
            "key": "petclinic1",
            "name": "Simple Java project analyzed with the SonarQube Runner",
            "tags": [],
            "visibility": "public",
            "isNew": false
        },
        {
            "organization": "thnp-proj1-team1-build",
            "key": "petclinic123",
            "name": "Simple Java project analyzed with the SonarQube Runner",
            "tags": [],
            "visibility": "public",
            "isNew": false
        },
        {
            "organization": "prasannaakhilesh-github",
            "key": "prasannaakhilesh_spring-petclinic",
            "name": "Simple Java project analyzed with the SonarQube Runner",
            "tags": [],
            "visibility": "public",
            "isNew": false
        },
        {
            "organization": "sonarpractice",
            "key": "sonar.key",
            "name": "Simple Java project analyzed with the SonarQube Runner",
            "tags": [],
            "visibility": "public",
            "isNew": false
        },
        {
            "organization": "sonarqube1",
            "key": "sonarqube1",
            "name": "Simple Java project analyzed with the SonarQube Runner",
            "tags": [],
            "visibility": "public",
            "isNew": false
        },
        {
            "organization": "testsonar540",
            "key": "test540",
            "name": "Simple Java project analyzed with the SonarQube Runner",
            "tags": [],
            "visibility": "public",
            "isNew": false
        },
        {
            "organization": "test7781-github",
            "key": "test7781_spring-petclinic",
            "name": "Simple Java project analyzed with the SonarQube Runner",
            "tags": [],
            "visibility": "public",
            "isNew": false
        }
    ],
    "facets": [
        {
            "property": "languages",
            "values": [
                {
                    "val": "xml",
                    "count": 14841
                },
                {
                    "val": "web",
                    "count": 13242
                },
                {
                    "val": "java",
                    "count": 13146
                },
                {
                    "val": "css",
                    "count": 11597
                },
                {
                    "val": "js",
                    "count": 11505
                },
                {
                    "val": "cs",
                    "count": 6126
                },
                {
                    "val": "php",
                    "count": 2740
                },
                {
                    "val": "py",
                    "count": 2703
                },
                {
                    "val": "ts",
                    "count": 2053
                },
                {
                    "val": "c",
                    "count": 1733
                }
            ]
        },
        {
            "property": "ncloc",
            "values": [
                {
                    "val": "*-1000.0",
                    "count": 28143
                },
                {
                    "val": "1000.0-10000.0",
                    "count": 18879
                },
                {
                    "val": "10000.0-100000.0",
                    "count": 10810
                },
                {
                    "val": "100000.0-500000.0",
                    "count": 1997
                },
                {
                    "val": "500000.0-*",
                    "count": 378
                }
            ]
        }
    ]
}