{
    "paging": {
        "pageIndex": 369,
        "pageSize": 10,
        "total": 32066
    },
    "organizations": [
        {
            "key": "venkateshganesh",
            "name": "venkateshGanesh"
        },
        {
            "key": "gerard",
            "name": "gerard"
        },
        {
            "key": "speakwithpl",
            "name": "speakwithpl"
        },
        {
            "key": "aymanazedou-github",
            "name": "aymanazedou"
        },
        {
            "key": "giovanny-saray42518",
            "name": "Giovanny Saray"
        },
        {
            "key": "leanphoenix-github",
            "name": "leanphoenix"
        },
        {
            "key": "josuevara-github",
            "name": "JosueVaRa"
        },
        {
            "key": "june2019ajs",
            "name": "june2019ajs"
        },
        {
            "key": "democracyos",
            "name": "democracyos"
        },
        {
            "key": "azedouayman-github",
            "name": "azedouayman"
        }
    ],
    "components": [
        {
            "organization": "giovanny-saray42518",
            "key": "Demo.Net.CS.Master",
            "name": "Demo.Net.CS.Master",
            "tags": [],
            "visibility": "public",
            "isNew": false
        },
        {
            "organization": "speakwithpl",
            "key": "Demo.sindhujaPL",
            "name": "Demo.sindhujaPL",
            "tags": [],
            "visibility": "public",
            "isNew": false
        },
        {
            "organization": "venkateshganesh",
            "key": "venkateshGanesh_Demo1",
            "name": "Demo1",
            "tags": [],
            "visibility": "public",
            "isNew": false
        },
        {
            "organization": "leanphoenix-github",
            "key": "lnpx-Demo2",
            "name": "Demo2",
            "tags": [],
            "visibility": "public",
            "isNew": false
        },
        {
            "organization": "june2019ajs",
            "key": "demoapp",
            "name": "demoapp",
            "tags": [],
            "visibility": "public",
            "isNew": false
        },
        {
            "organization": "aymanazedou-github",
            "key": "aymanazedou_Spring-with-test",
            "name": "demoapp generated by jhipster",
            "tags": [],
            "visibility": "public",
            "isNew": false
        },
        {
            "organization": "gerard",
            "key": "gr-jhipster-app",
            "name": "demoapp generated by jhipster",
            "tags": [],
            "visibility": "public",
            "isNew": false
        },
        {
            "organization": "azedouayman-github",
            "key": "jhipster-app",
            "name": "demoapp generated by jhipster",
            "tags": [],
            "visibility": "public",
            "isNew": false
        },
        {
            "organization": "josuevara-github",
            "key": "DeGBKey1234",
            "name": "DemoBabel",
            "tags": [],
            "visibility": "public",
            "isNew": false
        },
        {
            "organization": "democracyos",
            "key": "democracyos",
            "name": "democracyos",
            "tags": [],
            "visibility": "public",
            "isNew": false
        }
    ],
    "facets": [
        {
            "property": "languages",
            "values": [
                {
                    "val": "xml",
                    "count": 14842
                },
                {
                    "val": "web",
                    "count": 13243
                },
                {
                    "val": "java",
                    "count": 13146
                },
                {
                    "val": "css",
                    "count": 11599
                },
                {
                    "val": "js",
                    "count": 11508
                },
                {
                    "val": "cs",
                    "count": 6126
                },
                {
                    "val": "php",
                    "count": 2740
                },
                {
                    "val": "py",
                    "count": 2703
                },
                {
                    "val": "ts",
                    "count": 2054
                },
                {
                    "val": "c",
                    "count": 1733
                }
            ]
        },
        {
            "property": "ncloc",
            "values": [
                {
                    "val": "*-1000.0",
                    "count": 28145
                },
                {
                    "val": "1000.0-10000.0",
                    "count": 18880
                },
                {
                    "val": "10000.0-100000.0",
                    "count": 10810
                },
                {
                    "val": "100000.0-500000.0",
                    "count": 1998
                },
                {
                    "val": "500000.0-*",
                    "count": 378
                }
            ]
        }
    ]
}