{
    "paging": {
        "pageIndex": 836,
        "pageSize": 10,
        "total": 32070
    },
    "organizations": [
        {
            "key": "refactoringbot",
            "name": "refactoringbot"
        },
        {
            "key": "java_1804",
            "name": "java"
        },
        {
            "key": "nicolasduminil",
            "name": "Nicolas DUMINIL"
        },
        {
            "key": "simone",
            "name": "simone"
        },
        {
            "key": "alvchbot-github",
            "name": "alvchbot"
        },
        {
            "key": "assupol",
            "name": "Assupol"
        },
        {
            "key": "pshype-github",
            "name": "shaui"
        },
        {
            "key": "refactoring-bot",
            "name": "Refactoring-Bot"
        },
        {
            "key": "runnerpeople-github",
            "name": "George Great"
        },
        {
            "key": "vijayeluri-github",
            "name": "VijayEluri"
        }
    ],
    "components": [
        {
            "organization": "alvchbot-github",
            "key": "ch.admin.seco.service.reference:referenceservice",
            "name": "referenceservice",
            "tags": [],
            "visibility": "public",
            "isNew": false
        },
        {
            "organization": "assupol",
            "key": "ReferenceArchitecture",
            "name": "ReferenceArchitecture",
            "tags": [],
            "visibility": "public",
            "isNew": false
        },
        {
            "organization": "nicolasduminil",
            "key": "nicolasduminil_rdf",
            "name": "Reference Data Factory :: The Master Module",
            "tags": [],
            "visibility": "public",
            "isNew": false
        },
        {
            "organization": "runnerpeople-github",
            "key": "runnerpeople_Refal5",
            "name": "Refal5",
            "tags": [],
            "visibility": "public",
            "isNew": false
        },
        {
            "organization": "refactoring-bot",
            "key": "de.refactoringBot:RefactoringBot",
            "name": "Refactoring-Bot",
            "tags": [],
            "visibility": "public",
            "isNew": false
        },
        {
            "organization": "refactoringbot",
            "key": "refactoring_bot2019duy",
            "name": "Refactoring-Bot",
            "tags": [],
            "visibility": "public",
            "isNew": false
        },
        {
            "organization": "pshype-github",
            "key": "com.ss.training:Refactoring",
            "name": "Refactoring",
            "tags": [],
            "visibility": "public",
            "isNew": false
        },
        {
            "organization": "simone",
            "key": "api-reff-app-retail",
            "name": "ref-impl-retail-location-insights",
            "tags": [],
            "visibility": "public",
            "isNew": false
        },
        {
            "organization": "vijayeluri-github",
            "key": "VijayEluri_reevoomark-java-api",
            "name": "reevoo-taglib-root",
            "tags": [],
            "visibility": "public",
            "isNew": false
        },
        {
            "organization": "java_1804",
            "key": "reef_180410",
            "name": "reef",
            "tags": [],
            "visibility": "public",
            "isNew": false
        }
    ],
    "facets": [
        {
            "property": "languages",
            "values": [
                {
                    "val": "xml",
                    "count": 14843
                },
                {
                    "val": "web",
                    "count": 13244
                },
                {
                    "val": "java",
                    "count": 13147
                },
                {
                    "val": "css",
                    "count": 11600
                },
                {
                    "val": "js",
                    "count": 11509
                },
                {
                    "val": "cs",
                    "count": 6127
                },
                {
                    "val": "php",
                    "count": 2740
                },
                {
                    "val": "py",
                    "count": 2703
                },
                {
                    "val": "ts",
                    "count": 2054
                },
                {
                    "val": "c",
                    "count": 1733
                }
            ]
        },
        {
            "property": "ncloc",
            "values": [
                {
                    "val": "*-1000.0",
                    "count": 28145
                },
                {
                    "val": "1000.0-10000.0",
                    "count": 18882
                },
                {
                    "val": "10000.0-100000.0",
                    "count": 10812
                },
                {
                    "val": "100000.0-500000.0",
                    "count": 1998
                },
                {
                    "val": "500000.0-*",
                    "count": 378
                }
            ]
        }
    ]
}