{
    "paging": {
        "pageIndex": 399,
        "pageSize": 10,
        "total": 32068
    },
    "organizations": [
        {
            "key": "waiyanphyohein",
            "name": "WaiYanPhyo Hein"
        },
        {
            "key": "devopsabcs",
            "name": "devopsabcs"
        },
        {
            "key": "marium027-bitbucket",
            "name": "Marium Khalid"
        },
        {
            "key": "sanderpost-github",
            "name": "sanderpost"
        },
        {
            "key": "bpetridis-github",
            "name": "Bill P"
        },
        {
            "key": "ibm-blockchain",
            "name": "IBM Blockchain"
        },
        {
            "key": "imatlin",
            "name": "Igor Matlin"
        },
        {
            "key": "rishab-himmatramka-guavus-github",
            "name": "rishab-himmatramka-guavus"
        },
        {
            "key": "keptn",
            "name": "Keptn"
        },
        {
            "key": "vijayeluri-github",
            "name": "VijayEluri"
        }
    ],
    "components": [
        {
            "organization": "devopsabcs",
            "key": "ekWebApplication1",
            "name": "ekWebApplication1",
            "tags": [],
            "visibility": "public",
            "isNew": false
        },
        {
            "organization": "sanderpost-github",
            "key": "sanderpost_jitsi-meet",
            "name": "jitsi-meet",
            "tags": [],
            "visibility": "public",
            "isNew": false
        },
        {
            "organization": "imatlin",
            "key": "BS",
            "name": "Bookstore",
            "tags": [],
            "visibility": "public",
            "isNew": false
        },
        {
            "organization": "bpetridis-github",
            "key": "Vechain-Thor-Client-Java",
            "name": "Vechain-Thor-Client-Java",
            "tags": [],
            "visibility": "public",
            "isNew": false
        },
        {
            "organization": "keptn",
            "key": "keptn_keptn",
            "name": "keptn",
            "tags": [],
            "visibility": "public",
            "eligibilityStatus": "COMPLETED",
            "eligible": true,
            "isNew": false
        },
        {
            "organization": "vijayeluri-github",
            "key": "VijayEluri_DSS",
            "name": "DSS",
            "tags": [],
            "visibility": "public",
            "isNew": false
        },
        {
            "organization": "ibm-blockchain",
            "key": "IBM-Blockchain_blockchain-vscode-extension",
            "name": "blockchain-vscode-extension",
            "tags": [],
            "visibility": "public",
            "isNew": false
        },
        {
            "organization": "waiyanphyohein",
            "key": "waiyanphyoheinProject1",
            "name": "waiyanphyoheinProject1",
            "tags": [],
            "visibility": "public",
            "isNew": false
        },
        {
            "organization": "rishab-himmatramka-guavus-github",
            "key": "co.cask.hydrator:hydrator-plugins",
            "name": "Hydrator Plugin Collection",
            "tags": [],
            "visibility": "public",
            "isNew": false
        },
        {
            "organization": "marium027-bitbucket",
            "key": "iproute2xenpatch",
            "name": "iproute2xenpatch",
            "tags": [],
            "visibility": "public",
            "isNew": false
        }
    ],
    "facets": [
        {
            "property": "languages",
            "values": [
                {
                    "val": "xml",
                    "count": 14842
                },
                {
                    "val": "web",
                    "count": 13244
                },
                {
                    "val": "java",
                    "count": 13146
                },
                {
                    "val": "css",
                    "count": 11600
                },
                {
                    "val": "js",
                    "count": 11509
                },
                {
                    "val": "cs",
                    "count": 6127
                },
                {
                    "val": "php",
                    "count": 2740
                },
                {
                    "val": "py",
                    "count": 2703
                },
                {
                    "val": "ts",
                    "count": 2054
                },
                {
                    "val": "c",
                    "count": 1733
                }
            ]
        },
        {
            "property": "ncloc",
            "values": [
                {
                    "val": "*-1000.0",
                    "count": 28145
                },
                {
                    "val": "1000.0-10000.0",
                    "count": 18881
                },
                {
                    "val": "10000.0-100000.0",
                    "count": 10811
                },
                {
                    "val": "100000.0-500000.0",
                    "count": 1998
                },
                {
                    "val": "500000.0-*",
                    "count": 378
                }
            ]
        }
    ]
}