{
    "paging": {
        "pageIndex": 820,
        "pageSize": 10,
        "total": 32073
    },
    "organizations": [
        {
            "key": "csys-fresher-batch-2019",
            "name": "ChainsysTraining"
        },
        {
            "key": "dfa1",
            "name": "Davide Angelocola"
        },
        {
            "key": "nicklauslittle",
            "name": "nicklauslittle"
        },
        {
            "key": "guumaster",
            "name": "guumaster"
        },
        {
            "key": "ditrim023",
            "name": "Ditrim023"
        },
        {
            "key": "sit-kmutt",
            "name": "SIT KMUTT"
        },
        {
            "key": "qoiwpurpwoier-qwiopruqowieur-qwreewrn",
            "name": "NewHorizonTest"
        },
        {
            "key": "horros",
            "name": "Markus Lervik"
        }
    ],
    "components": [
        {
            "organization": "sit-kmutt",
            "key": "sit:int206:HOR-helpdesk",
            "name": "HOR-helpdesk",
            "tags": [],
            "visibility": "public",
            "isNew": false
        },
        {
            "organization": "sit-kmutt",
            "key": "sit:int206:HOR:Help_Desk",
            "name": "HOR_Help_Desk",
            "tags": [],
            "visibility": "public",
            "isNew": false
        },
        {
            "organization": "sit-kmutt",
            "key": "sit:int206:HorHelpdesk",
            "name": "HorHelpdesk",
            "tags": [],
            "visibility": "public",
            "isNew": false
        },
        {
            "organization": "qoiwpurpwoier-qwiopruqowieur-qwreewrn",
            "key": "uniquekey.jimmykenney",
            "name": "HorizonTest",
            "tags": [],
            "visibility": "public",
            "isNew": false
        },
        {
            "organization": "horros",
            "key": "horros_mslearn-tailspin-spacegame-web",
            "name": "horros_mslearn-tailspin-spacegame-web",
            "tags": [],
            "visibility": "public",
            "eligibilityStatus": "COMPLETED",
            "eligible": false,
            "isNew": false
        },
        {
            "organization": "nicklauslittle",
            "key": "nicklauslittle_horseshoe-j",
            "name": "horseshoe",
            "tags": [],
            "visibility": "public",
            "eligibilityStatus": "COMPLETED",
            "eligible": false,
            "isNew": false
        },
        {
            "organization": "dfa1",
            "key": "dfa1_hosh",
            "name": "hosh",
            "tags": [],
            "visibility": "public",
            "isNew": false
        },
        {
            "organization": "ditrim023",
            "key": "Ditrim023_hospital",
            "name": "hospital",
            "tags": [],
            "visibility": "public",
            "isNew": false
        },
        {
            "organization": "csys-fresher-batch-2019",
            "key": "csys-fresher-batch-2019_hospitalapp-anusha",
            "name": "hospital",
            "tags": [],
            "visibility": "public",
            "isNew": false
        },
        {
            "organization": "guumaster",
            "key": "guumaster_hostctl",
            "name": "hostctl",
            "tags": [],
            "visibility": "public",
            "eligibilityStatus": "COMPLETED",
            "eligible": true,
            "isNew": false
        }
    ],
    "facets": [
        {
            "property": "languages",
            "values": [
                {
                    "val": "xml",
                    "count": 14845
                },
                {
                    "val": "web",
                    "count": 13245
                },
                {
                    "val": "java",
                    "count": 13148
                },
                {
                    "val": "css",
                    "count": 11600
                },
                {
                    "val": "js",
                    "count": 11511
                },
                {
                    "val": "cs",
                    "count": 6127
                },
                {
                    "val": "php",
                    "count": 2740
                },
                {
                    "val": "py",
                    "count": 2703
                },
                {
                    "val": "ts",
                    "count": 2054
                },
                {
                    "val": "c",
                    "count": 1733
                }
            ]
        },
        {
            "property": "ncloc",
            "values": [
                {
                    "val": "*-1000.0",
                    "count": 28145
                },
                {
                    "val": "1000.0-10000.0",
                    "count": 18885
                },
                {
                    "val": "10000.0-100000.0",
                    "count": 10812
                },
                {
                    "val": "100000.0-500000.0",
                    "count": 1998
                },
                {
                    "val": "500000.0-*",
                    "count": 378
                }
            ]
        }
    ]
}