{
    "paging": {
        "pageIndex": 91,
        "pageSize": 10,
        "total": 32073
    },
    "organizations": [
        {
            "key": "playground-goranl",
            "name": "playground-goranl"
        },
        {
            "key": "delgadotrueba-github",
            "name": "Jose Manuel Delgado Trueba"
        },
        {
            "key": "elecharny-github",
            "name": "elecharny"
        },
        {
            "key": "budzow-github",
            "name": "budzow"
        },
        {
            "key": "playgroud-almedinam",
            "name": "playgroud-almedinam"
        },
        {
            "key": "playground-santiagog",
            "name": "playground-santiagog"
        },
        {
            "key": "pierrepinon-github",
            "name": "Pierre Pinon"
        },
        {
            "key": "apache",
            "name": "The Apache Software Foundation"
        },
        {
            "key": "playground-adnana",
            "name": "playground-adnana"
        },
        {
            "key": "samza",
            "name": "samza"
        }
    ],
    "components": [
        {
            "organization": "elecharny-github",
            "key": "org.apache.directory.api:api-parent",
            "name": "Apache Directory LDAP API",
            "tags": [],
            "visibility": "public",
            "isNew": false
        },
        {
            "organization": "apache",
            "key": "apache_groovy",
            "name": "Apache Groovy",
            "tags": [],
            "visibility": "public",
            "eligibilityStatus": "COMPLETED",
            "eligible": false,
            "isNew": false
        },
        {
            "organization": "budzow-github",
            "key": "org.apache.maven:maven",
            "name": "Apache Maven",
            "tags": [],
            "visibility": "public",
            "isNew": false
        },
        {
            "organization": "samza",
            "key": "org.apache.samza",
            "name": "Apache Samza",
            "tags": [],
            "visibility": "public",
            "isNew": false
        },
        {
            "organization": "pierrepinon-github",
            "key": "pierrepinon:domotique-appartement:develop",
            "name": "Apartement Home automation develop",
            "tags": [],
            "visibility": "public",
            "isNew": false
        },
        {
            "organization": "delgadotrueba-github",
            "key": "com.delgadotrueba:api",
            "name": "api",
            "tags": [],
            "visibility": "public",
            "isNew": false
        },
        {
            "organization": "playground-adnana",
            "key": "ApiPlayground-AdnanA",
            "name": "Api Playground",
            "tags": [],
            "visibility": "public",
            "isNew": false
        },
        {
            "organization": "playground-goranl",
            "key": "ApiPlayground-GoranL",
            "name": "Api Playground",
            "tags": [],
            "visibility": "public",
            "isNew": false
        },
        {
            "organization": "playground-santiagog",
            "key": "ApiPlayground-SantiagoG",
            "name": "Api Playground",
            "tags": [],
            "visibility": "public",
            "isNew": false
        },
        {
            "organization": "playgroud-almedinam",
            "key": "ApiPlayground2-AlmedinaM",
            "name": "Api Playground",
            "tags": [],
            "visibility": "public",
            "isNew": false
        }
    ],
    "facets": [
        {
            "property": "languages",
            "values": [
                {
                    "val": "xml",
                    "count": 14845
                },
                {
                    "val": "web",
                    "count": 13245
                },
                {
                    "val": "java",
                    "count": 13148
                },
                {
                    "val": "css",
                    "count": 11600
                },
                {
                    "val": "js",
                    "count": 11511
                },
                {
                    "val": "cs",
                    "count": 6127
                },
                {
                    "val": "php",
                    "count": 2740
                },
                {
                    "val": "py",
                    "count": 2703
                },
                {
                    "val": "ts",
                    "count": 2054
                },
                {
                    "val": "c",
                    "count": 1733
                }
            ]
        },
        {
            "property": "ncloc",
            "values": [
                {
                    "val": "*-1000.0",
                    "count": 28145
                },
                {
                    "val": "1000.0-10000.0",
                    "count": 18885
                },
                {
                    "val": "10000.0-100000.0",
                    "count": 10812
                },
                {
                    "val": "100000.0-500000.0",
                    "count": 1998
                },
                {
                    "val": "500000.0-*",
                    "count": 378
                }
            ]
        }
    ]
}