{
    "paging": {
        "pageIndex": 650,
        "pageSize": 10,
        "total": 32064
    },
    "organizations": [
        {
            "key": "paranapoth",
            "name": "paranapoth"
        },
        {
            "key": "pachoyan-github",
            "name": "Pachoyan"
        },
        {
            "key": "rudicarstens",
            "name": "rudicarstens"
        },
        {
            "key": "erudika",
            "name": "Erudika"
        },
        {
            "key": "oxygenxml-github",
            "name": "oxygenxml-github"
        },
        {
            "key": "ameet-nandihal-github",
            "name": "Ameet Nandihal"
        },
        {
            "key": "stefato-github",
            "name": "stefato"
        },
        {
            "key": "lecousin",
            "name": "Guillaume Le Cousin"
        },
        {
            "key": "varivoda-github",
            "name": "varivoda"
        }
    ],
    "components": [
        {
            "organization": "ameet-nandihal-github",
            "key": "OsmosisSafari",
            "name": "OsmosisSafari",
            "tags": [],
            "visibility": "public",
            "isNew": false
        },
        {
            "organization": "oxygenxml-github",
            "key": "com.oxygenxml:oxygen-dita-outgoing-references-view",
            "name": "oxygen-dita-outgoing-references-view",
            "tags": [],
            "visibility": "public",
            "isNew": false
        },
        {
            "organization": "pachoyan-github",
            "key": "pachoyan-github",
            "name": "pachoyan.github.io",
            "tags": [],
            "visibility": "public",
            "isNew": false
        },
        {
            "organization": "varivoda-github",
            "key": "page-factory-2",
            "name": "page-factory-2",
            "tags": [],
            "visibility": "public",
            "isNew": false
        },
        {
            "organization": "stefato-github",
            "key": "com.stefato.paketrix",
            "name": "Paketrix",
            "tags": [],
            "visibility": "public",
            "isNew": false
        },
        {
            "organization": "erudika",
            "key": "com.erudika:para-search-elasticsearch",
            "name": "Para Elasticsearch Plugin",
            "tags": [
                "backend",
                "search",
                "elasticsearch",
                "plugin"
            ],
            "visibility": "public",
            "isNew": false
        },
        {
            "organization": "erudika",
            "key": "com.erudika:para-search-lucene",
            "name": "Para Lucene Plugin",
            "tags": [],
            "visibility": "public",
            "isNew": false
        },
        {
            "organization": "paranapoth",
            "key": "paranapoth",
            "name": "paranapoth generated by jhipster",
            "tags": [],
            "visibility": "public",
            "isNew": false
        },
        {
            "organization": "lecousin",
            "key": "lecousin_java-framework-application-loader",
            "name": "parent-pom",
            "tags": [],
            "visibility": "public",
            "eligibilityStatus": "COMPLETED",
            "eligible": false,
            "isNew": false
        },
        {
            "organization": "rudicarstens",
            "key": "rudicarstens",
            "name": "Parts Unlimited",
            "tags": [],
            "visibility": "public",
            "isNew": false
        }
    ],
    "facets": [
        {
            "property": "languages",
            "values": [
                {
                    "val": "xml",
                    "count": 14841
                },
                {
                    "val": "web",
                    "count": 13243
                },
                {
                    "val": "java",
                    "count": 13146
                },
                {
                    "val": "css",
                    "count": 11598
                },
                {
                    "val": "js",
                    "count": 11506
                },
                {
                    "val": "cs",
                    "count": 6126
                },
                {
                    "val": "php",
                    "count": 2739
                },
                {
                    "val": "py",
                    "count": 2703
                },
                {
                    "val": "ts",
                    "count": 2054
                },
                {
                    "val": "c",
                    "count": 1733
                }
            ]
        },
        {
            "property": "ncloc",
            "values": [
                {
                    "val": "*-1000.0",
                    "count": 28144
                },
                {
                    "val": "1000.0-10000.0",
                    "count": 18879
                },
                {
                    "val": "10000.0-100000.0",
                    "count": 10810
                },
                {
                    "val": "100000.0-500000.0",
                    "count": 1997
                },
                {
                    "val": "500000.0-*",
                    "count": 378
                }
            ]
        }
    ]
}