{
    "paging": {
        "pageIndex": 191,
        "pageSize": 10,
        "total": 32063
    },
    "organizations": [
        {
            "key": "jlriom",
            "name": "jlriom"
        },
        {
            "key": "kotanetes-go-test-it",
            "name": "go-test-it"
        },
        {
            "key": "sagittatius-bitbucket",
            "name": "Qiao Qiao"
        },
        {
            "key": "qarmin-1",
            "name": "Rafa\u0142"
        },
        {
            "key": "soniaxu7-github",
            "name": "Sonia Xu"
        },
        {
            "key": "4inadequate-github",
            "name": "nb"
        },
        {
            "key": "landylee1989-github",
            "name": "Landy"
        }
    ],
    "components": [
        {
            "organization": "qarmin-1",
            "key": "qarmin_gnome-screenshot",
            "name": "gnome-screenshot",
            "tags": [],
            "visibility": "public",
            "isNew": false
        },
        {
            "organization": "qarmin-1",
            "key": "qarmin_gnome-software",
            "name": "gnome-software",
            "tags": [],
            "visibility": "public",
            "isNew": false
        },
        {
            "organization": "jlriom",
            "key": "jlriom_gnome-village",
            "name": "gnome-village",
            "tags": [],
            "visibility": "public",
            "isNew": false
        },
        {
            "organization": "sagittatius-bitbucket",
            "key": "com.thoughtworks.go:gocd:go-plugin-access",
            "name": "go-plugin-access",
            "tags": [],
            "visibility": "public",
            "isNew": false
        },
        {
            "organization": "sagittatius-bitbucket",
            "key": "com.thoughtworks.go:gocd:go-plugin-api",
            "name": "go-plugin-api",
            "tags": [],
            "visibility": "public",
            "isNew": false
        },
        {
            "organization": "sagittatius-bitbucket",
            "key": "com.thoughtworks.go:gocd:go-plugin-infra",
            "name": "go-plugin-infra",
            "tags": [],
            "visibility": "public",
            "isNew": false
        },
        {
            "organization": "landylee1989-github",
            "key": "go-test",
            "name": "go-test",
            "tags": [],
            "visibility": "public",
            "isNew": false
        },
        {
            "organization": "kotanetes-go-test-it",
            "key": "kotanetes_go-test-it",
            "name": "go-test-it",
            "tags": [],
            "visibility": "public",
            "eligibilityStatus": "COMPLETED",
            "eligible": true,
            "isNew": false
        },
        {
            "organization": "4inadequate-github",
            "key": "4inadequate_GoAdventures",
            "name": "goadventures",
            "tags": [],
            "visibility": "public",
            "isNew": false
        },
        {
            "organization": "soniaxu7-github",
            "key": "soniaxu7_GoAnalytics",
            "name": "GoAnalytics",
            "tags": [],
            "visibility": "public",
            "isNew": false
        }
    ],
    "facets": [
        {
            "property": "languages",
            "values": [
                {
                    "val": "xml",
                    "count": 14841
                },
                {
                    "val": "web",
                    "count": 13242
                },
                {
                    "val": "java",
                    "count": 13146
                },
                {
                    "val": "css",
                    "count": 11597
                },
                {
                    "val": "js",
                    "count": 11505
                },
                {
                    "val": "cs",
                    "count": 6126
                },
                {
                    "val": "php",
                    "count": 2739
                },
                {
                    "val": "py",
                    "count": 2703
                },
                {
                    "val": "ts",
                    "count": 2053
                },
                {
                    "val": "c",
                    "count": 1733
                }
            ]
        },
        {
            "property": "ncloc",
            "values": [
                {
                    "val": "*-1000.0",
                    "count": 28145
                },
                {
                    "val": "1000.0-10000.0",
                    "count": 18878
                },
                {
                    "val": "10000.0-100000.0",
                    "count": 10810
                },
                {
                    "val": "100000.0-500000.0",
                    "count": 1997
                },
                {
                    "val": "500000.0-*",
                    "count": 378
                }
            ]
        }
    ]
}