{
    "paging": {
        "pageIndex": 797,
        "pageSize": 10,
        "total": 32063
    },
    "organizations": [
        {
            "key": "apw10-github",
            "name": "apw"
        },
        {
            "key": "crossplane",
            "name": "Crossplane"
        },
        {
            "key": "x-dark",
            "name": "Cedric Girard"
        },
        {
            "key": "danielruf-github",
            "name": "Daniel Ruf"
        },
        {
            "key": "angekkk",
            "name": "angekkk"
        },
        {
            "key": "altugyildirim",
            "name": "Altug Yildirim"
        },
        {
            "key": "msprci",
            "name": "Ronan Laplaud"
        },
        {
            "key": "beokbeok",
            "name": "Ryan"
        },
        {
            "key": "touchbit",
            "name": "TouchBIT"
        },
        {
            "key": "schoaf-github",
            "name": "Schoaf"
        }
    ],
    "components": [
        {
            "organization": "msprci",
            "key": "Lapli_higlander_back",
            "name": "github_highlander_back",
            "tags": [],
            "visibility": "public",
            "isNew": false
        },
        {
            "organization": "altugyildirim",
            "key": "AltugYildirim_GitHubActions_ExampleWebsite",
            "name": "GitHubActions_ExampleWebsite",
            "tags": [],
            "visibility": "public",
            "eligibilityStatus": "COMPLETED",
            "eligible": true,
            "isNew": false
        },
        {
            "organization": "schoaf-github",
            "key": "GitHubSchoaf",
            "name": "GitHubSchoaf",
            "tags": [],
            "visibility": "public",
            "isNew": false
        },
        {
            "organization": "beokbeok",
            "key": "BeokBeok_GithubUserSearch",
            "name": "GithubUserSearch",
            "tags": [],
            "visibility": "public",
            "eligibilityStatus": "COMPLETED",
            "eligible": true,
            "isNew": false
        },
        {
            "organization": "touchbit",
            "key": "org.touchbit:gitlab-merge-request-jira-plugin",
            "name": "GitLab merge request jira plugin",
            "tags": [],
            "visibility": "public",
            "isNew": false
        },
        {
            "organization": "angekkk",
            "key": "GitLabTool",
            "name": "GitLab Tool",
            "tags": [],
            "visibility": "public",
            "isNew": false
        },
        {
            "organization": "danielruf-github",
            "key": "gitlab-ce",
            "name": "gitlab-ce",
            "tags": [],
            "visibility": "public",
            "isNew": false
        },
        {
            "organization": "crossplane",
            "key": "gitlab-controller",
            "name": "gitlab-controller",
            "tags": [],
            "visibility": "public",
            "isNew": false
        },
        {
            "organization": "x-dark",
            "key": "X-dark_gitlab-training2",
            "name": "gitlab-training2",
            "tags": [],
            "visibility": "public",
            "isNew": false
        },
        {
            "organization": "apw10-github",
            "key": "gitlab_gimp_master",
            "name": "gitlab_gimp_master",
            "tags": [],
            "visibility": "public",
            "isNew": false
        }
    ],
    "facets": [
        {
            "property": "languages",
            "values": [
                {
                    "val": "xml",
                    "count": 14840
                },
                {
                    "val": "web",
                    "count": 13241
                },
                {
                    "val": "java",
                    "count": 13146
                },
                {
                    "val": "css",
                    "count": 11596
                },
                {
                    "val": "js",
                    "count": 11504
                },
                {
                    "val": "cs",
                    "count": 6126
                },
                {
                    "val": "php",
                    "count": 2739
                },
                {
                    "val": "py",
                    "count": 2703
                },
                {
                    "val": "ts",
                    "count": 2053
                },
                {
                    "val": "c",
                    "count": 1733
                }
            ]
        },
        {
            "property": "ncloc",
            "values": [
                {
                    "val": "*-1000.0",
                    "count": 28143
                },
                {
                    "val": "1000.0-10000.0",
                    "count": 18880
                },
                {
                    "val": "10000.0-100000.0",
                    "count": 10809
                },
                {
                    "val": "100000.0-500000.0",
                    "count": 1996
                },
                {
                    "val": "500000.0-*",
                    "count": 378
                }
            ]
        }
    ]
}