{
    "paging": {
        "pageIndex": 893,
        "pageSize": 10,
        "total": 32063
    },
    "organizations": [
        {
            "key": "triplea-game",
            "name": "TripleA"
        },
        {
            "key": "cabreration",
            "name": "Javier Alberto Cabrera Puente"
        },
        {
            "key": "saori-chan-github",
            "name": "Saori-Chan"
        },
        {
            "key": "jhipster",
            "name": "jhipster"
        },
        {
            "key": "progettoispwstudio",
            "name": "progettoISPWstudio"
        },
        {
            "key": "nicklauslittle",
            "name": "nicklauslittle"
        },
        {
            "key": "openva",
            "name": "Open Virginia"
        },
        {
            "key": "andreadepaolis",
            "name": "andreadepaolis"
        },
        {
            "key": "baronparedes",
            "name": "Baron Paredes"
        },
        {
            "key": "doggycraftdk",
            "name": "DoggyCraft"
        }
    ],
    "components": [
        {
            "organization": "saori-chan-github",
            "key": "BigFollow",
            "name": "BigFollow",
            "tags": [],
            "visibility": "public",
            "isNew": false
        },
        {
            "organization": "doggycraftdk",
            "key": "DoggyCraftDK_DramaCraft",
            "name": "DramaCraft",
            "tags": [],
            "visibility": "public",
            "isNew": false
        },
        {
            "organization": "andreadepaolis",
            "key": "andreadepaolis_final",
            "name": "final",
            "tags": [],
            "visibility": "public",
            "isNew": false
        },
        {
            "organization": "progettoispwstudio",
            "key": "progettoISPWstudio_testMergeSCO",
            "name": "testMergeSCO",
            "tags": [],
            "visibility": "public",
            "isNew": false
        },
        {
            "organization": "baronparedes",
            "key": "baronparedes_wc-guest-management",
            "name": "wc-guest-management",
            "tags": [],
            "visibility": "public",
            "isNew": false
        },
        {
            "organization": "nicklauslittle",
            "key": "nicklauslittle_horseshoe-j",
            "name": "horseshoe",
            "tags": [],
            "visibility": "public",
            "eligibilityStatus": "COMPLETED",
            "eligible": false,
            "isNew": false
        },
        {
            "organization": "jhipster",
            "key": "jhipster-sample-application",
            "name": "jhipsterSampleApplication generated by jhipster",
            "tags": [],
            "visibility": "public",
            "isNew": false
        },
        {
            "organization": "triplea-game",
            "key": "triplea-game-sonar",
            "name": "triplea",
            "tags": [],
            "visibility": "public",
            "isNew": false
        },
        {
            "organization": "cabreration",
            "key": "cabreration_AYDS1-P34",
            "name": "AYDS1-P34",
            "tags": [],
            "visibility": "public",
            "eligibilityStatus": "COMPLETED",
            "eligible": false,
            "isNew": false
        },
        {
            "organization": "openva",
            "key": "openva_richmondsunlight.com",
            "name": "richmondsunlight.com",
            "tags": [],
            "visibility": "public",
            "isNew": false
        }
    ],
    "facets": [
        {
            "property": "languages",
            "values": [
                {
                    "val": "xml",
                    "count": 14841
                },
                {
                    "val": "web",
                    "count": 13242
                },
                {
                    "val": "java",
                    "count": 13146
                },
                {
                    "val": "css",
                    "count": 11597
                },
                {
                    "val": "js",
                    "count": 11505
                },
                {
                    "val": "cs",
                    "count": 6126
                },
                {
                    "val": "php",
                    "count": 2739
                },
                {
                    "val": "py",
                    "count": 2703
                },
                {
                    "val": "ts",
                    "count": 2053
                },
                {
                    "val": "c",
                    "count": 1733
                }
            ]
        },
        {
            "property": "ncloc",
            "values": [
                {
                    "val": "*-1000.0",
                    "count": 28145
                },
                {
                    "val": "1000.0-10000.0",
                    "count": 18878
                },
                {
                    "val": "10000.0-100000.0",
                    "count": 10810
                },
                {
                    "val": "100000.0-500000.0",
                    "count": 1997
                },
                {
                    "val": "500000.0-*",
                    "count": 378
                }
            ]
        }
    ]
}