{
    "paging": {
        "pageIndex": 565,
        "pageSize": 10,
        "total": 32069
    },
    "organizations": [
        {
            "key": "aj548245-github",
            "name": "aj548245"
        },
        {
            "key": "user-1221589",
            "name": "User 12"
        },
        {
            "key": "suman",
            "name": "suman"
        },
        {
            "key": "mridul007",
            "name": "mridul007"
        },
        {
            "key": "bogisaz400",
            "name": "bogisaz400"
        },
        {
            "key": "maharshi2",
            "name": "maharshi2"
        },
        {
            "key": "uday0681",
            "name": "uday0681"
        },
        {
            "key": "abc1234xyz",
            "name": "abc1234xyz"
        },
        {
            "key": "bhume92",
            "name": "bhume92"
        },
        {
            "key": "utsagiri",
            "name": "utsagiri"
        }
    ],
    "components": [
        {
            "organization": "suman",
            "key": "sonarcloud.mypartsunlimitedproject.sm",
            "name": "SonarCloud - MyPartsUnlimitedProject",
            "tags": [],
            "visibility": "public",
            "isNew": true
        },
        {
            "organization": "abc1234xyz",
            "key": "sonarcloud.mypartsunlimitedproject.soumik",
            "name": "SonarCloud - MyPartsUnlimitedProject",
            "tags": [],
            "visibility": "public",
            "isNew": false
        },
        {
            "organization": "mridul007",
            "key": "sonarcloud.mypartsunlimitedproject.sujit",
            "name": "SonarCloud - MyPartsUnlimitedProject",
            "tags": [],
            "visibility": "public",
            "isNew": false
        },
        {
            "organization": "uday0681",
            "key": "sonarcloud.mypartsunlimitedproject.uday0681",
            "name": "SonarCloud - MyPartsUnlimitedProject",
            "tags": [],
            "visibility": "public",
            "isNew": true
        },
        {
            "organization": "utsagiri",
            "key": "sonarcloud.mypartsunlimitedproject.utsab",
            "name": "SonarCloud - MyPartsUnlimitedProject",
            "tags": [],
            "visibility": "public",
            "isNew": false
        },
        {
            "organization": "maharshi2",
            "key": "sonarcloud.mypartsunlimitedadiproject.adith",
            "name": "SonarCloud - MyPartsUnilimitedAdiProject",
            "tags": [],
            "visibility": "public",
            "isNew": false
        },
        {
            "organization": "bhume92",
            "key": "sonarcloud.bhumpartsunlimited.bhume92",
            "name": "SonarCloud - BhumPartsUnlimited",
            "tags": [],
            "visibility": "public",
            "isNew": false
        },
        {
            "organization": "bogisaz400",
            "key": "088d7ed0714a7a1d9278f3bd52f55831985eceef",
            "name": "sonarcloud",
            "tags": [],
            "visibility": "public",
            "isNew": false
        },
        {
            "organization": "user-1221589",
            "key": "227354c1ba3770f58c0512e16f3c4fd95edd2bc1",
            "name": "SonarCloud",
            "tags": [],
            "visibility": "public",
            "isNew": false
        },
        {
            "organization": "aj548245-github",
            "key": "aj548245_SonarCloud",
            "name": "SonarCloud",
            "tags": [],
            "visibility": "public",
            "isNew": false
        }
    ],
    "facets": [
        {
            "property": "languages",
            "values": [
                {
                    "val": "xml",
                    "count": 14843
                },
                {
                    "val": "web",
                    "count": 13244
                },
                {
                    "val": "java",
                    "count": 13147
                },
                {
                    "val": "css",
                    "count": 11600
                },
                {
                    "val": "js",
                    "count": 11509
                },
                {
                    "val": "cs",
                    "count": 6127
                },
                {
                    "val": "php",
                    "count": 2740
                },
                {
                    "val": "py",
                    "count": 2703
                },
                {
                    "val": "ts",
                    "count": 2054
                },
                {
                    "val": "c",
                    "count": 1733
                }
            ]
        },
        {
            "property": "ncloc",
            "values": [
                {
                    "val": "*-1000.0",
                    "count": 28145
                },
                {
                    "val": "1000.0-10000.0",
                    "count": 18881
                },
                {
                    "val": "10000.0-100000.0",
                    "count": 10812
                },
                {
                    "val": "100000.0-500000.0",
                    "count": 1998
                },
                {
                    "val": "500000.0-*",
                    "count": 378
                }
            ]
        }
    ]
}