{
    "paging": {
        "pageIndex": 113,
        "pageSize": 10,
        "total": 32063
    },
    "organizations": [
        {
            "key": "hbfernandes",
            "name": "Hilario Fernandes"
        },
        {
            "key": "dodero-github",
            "name": "Juanma Dodero"
        },
        {
            "key": "esposito-matteo190320202155",
            "name": "Matteo Esposito"
        },
        {
            "key": "apache",
            "name": "The Apache Software Foundation"
        },
        {
            "key": "modelli1819-github",
            "name": "modelli1819"
        },
        {
            "key": "diana-elizabeth-campos-zetino72961",
            "name": "Zeus Team"
        },
        {
            "key": "vijayeluri-github",
            "name": "VijayEluri"
        },
        {
            "key": "lucavaiana",
            "name": "Luca Vaiana"
        }
    ],
    "components": [
        {
            "organization": "apache",
            "key": "apache_sling-org-apache-sling-xss",
            "name": "Apache Sling XSS Protection API",
            "tags": [
                "sling"
            ],
            "visibility": "public",
            "isNew": false
        },
        {
            "organization": "dodero-github",
            "key": "org.apache.stanbol:apache-stanbol",
            "name": "Apache Stanbol",
            "tags": [],
            "visibility": "public",
            "isNew": false
        },
        {
            "organization": "esposito-matteo190320202155",
            "key": "Esposito-Matteo_syncope",
            "name": "Apache Syncope",
            "tags": [],
            "visibility": "public",
            "eligibilityStatus": "COMPLETED",
            "eligible": false,
            "isNew": true
        },
        {
            "organization": "lucavaiana",
            "key": "LucaVaiana_syncope",
            "name": "Apache Syncope",
            "tags": [],
            "visibility": "public",
            "eligibilityStatus": "COMPLETED",
            "eligible": false,
            "isNew": true
        },
        {
            "organization": "apache",
            "key": "apache_incubator-tamaya",
            "name": "Apache Tamaya Base",
            "tags": [
                "tamaya"
            ],
            "visibility": "public",
            "isNew": false
        },
        {
            "organization": "apache",
            "key": "apache_incubator-tamaya-extensions",
            "name": "Apache Tamaya Extensions",
            "tags": [
                "tamaya"
            ],
            "visibility": "public",
            "isNew": false
        },
        {
            "organization": "diana-elizabeth-campos-zetino72961",
            "key": "org.apache.thrift",
            "name": "Apache Thrift",
            "tags": [],
            "visibility": "public",
            "isNew": false
        },
        {
            "organization": "vijayeluri-github",
            "key": "VijayEluri_tika",
            "name": "Apache Tika",
            "tags": [],
            "visibility": "public",
            "isNew": false
        },
        {
            "organization": "modelli1819-github",
            "key": "tom",
            "name": "Apache Tomcat Maven Plugin",
            "tags": [],
            "visibility": "public",
            "isNew": false
        },
        {
            "organization": "hbfernandes",
            "key": "pentaho:pentaho-vfs-browser",
            "name": "Apache VFS Browser",
            "tags": [],
            "visibility": "public",
            "isNew": false
        }
    ],
    "facets": [
        {
            "property": "languages",
            "values": [
                {
                    "val": "xml",
                    "count": 14840
                },
                {
                    "val": "web",
                    "count": 13241
                },
                {
                    "val": "java",
                    "count": 13146
                },
                {
                    "val": "css",
                    "count": 11596
                },
                {
                    "val": "js",
                    "count": 11504
                },
                {
                    "val": "cs",
                    "count": 6126
                },
                {
                    "val": "php",
                    "count": 2739
                },
                {
                    "val": "py",
                    "count": 2703
                },
                {
                    "val": "ts",
                    "count": 2053
                },
                {
                    "val": "c",
                    "count": 1733
                }
            ]
        },
        {
            "property": "ncloc",
            "values": [
                {
                    "val": "*-1000.0",
                    "count": 28143
                },
                {
                    "val": "1000.0-10000.0",
                    "count": 18880
                },
                {
                    "val": "10000.0-100000.0",
                    "count": 10809
                },
                {
                    "val": "100000.0-500000.0",
                    "count": 1996
                },
                {
                    "val": "500000.0-*",
                    "count": 378
                }
            ]
        }
    ]
}