{
    "paging": {
        "pageIndex": 795,
        "pageSize": 10,
        "total": 32072
    },
    "organizations": [
        {
            "key": "cobexer-github",
            "name": "Christoph Obexer"
        },
        {
            "key": "jrebirth",
            "name": "JRebirth"
        },
        {
            "key": "dernasherbrezon-github",
            "name": "dernasherbrezon"
        },
        {
            "key": "leachtech",
            "name": "leachtech"
        },
        {
            "key": "utahutah",
            "name": "Michael Durrant"
        },
        {
            "key": "jrs",
            "name": "jrs"
        },
        {
            "key": "dzlab-github",
            "name": "bachr"
        },
        {
            "key": "fbacchella-github",
            "name": "Fabrice Bacchella"
        },
        {
            "key": "vijayeluri-github",
            "name": "VijayEluri"
        }
    ],
    "components": [
        {
            "organization": "dernasherbrezon-github",
            "key": "ru.r2cloud:jradio",
            "name": "jradio",
            "tags": [],
            "visibility": "public",
            "isNew": false
        },
        {
            "organization": "dzlab-github",
            "key": "dz.lab:jraft",
            "name": "jraft",
            "tags": [],
            "visibility": "public",
            "isNew": false
        },
        {
            "organization": "cobexer-github",
            "key": "cobexer_jrc-editor",
            "name": "jrc-editor",
            "tags": [],
            "visibility": "public",
            "isNew": false
        },
        {
            "organization": "fbacchella-github",
            "key": "fr.jrds:jrds",
            "name": "JRDS",
            "tags": [],
            "visibility": "public",
            "isNew": false
        },
        {
            "organization": "fbacchella-github",
            "key": "fr.jrds:jrdsagent",
            "name": "jrdsagent",
            "tags": [],
            "visibility": "public",
            "isNew": false
        },
        {
            "organization": "jrebirth",
            "key": "JRebirth_JRebirth",
            "name": "JRebirth Application Framework",
            "tags": [],
            "visibility": "public",
            "isNew": false
        },
        {
            "organization": "vijayeluri-github",
            "key": "VijayEluri_jredis",
            "name": "JRedis [Build POM]",
            "tags": [],
            "visibility": "public",
            "isNew": false
        },
        {
            "organization": "jrs",
            "key": "gavka",
            "name": "JRS kafka UI: Apache Kafka admin application - project POM",
            "tags": [],
            "visibility": "public",
            "isNew": false
        },
        {
            "organization": "utahutah",
            "key": "durrantm_js",
            "name": "js",
            "tags": [],
            "visibility": "public",
            "eligibilityStatus": "COMPLETED",
            "eligible": true,
            "isNew": false
        },
        {
            "organization": "leachtech",
            "key": "LEACHTECH.SUPPORTTOOLKIT",
            "name": "JS - Leach Technologies",
            "tags": [],
            "visibility": "public",
            "isNew": false
        }
    ],
    "facets": [
        {
            "property": "languages",
            "values": [
                {
                    "val": "xml",
                    "count": 14844
                },
                {
                    "val": "web",
                    "count": 13244
                },
                {
                    "val": "java",
                    "count": 13148
                },
                {
                    "val": "css",
                    "count": 11600
                },
                {
                    "val": "js",
                    "count": 11510
                },
                {
                    "val": "cs",
                    "count": 6127
                },
                {
                    "val": "php",
                    "count": 2740
                },
                {
                    "val": "py",
                    "count": 2703
                },
                {
                    "val": "ts",
                    "count": 2054
                },
                {
                    "val": "c",
                    "count": 1733
                }
            ]
        },
        {
            "property": "ncloc",
            "values": [
                {
                    "val": "*-1000.0",
                    "count": 28145
                },
                {
                    "val": "1000.0-10000.0",
                    "count": 18884
                },
                {
                    "val": "10000.0-100000.0",
                    "count": 10812
                },
                {
                    "val": "100000.0-500000.0",
                    "count": 1998
                },
                {
                    "val": "500000.0-*",
                    "count": 378
                }
            ]
        }
    ]
}