{
    "paging": {
        "pageIndex": 709,
        "pageSize": 10,
        "total": 32066
    },
    "organizations": [
        {
            "key": "testfordevops",
            "name": "testfordevops"
        },
        {
            "key": "santiago-xavier-merlo-vega81459",
            "name": "Santiago Xavier Merlo Vega"
        },
        {
            "key": "intercept",
            "name": "intercept"
        },
        {
            "key": "kakumanu-l-12090754033227",
            "name": "KAKUMANU L - 120907540"
        },
        {
            "key": "suits10",
            "name": "DevopsHakathon"
        },
        {
            "key": "devops7amdemo",
            "name": "devops7amdemo"
        },
        {
            "key": "rajshree-pardeshi78925",
            "name": "Rajshree  Pardeshi"
        },
        {
            "key": "daniela-duduleanu61846",
            "name": "Daniela Duduleanu"
        },
        {
            "key": "immanuelv",
            "name": "Immanuel Vattakunnel"
        },
        {
            "key": "joris-roelofs43041",
            "name": "Joris Roelofs"
        }
    ],
    "components": [
        {
            "organization": "immanuelv",
            "key": "DevopsDemo2019",
            "name": "DevopsDemo2019",
            "tags": [],
            "visibility": "public",
            "isNew": false
        },
        {
            "organization": "devops7amdemo",
            "key": "devops7amdemo",
            "name": "DevOpsDemo7AM",
            "tags": [],
            "visibility": "public",
            "isNew": false
        },
        {
            "organization": "daniela-duduleanu61846",
            "key": "DevOpsDemo_Sonar",
            "name": "DevOpsDemo_Sonar",
            "tags": [],
            "visibility": "public",
            "isNew": false
        },
        {
            "organization": "intercept",
            "key": "DevOpsDemoKey",
            "name": "DevOpsDemoKey",
            "tags": [],
            "visibility": "public",
            "isNew": false
        },
        {
            "organization": "rajshree-pardeshi78925",
            "key": "DevOpsDotNetSample",
            "name": "DevOpsDotNetSample",
            "tags": [],
            "visibility": "public",
            "isNew": false
        },
        {
            "organization": "santiago-xavier-merlo-vega81459",
            "key": "Devopse2e",
            "name": "Devopse2e",
            "tags": [],
            "visibility": "public",
            "isNew": false
        },
        {
            "organization": "testfordevops",
            "key": "DevOpsForTest0317",
            "name": "DevOpsForTest0317",
            "tags": [],
            "visibility": "public",
            "isNew": false
        },
        {
            "organization": "suits10",
            "key": "DevOpsHackathon",
            "name": "DevopsHackathon",
            "tags": [],
            "visibility": "public",
            "isNew": false
        },
        {
            "organization": "kakumanu-l-12090754033227",
            "key": "arunkumar.visualstudio.com.sonarexamples.netfx",
            "name": "DevOpsHackathon",
            "tags": [],
            "visibility": "public",
            "isNew": false
        },
        {
            "organization": "joris-roelofs43041",
            "key": "27195085fdd8bbe40cc303b9ca825fe4016c9add",
            "name": "devopshol",
            "tags": [],
            "visibility": "public",
            "isNew": false
        }
    ],
    "facets": [
        {
            "property": "languages",
            "values": [
                {
                    "val": "xml",
                    "count": 14842
                },
                {
                    "val": "web",
                    "count": 13243
                },
                {
                    "val": "java",
                    "count": 13146
                },
                {
                    "val": "css",
                    "count": 11599
                },
                {
                    "val": "js",
                    "count": 11508
                },
                {
                    "val": "cs",
                    "count": 6126
                },
                {
                    "val": "php",
                    "count": 2740
                },
                {
                    "val": "py",
                    "count": 2703
                },
                {
                    "val": "ts",
                    "count": 2054
                },
                {
                    "val": "c",
                    "count": 1733
                }
            ]
        },
        {
            "property": "ncloc",
            "values": [
                {
                    "val": "*-1000.0",
                    "count": 28145
                },
                {
                    "val": "1000.0-10000.0",
                    "count": 18880
                },
                {
                    "val": "10000.0-100000.0",
                    "count": 10810
                },
                {
                    "val": "100000.0-500000.0",
                    "count": 1998
                },
                {
                    "val": "500000.0-*",
                    "count": 378
                }
            ]
        }
    ]
}