{
    "paging": {
        "pageIndex": 573,
        "pageSize": 10,
        "total": 32073
    },
    "organizations": [
        {
            "key": "siyabongantombela-bitbucket",
            "name": "Siya Ntombela"
        },
        {
            "key": "1909-sep30-net",
            "name": "1909-sep30-net"
        },
        {
            "key": "aurelien-riv-github",
            "name": "aurelien-riv"
        },
        {
            "key": "speisekatze",
            "name": "Thomas Walter"
        },
        {
            "key": "dbcdk-jph",
            "name": "DBCDK"
        },
        {
            "key": "forceclose",
            "name": "ForceClose"
        },
        {
            "key": "bytemare-github",
            "name": "Bytemare"
        },
        {
            "key": "sqrtminusone-github",
            "name": "SqrtMinusOne"
        },
        {
            "key": "serge-rider-github",
            "name": "Serge Rider"
        },
        {
            "key": "yanhuqing666-github",
            "name": "tiger.yan"
        }
    ],
    "components": [
        {
            "organization": "sqrtminusone-github",
            "key": "mse_teacher_plan",
            "name": "db_coursework",
            "tags": [],
            "visibility": "public",
            "isNew": false
        },
        {
            "organization": "speisekatze",
            "key": "speisekatze_dba",
            "name": "dba",
            "tags": [],
            "visibility": "public",
            "eligibilityStatus": "COMPLETED",
            "eligible": true,
            "isNew": false
        },
        {
            "organization": "siyabongantombela-bitbucket",
            "key": "com.adr.api:dbadrapi",
            "name": "dbadrapi",
            "tags": [],
            "visibility": "public",
            "isNew": false
        },
        {
            "organization": "dbcdk-jph",
            "key": "DBCDK-biblo:travis",
            "name": "DBCDK-biblo",
            "tags": [],
            "visibility": "public",
            "isNew": false
        },
        {
            "organization": "aurelien-riv-github",
            "key": "DBChecker",
            "name": "DBChecker",
            "tags": [],
            "visibility": "public",
            "isNew": false
        },
        {
            "organization": "serge-rider-github",
            "key": "org.jkiss.dbeaver:dbeaver",
            "name": "dbeaver",
            "tags": [],
            "visibility": "public",
            "isNew": false
        },
        {
            "organization": "yanhuqing666-github",
            "key": "com.actiontech:dble",
            "name": "dble-server",
            "tags": [],
            "visibility": "public",
            "isNew": false
        },
        {
            "organization": "forceclose",
            "key": "dbm_api",
            "name": "dbm_api",
            "tags": [],
            "visibility": "public",
            "isNew": false
        },
        {
            "organization": "bytemare-github",
            "key": "bytemare_dbmon",
            "name": "dbmon",
            "tags": [],
            "visibility": "public",
            "isNew": false
        },
        {
            "organization": "1909-sep30-net",
            "key": "KSJ-DBnD",
            "name": "DBnD",
            "tags": [],
            "visibility": "public",
            "isNew": false
        }
    ],
    "facets": [
        {
            "property": "languages",
            "values": [
                {
                    "val": "xml",
                    "count": 14845
                },
                {
                    "val": "web",
                    "count": 13245
                },
                {
                    "val": "java",
                    "count": 13148
                },
                {
                    "val": "css",
                    "count": 11600
                },
                {
                    "val": "js",
                    "count": 11511
                },
                {
                    "val": "cs",
                    "count": 6127
                },
                {
                    "val": "php",
                    "count": 2740
                },
                {
                    "val": "py",
                    "count": 2703
                },
                {
                    "val": "ts",
                    "count": 2054
                },
                {
                    "val": "c",
                    "count": 1733
                }
            ]
        },
        {
            "property": "ncloc",
            "values": [
                {
                    "val": "*-1000.0",
                    "count": 28145
                },
                {
                    "val": "1000.0-10000.0",
                    "count": 18885
                },
                {
                    "val": "10000.0-100000.0",
                    "count": 10812
                },
                {
                    "val": "100000.0-500000.0",
                    "count": 1998
                },
                {
                    "val": "500000.0-*",
                    "count": 378
                }
            ]
        }
    ]
}