{
    "paging": {
        "pageIndex": 218,
        "pageSize": 10,
        "total": 32073
    },
    "organizations": [
        {
            "key": "hubertchen-om-github",
            "name": "HubertChen-OM"
        },
        {
            "key": "flyer-projects",
            "name": "flyer-projects"
        },
        {
            "key": "vijayvani-github",
            "name": "vijayvani"
        },
        {
            "key": "ylz",
            "name": "ylz"
        },
        {
            "key": "testanalyser2",
            "name": "TestAnalyser2"
        },
        {
            "key": "asappresearch",
            "name": "ASAPP Research"
        },
        {
            "key": "laristra",
            "name": "laristra"
        },
        {
            "key": "flamingo-geocms",
            "name": "flamingo-geocms"
        },
        {
            "key": "vijayeluri-github",
            "name": "VijayEluri"
        }
    ],
    "components": [
        {
            "organization": "flyer-projects",
            "key": "com.flyer.fo:FIXtp",
            "name": "FIXtp",
            "tags": [],
            "visibility": "public",
            "isNew": false
        },
        {
            "organization": "ylz",
            "key": "fjsb",
            "name": "fjsbWX",
            "tags": [],
            "visibility": "public",
            "isNew": false
        },
        {
            "organization": "asappresearch",
            "key": "asappresearch_flambe",
            "name": "flambe",
            "tags": [],
            "visibility": "public",
            "isNew": false
        },
        {
            "organization": "flamingo-geocms",
            "key": "flamingo-geocms_flamingo",
            "name": "flamingo-mc",
            "tags": [],
            "visibility": "public",
            "isNew": false
        },
        {
            "organization": "vijayeluri-github",
            "key": "VijayEluri_flapjack",
            "name": "Flapjack Aggregate",
            "tags": [],
            "visibility": "public",
            "isNew": false
        },
        {
            "organization": "hubertchen-om-github",
            "key": "HubertChen-OM_FlashCards",
            "name": "FlashCards",
            "tags": [],
            "visibility": "public",
            "isNew": false
        },
        {
            "organization": "testanalyser2",
            "key": "Artifex1_flatcorecms146-reupload",
            "name": "flatcorecms146-reupload",
            "tags": [],
            "visibility": "public",
            "eligibilityStatus": "COMPLETED",
            "eligible": true,
            "isNew": true
        },
        {
            "organization": "vijayvani-github",
            "key": "vijayvani_flazr",
            "name": "Flazr",
            "tags": [],
            "visibility": "public",
            "isNew": false
        },
        {
            "organization": "laristra",
            "key": "flecsi:/adding_hpx",
            "name": "flecsi /adding_hpx",
            "tags": [],
            "visibility": "public",
            "isNew": false
        },
        {
            "organization": "laristra",
            "key": "flecsi:/attempt1",
            "name": "flecsi /attempt1",
            "tags": [],
            "visibility": "public",
            "isNew": false
        }
    ],
    "facets": [
        {
            "property": "languages",
            "values": [
                {
                    "val": "xml",
                    "count": 14845
                },
                {
                    "val": "web",
                    "count": 13245
                },
                {
                    "val": "java",
                    "count": 13148
                },
                {
                    "val": "css",
                    "count": 11600
                },
                {
                    "val": "js",
                    "count": 11511
                },
                {
                    "val": "cs",
                    "count": 6127
                },
                {
                    "val": "php",
                    "count": 2740
                },
                {
                    "val": "py",
                    "count": 2703
                },
                {
                    "val": "ts",
                    "count": 2054
                },
                {
                    "val": "c",
                    "count": 1733
                }
            ]
        },
        {
            "property": "ncloc",
            "values": [
                {
                    "val": "*-1000.0",
                    "count": 28146
                },
                {
                    "val": "1000.0-10000.0",
                    "count": 18885
                },
                {
                    "val": "10000.0-100000.0",
                    "count": 10812
                },
                {
                    "val": "100000.0-500000.0",
                    "count": 1998
                },
                {
                    "val": "500000.0-*",
                    "count": 378
                }
            ]
        }
    ]
}