{
    "paging": {
        "pageIndex": 621,
        "pageSize": 10,
        "total": 32068
    },
    "organizations": [
        {
            "key": "mydrive-solutions",
            "name": "MyDrive Solutions"
        },
        {
            "key": "rickmetralla-github",
            "name": "rickMetralla"
        },
        {
            "key": "freeletics",
            "name": "Freeletics GmbH"
        },
        {
            "key": "hoangbv15-bitbucket",
            "name": "Hoang Bui"
        },
        {
            "key": "m2dl",
            "name": "Master 2 D\u00e9veloppement Logiciel"
        },
        {
            "key": "tallisble-github",
            "name": "Tallisble"
        },
        {
            "key": "wmftest",
            "name": "Wikimedia Foundation"
        },
        {
            "key": "grupp-one",
            "name": "GruppOne"
        },
        {
            "key": "adam793-github",
            "name": "adam793"
        },
        {
            "key": "kvjavaxxv",
            "name": "SoftServe ITA Kv-025.Java"
        }
    ],
    "components": [
        {
            "organization": "tallisble-github",
            "key": "1806-isble-pizzastore",
            "name": "1806-isble-pizzastore",
            "tags": [],
            "visibility": "public",
            "isNew": false
        },
        {
            "organization": "kvjavaxxv",
            "key": "academy.softserve:AuraCore:MappersUpdate",
            "name": "Aura Core MappersUpdate",
            "tags": [],
            "visibility": "public",
            "isNew": false
        },
        {
            "organization": "hoangbv15-bitbucket",
            "key": "PhantomBlade:core",
            "name": "core",
            "tags": [],
            "visibility": "public",
            "isNew": false
        },
        {
            "organization": "m2dl",
            "key": "bellevue:projetivvq",
            "name": "projetivvq",
            "tags": [],
            "visibility": "public",
            "isNew": false
        },
        {
            "organization": "mydrive-solutions",
            "key": "android-client-androidstudio",
            "name": "android-client-androidstudio",
            "tags": [],
            "visibility": "public",
            "isNew": false
        },
        {
            "organization": "freeletics",
            "key": "CorePayment",
            "name": "CorePayment",
            "tags": [],
            "visibility": "public",
            "isNew": false
        },
        {
            "organization": "wmftest",
            "key": "mediawiki-extensions-WikibaseQualityConstraints",
            "name": "mediawiki-extensions-WikibaseQualityConstraints",
            "tags": [],
            "visibility": "public",
            "isNew": false
        },
        {
            "organization": "adam793-github",
            "key": "pl.edu.pjatk.win.crm:crm-ak-jd-2016",
            "name": "Praca inz: s10637 s10452",
            "tags": [],
            "visibility": "public",
            "isNew": false
        },
        {
            "organization": "rickmetralla-github",
            "key": "com.store:rest_store",
            "name": "rest_store",
            "tags": [],
            "visibility": "public",
            "isNew": false
        },
        {
            "organization": "grupp-one",
            "key": "GruppOne_stalker-mobile-app",
            "name": "stalker-mobile-app",
            "tags": [],
            "visibility": "public",
            "eligibilityStatus": "COMPLETED",
            "eligible": false,
            "isNew": false
        }
    ],
    "facets": [
        {
            "property": "languages",
            "values": [
                {
                    "val": "xml",
                    "count": 14842
                },
                {
                    "val": "web",
                    "count": 13244
                },
                {
                    "val": "java",
                    "count": 13146
                },
                {
                    "val": "css",
                    "count": 11600
                },
                {
                    "val": "js",
                    "count": 11509
                },
                {
                    "val": "cs",
                    "count": 6127
                },
                {
                    "val": "php",
                    "count": 2740
                },
                {
                    "val": "py",
                    "count": 2703
                },
                {
                    "val": "ts",
                    "count": 2054
                },
                {
                    "val": "c",
                    "count": 1733
                }
            ]
        },
        {
            "property": "ncloc",
            "values": [
                {
                    "val": "*-1000.0",
                    "count": 28145
                },
                {
                    "val": "1000.0-10000.0",
                    "count": 18881
                },
                {
                    "val": "10000.0-100000.0",
                    "count": 10811
                },
                {
                    "val": "100000.0-500000.0",
                    "count": 1998
                },
                {
                    "val": "500000.0-*",
                    "count": 378
                }
            ]
        }
    ]
}