{
    "paging": {
        "pageIndex": 426,
        "pageSize": 10,
        "total": 32075
    },
    "organizations": [
        {
            "key": "smajko31-github",
            "name": "Sebastian Majko"
        },
        {
            "key": "blkc",
            "name": "BL King Consulting"
        },
        {
            "key": "ylinor-github",
            "name": "Onaple"
        },
        {
            "key": "josemlechon",
            "name": "Jose M Lechon"
        },
        {
            "key": "selimdaoud",
            "name": "selimdaoud"
        },
        {
            "key": "breaking-tag",
            "name": "Breaking Tag"
        },
        {
            "key": "thimok-github",
            "name": "Thimo"
        }
    ],
    "components": [
        {
            "organization": "selimdaoud",
            "key": "selimdaoud_brawl",
            "name": "brawl",
            "tags": [],
            "visibility": "public",
            "isNew": false
        },
        {
            "organization": "ylinor-github",
            "key": "Brawlator",
            "name": "Brawlator",
            "tags": [],
            "visibility": "public",
            "isNew": false
        },
        {
            "organization": "blkc",
            "key": "brab",
            "name": "Bre'er Rabbit Payroll Transformation Web Service",
            "tags": [],
            "visibility": "public",
            "isNew": false
        },
        {
            "organization": "smajko31-github",
            "key": "breakfast-mvc",
            "name": "breakfast-mvc",
            "tags": [],
            "visibility": "public",
            "isNew": false
        },
        {
            "organization": "smajko31-github",
            "key": "breakfast-project-2",
            "name": "breakfast-project-2",
            "tags": [],
            "visibility": "public",
            "isNew": false
        },
        {
            "organization": "josemlechon",
            "key": "josemlechon_breaking-bad",
            "name": "Breaking Bad",
            "tags": [],
            "visibility": "public",
            "eligibilityStatus": "COMPLETED",
            "eligible": false,
            "isNew": false
        },
        {
            "organization": "breaking-tag",
            "key": "brtag",
            "name": "Breaking Tag",
            "tags": [],
            "visibility": "public",
            "isNew": false
        },
        {
            "organization": "breaking-tag",
            "key": "brtag:CalculateClass_new",
            "name": "Breaking Tag CalculateClass_new",
            "tags": [],
            "visibility": "public",
            "isNew": false
        },
        {
            "organization": "breaking-tag",
            "key": "brtag:master",
            "name": "Breaking Tag master",
            "tags": [],
            "visibility": "public",
            "isNew": false
        },
        {
            "organization": "thimok-github",
            "key": "BredaApp",
            "name": "BredaApp",
            "tags": [],
            "visibility": "public",
            "isNew": false
        }
    ],
    "facets": [
        {
            "property": "languages",
            "values": [
                {
                    "val": "xml",
                    "count": 14846
                },
                {
                    "val": "web",
                    "count": 13246
                },
                {
                    "val": "java",
                    "count": 13149
                },
                {
                    "val": "css",
                    "count": 11600
                },
                {
                    "val": "js",
                    "count": 11511
                },
                {
                    "val": "cs",
                    "count": 6127
                },
                {
                    "val": "php",
                    "count": 2740
                },
                {
                    "val": "py",
                    "count": 2704
                },
                {
                    "val": "ts",
                    "count": 2054
                },
                {
                    "val": "c",
                    "count": 1733
                }
            ]
        },
        {
            "property": "ncloc",
            "values": [
                {
                    "val": "*-1000.0",
                    "count": 28146
                },
                {
                    "val": "1000.0-10000.0",
                    "count": 18886
                },
                {
                    "val": "10000.0-100000.0",
                    "count": 10813
                },
                {
                    "val": "100000.0-500000.0",
                    "count": 1998
                },
                {
                    "val": "500000.0-*",
                    "count": 378
                }
            ]
        }
    ]
}