{
    "paging": {
        "pageIndex": 669,
        "pageSize": 10,
        "total": 32071
    },
    "organizations": [
        {
            "key": "esfauk",
            "name": "Education and Skills Funding Agency"
        },
        {
            "key": "onap",
            "name": "Open Network Automation Platform (ONAP)"
        }
    ],
    "components": [
        {
            "organization": "esfauk",
            "key": "DC-Alpha-WebUI",
            "name": "DC-Alpha-WebUI",
            "tags": [],
            "visibility": "public",
            "isNew": false
        },
        {
            "organization": "esfauk",
            "key": "DC-ILR-1718-Model",
            "name": "DC-ILR-1718-Model",
            "tags": [],
            "visibility": "public",
            "isNew": false
        },
        {
            "organization": "esfauk",
            "key": "DC-ILR-1718-ValidationService",
            "name": "DC-ILR-1718-ValidationService",
            "tags": [],
            "visibility": "public",
            "isNew": false
        },
        {
            "organization": "esfauk",
            "key": "DC-Logging",
            "name": "DC-Logging",
            "tags": [],
            "visibility": "public",
            "isNew": false
        },
        {
            "organization": "onap",
            "key": "onap_dcaegen2-analytics-tca",
            "name": "dcaegen2-analytics-tca",
            "tags": [],
            "visibility": "public",
            "isNew": false
        },
        {
            "organization": "onap",
            "key": "onap_dcaegen2-analytics-tca-gen2",
            "name": "dcaegen2-analytics-tca-gen2",
            "tags": [],
            "visibility": "public",
            "isNew": false
        },
        {
            "organization": "onap",
            "key": "onap_dcaegen2-collectors-restconf",
            "name": "dcaegen2-collectors-restconf",
            "tags": [],
            "visibility": "public",
            "isNew": false
        },
        {
            "organization": "onap",
            "key": "onap_dcaegen2-collectors-snmptrap",
            "name": "dcaegen2-collectors-snmptrap",
            "tags": [],
            "visibility": "public",
            "isNew": false
        },
        {
            "organization": "onap",
            "key": "onap_dcaegen2-collectors-ves",
            "name": "dcaegen2-collectors-ves",
            "tags": [],
            "visibility": "public",
            "isNew": false
        },
        {
            "organization": "onap",
            "key": "onap_dcaegen2-collectors-hv-ves",
            "name": "dcaegen2-collectors-veshv",
            "tags": [],
            "visibility": "public",
            "isNew": false
        }
    ],
    "facets": [
        {
            "property": "languages",
            "values": [
                {
                    "val": "xml",
                    "count": 14844
                },
                {
                    "val": "web",
                    "count": 13244
                },
                {
                    "val": "java",
                    "count": 13148
                },
                {
                    "val": "css",
                    "count": 11599
                },
                {
                    "val": "js",
                    "count": 11509
                },
                {
                    "val": "cs",
                    "count": 6127
                },
                {
                    "val": "php",
                    "count": 2740
                },
                {
                    "val": "py",
                    "count": 2703
                },
                {
                    "val": "ts",
                    "count": 2054
                },
                {
                    "val": "c",
                    "count": 1733
                }
            ]
        },
        {
            "property": "ncloc",
            "values": [
                {
                    "val": "*-1000.0",
                    "count": 28144
                },
                {
                    "val": "1000.0-10000.0",
                    "count": 18883
                },
                {
                    "val": "10000.0-100000.0",
                    "count": 10812
                },
                {
                    "val": "100000.0-500000.0",
                    "count": 1998
                },
                {
                    "val": "500000.0-*",
                    "count": 378
                }
            ]
        }
    ]
}