{
    "paging": {
        "pageIndex": 599,
        "pageSize": 10,
        "total": 32066
    },
    "organizations": [
        {
            "key": "default",
            "name": "Attic"
        },
        {
            "key": "jebradbury39-github",
            "name": "jebradbury39"
        },
        {
            "key": "nibarius-github",
            "name": "Niklas Barsk"
        },
        {
            "key": "mathieumack-github",
            "name": "MACK Mathieu"
        },
        {
            "key": "openwms-github",
            "name": "Interface21.io"
        },
        {
            "key": "aavikings",
            "name": "AAVikings"
        }
    ],
    "components": [
        {
            "organization": "openwms-github",
            "key": "org.openwms:org.openwms.core.uaa",
            "name": "OpenWMS.org CORE: UAA",
            "tags": [],
            "visibility": "public",
            "isNew": false
        },
        {
            "organization": "openwms-github",
            "key": "org.openwms:org.openwms",
            "name": "OpenWMS.org Project",
            "tags": [],
            "visibility": "public",
            "isNew": false
        },
        {
            "organization": "openwms-github",
            "key": "org.openwms:org.openwms.tms.routing",
            "name": "OpenWMS.org TMS: Routing Services",
            "tags": [],
            "visibility": "public",
            "isNew": false
        },
        {
            "organization": "openwms-github",
            "key": "org.openwms:org.openwms.tms.transportation",
            "name": "OpenWMS.org TMS: Transportation Services",
            "tags": [],
            "visibility": "public",
            "isNew": false
        },
        {
            "organization": "openwms-github",
            "key": "openwms_org.openwms.tms.routing",
            "name": "openwms_org.openwms.tms.routing",
            "tags": [],
            "visibility": "public",
            "isNew": false
        },
        {
            "organization": "mathieumack-github",
            "key": "github-OpenXMLSDK.Engine",
            "name": "OpenXMLSDK.Engine",
            "tags": [],
            "visibility": "public",
            "isNew": false
        },
        {
            "organization": "nibarius-github",
            "key": "nibarius_opera-park-android",
            "name": "opera-park-android",
            "tags": [],
            "visibility": "public",
            "isNew": false
        },
        {
            "organization": "default",
            "key": "com.github.oshi:oshi-parent",
            "name": "Operating System and Hardware Information",
            "tags": [],
            "visibility": "public",
            "isNew": false
        },
        {
            "organization": "jebradbury39-github",
            "key": "cp.cpe307.s17:operationicecream",
            "name": "operationicecream",
            "tags": [],
            "visibility": "public",
            "isNew": false
        },
        {
            "organization": "aavikings",
            "key": "AAVikings_OperationsModule",
            "name": "OperationsModule",
            "tags": [],
            "visibility": "public",
            "isNew": false
        }
    ],
    "facets": [
        {
            "property": "languages",
            "values": [
                {
                    "val": "xml",
                    "count": 14842
                },
                {
                    "val": "web",
                    "count": 13243
                },
                {
                    "val": "java",
                    "count": 13146
                },
                {
                    "val": "css",
                    "count": 11599
                },
                {
                    "val": "js",
                    "count": 11508
                },
                {
                    "val": "cs",
                    "count": 6126
                },
                {
                    "val": "php",
                    "count": 2740
                },
                {
                    "val": "py",
                    "count": 2703
                },
                {
                    "val": "ts",
                    "count": 2054
                },
                {
                    "val": "c",
                    "count": 1733
                }
            ]
        },
        {
            "property": "ncloc",
            "values": [
                {
                    "val": "*-1000.0",
                    "count": 28145
                },
                {
                    "val": "1000.0-10000.0",
                    "count": 18880
                },
                {
                    "val": "10000.0-100000.0",
                    "count": 10810
                },
                {
                    "val": "100000.0-500000.0",
                    "count": 1998
                },
                {
                    "val": "500000.0-*",
                    "count": 378
                }
            ]
        }
    ]
}