{
    "paging": {
        "pageIndex": 144,
        "pageSize": 10,
        "total": 32063
    },
    "organizations": [
        {
            "key": "kynake-github",
            "name": "Kynake"
        },
        {
            "key": "rgrativol-github",
            "name": "Renan Grativol"
        },
        {
            "key": "manutencao-arbitrium",
            "name": "manutencao-arbitrium"
        },
        {
            "key": "victordelgado90-github",
            "name": "VictorDelgado90"
        },
        {
            "key": "manutencao-3-arbitrium",
            "name": "manutencao-3-arbitrium"
        }
    ],
    "components": [
        {
            "organization": "rgrativol-github",
            "key": "rgrativol_arbitrade",
            "name": "arbitrade",
            "tags": [],
            "visibility": "public",
            "isNew": false
        },
        {
            "organization": "kynake-github",
            "key": "arbitriuApi",
            "name": "arbitriuApi",
            "tags": [],
            "visibility": "public",
            "isNew": false
        },
        {
            "organization": "kynake-github",
            "key": "arbitrium-front",
            "name": "arbitrium-front",
            "tags": [],
            "visibility": "public",
            "isNew": false
        },
        {
            "organization": "manutencao-3-arbitrium",
            "key": "arbitium-web",
            "name": "arbitrium-web",
            "tags": [],
            "visibility": "public",
            "isNew": false
        },
        {
            "organization": "manutencao-arbitrium",
            "key": "ArbitriumAPI",
            "name": "ArbitriumAPI",
            "tags": [],
            "visibility": "public",
            "isNew": false
        },
        {
            "organization": "manutencao-3-arbitrium",
            "key": "arbitriumApi",
            "name": "arbitriumApi",
            "tags": [],
            "visibility": "public",
            "isNew": false
        },
        {
            "organization": "manutencao-arbitrium",
            "key": "ArbitriumAPI2",
            "name": "ArbitriumAPI2",
            "tags": [],
            "visibility": "public",
            "isNew": false
        },
        {
            "organization": "manutencao-arbitrium",
            "key": "ArbitriumWeb",
            "name": "ArbitriumWeb",
            "tags": [],
            "visibility": "public",
            "isNew": false
        },
        {
            "organization": "manutencao-arbitrium",
            "key": "ArbitriumWeb2",
            "name": "ArbitriumWeb2",
            "tags": [],
            "visibility": "public",
            "isNew": false
        },
        {
            "organization": "victordelgado90-github",
            "key": "Victor90",
            "name": "ArbolAVL",
            "tags": [],
            "visibility": "public",
            "isNew": false
        }
    ],
    "facets": [
        {
            "property": "languages",
            "values": [
                {
                    "val": "xml",
                    "count": 14840
                },
                {
                    "val": "web",
                    "count": 13241
                },
                {
                    "val": "java",
                    "count": 13146
                },
                {
                    "val": "css",
                    "count": 11596
                },
                {
                    "val": "js",
                    "count": 11504
                },
                {
                    "val": "cs",
                    "count": 6126
                },
                {
                    "val": "php",
                    "count": 2739
                },
                {
                    "val": "py",
                    "count": 2703
                },
                {
                    "val": "ts",
                    "count": 2053
                },
                {
                    "val": "c",
                    "count": 1733
                }
            ]
        },
        {
            "property": "ncloc",
            "values": [
                {
                    "val": "*-1000.0",
                    "count": 28143
                },
                {
                    "val": "1000.0-10000.0",
                    "count": 18880
                },
                {
                    "val": "10000.0-100000.0",
                    "count": 10809
                },
                {
                    "val": "100000.0-500000.0",
                    "count": 1996
                },
                {
                    "val": "500000.0-*",
                    "count": 378
                }
            ]
        }
    ]
}