{
    "paging": {
        "pageIndex": 936,
        "pageSize": 10,
        "total": 32071
    },
    "organizations": [
        {
            "key": "szaboferee-github",
            "name": "Ferenc Szab\u00f3"
        },
        {
            "key": "bhalodidhruv-github",
            "name": "bhalodidhruv"
        },
        {
            "key": "brianereynolds-github",
            "name": "Brian"
        },
        {
            "key": "vijayeluri-github",
            "name": "VijayEluri"
        }
    ],
    "components": [
        {
            "organization": "szaboferee-github",
            "key": "szaboferee_flume",
            "name": "Apache Flume",
            "tags": [],
            "visibility": "public",
            "isNew": false
        },
        {
            "organization": "vijayeluri-github",
            "key": "VijayEluri_fop",
            "name": "Apache FOP Parent",
            "tags": [],
            "visibility": "public",
            "isNew": false
        },
        {
            "organization": "brianereynolds-github",
            "key": "brianereynolds_geode",
            "name": "Apache Geode",
            "tags": [],
            "visibility": "public",
            "isNew": false
        },
        {
            "organization": "bhalodidhruv-github",
            "key": "org.apache.hadoopmainproject2.3:hadoop-mainproject2.3:develop",
            "name": "Apache Hadoop Main develop",
            "tags": [],
            "visibility": "public",
            "isNew": false
        },
        {
            "organization": "bhalodidhruv-github",
            "key": "org.apache.hadoopmainproject:hadoop-mainproject:develop220",
            "name": "Apache Hadoop Main develop220",
            "tags": [],
            "visibility": "public",
            "isNew": false
        },
        {
            "organization": "bhalodidhruv-github",
            "key": "org.apache.hadoopmainproject:hadoop-mainproject:develop250",
            "name": "Apache Hadoop Main develop250",
            "tags": [],
            "visibility": "public",
            "isNew": false
        },
        {
            "organization": "bhalodidhruv-github",
            "key": "org.apache.hadoopmainproject:hadoop-mainproject:develop260",
            "name": "Apache Hadoop Main develop260",
            "tags": [],
            "visibility": "public",
            "isNew": false
        },
        {
            "organization": "bhalodidhruv-github",
            "key": "org.apache.hadoopmainproject:hadoop-mainproject:develop265",
            "name": "Apache Hadoop Main develop265",
            "tags": [],
            "visibility": "public",
            "isNew": false
        },
        {
            "organization": "bhalodidhruv-github",
            "key": "org.apache.hadoopmainproject:hadoop-mainproject:develop270",
            "name": "Apache Hadoop Main develop270",
            "tags": [],
            "visibility": "public",
            "isNew": false
        },
        {
            "organization": "bhalodidhruv-github",
            "key": "org.apache.hadoopmainproject:hadoop-mainproject:develop272",
            "name": "Apache Hadoop Main develop272",
            "tags": [],
            "visibility": "public",
            "isNew": false
        }
    ],
    "facets": [
        {
            "property": "languages",
            "values": [
                {
                    "val": "xml",
                    "count": 14844
                },
                {
                    "val": "web",
                    "count": 13244
                },
                {
                    "val": "java",
                    "count": 13148
                },
                {
                    "val": "css",
                    "count": 11599
                },
                {
                    "val": "js",
                    "count": 11509
                },
                {
                    "val": "cs",
                    "count": 6127
                },
                {
                    "val": "php",
                    "count": 2740
                },
                {
                    "val": "py",
                    "count": 2703
                },
                {
                    "val": "ts",
                    "count": 2054
                },
                {
                    "val": "c",
                    "count": 1733
                }
            ]
        },
        {
            "property": "ncloc",
            "values": [
                {
                    "val": "*-1000.0",
                    "count": 28144
                },
                {
                    "val": "1000.0-10000.0",
                    "count": 18883
                },
                {
                    "val": "10000.0-100000.0",
                    "count": 10812
                },
                {
                    "val": "100000.0-500000.0",
                    "count": 1998
                },
                {
                    "val": "500000.0-*",
                    "count": 378
                }
            ]
        }
    ]
}