{
    "paging": {
        "pageIndex": 704,
        "pageSize": 10,
        "total": 32063
    },
    "organizations": [
        {
            "key": "tonydeng-github",
            "name": "Tony Deng"
        },
        {
            "key": "mikebrowntsbod-github",
            "name": "Michael Brown"
        },
        {
            "key": "aureamohammadalavi",
            "name": "Mohammad Alavi"
        },
        {
            "key": "lucaskatayama-github",
            "name": "Lucas Katayama"
        },
        {
            "key": "dennis-hakvoort",
            "name": "ASD Submarine"
        },
        {
            "key": "it18013856",
            "name": "IT18013856"
        },
        {
            "key": "desinventar",
            "name": "DesInventar Project"
        },
        {
            "key": "mickaelseban",
            "name": "Mickael Seban"
        },
        {
            "key": "webtechno-g",
            "name": "Webtechno-G"
        },
        {
            "key": "clivern-github",
            "name": "Clivern"
        }
    ],
    "components": [
        {
            "organization": "aureamohammadalavi",
            "key": "AureaMohammadAlavi_SonarDemo",
            "name": "design-pattern",
            "tags": [],
            "visibility": "public",
            "isNew": false
        },
        {
            "organization": "tonydeng-github",
            "key": "com.github.tonydeng:design-pattern-java",
            "name": "design-pattern-java",
            "tags": [],
            "visibility": "public",
            "isNew": false
        },
        {
            "organization": "lucaskatayama-github",
            "key": "com.lucaskatayama.designpatterns:design-patterns",
            "name": "design-patterns",
            "tags": [],
            "visibility": "public",
            "isNew": false
        },
        {
            "organization": "mickaelseban",
            "key": "mickaelseban_DesignPatterns",
            "name": "DesignPatterns",
            "tags": [],
            "visibility": "public",
            "isNew": false
        },
        {
            "organization": "clivern-github",
            "key": "Clivern_DesignPatternsPHP",
            "name": "DesignPatternsPHP",
            "tags": [],
            "visibility": "public",
            "eligibilityStatus": "COMPLETED",
            "eligible": true,
            "isNew": false
        },
        {
            "organization": "mikebrowntsbod-github",
            "key": "designReviewCommittee",
            "name": "designReviewCommittee",
            "tags": [],
            "visibility": "public",
            "isNew": false
        },
        {
            "organization": "desinventar",
            "key": "desinventar_desinventar-online",
            "name": "desinventar-online",
            "tags": [],
            "visibility": "public",
            "isNew": false
        },
        {
            "organization": "it18013856",
            "key": "IT18013856_desktop",
            "name": "desktop",
            "tags": [],
            "visibility": "public",
            "eligibilityStatus": "COMPLETED",
            "eligible": true,
            "isNew": false
        },
        {
            "organization": "webtechno-g",
            "key": "Webtechno-G_desktop",
            "name": "desktop",
            "tags": [],
            "visibility": "public",
            "eligibilityStatus": "COMPLETED",
            "eligible": true,
            "isNew": true
        },
        {
            "organization": "dennis-hakvoort",
            "key": "Dennis-Hakvoort_desktop_applicatie_submarine_cloud",
            "name": "desktop_applicatie_submarine",
            "tags": [],
            "visibility": "public",
            "isNew": false
        }
    ],
    "facets": [
        {
            "property": "languages",
            "values": [
                {
                    "val": "xml",
                    "count": 14841
                },
                {
                    "val": "web",
                    "count": 13242
                },
                {
                    "val": "java",
                    "count": 13146
                },
                {
                    "val": "css",
                    "count": 11597
                },
                {
                    "val": "js",
                    "count": 11505
                },
                {
                    "val": "cs",
                    "count": 6126
                },
                {
                    "val": "php",
                    "count": 2739
                },
                {
                    "val": "py",
                    "count": 2703
                },
                {
                    "val": "ts",
                    "count": 2053
                },
                {
                    "val": "c",
                    "count": 1733
                }
            ]
        },
        {
            "property": "ncloc",
            "values": [
                {
                    "val": "*-1000.0",
                    "count": 28143
                },
                {
                    "val": "1000.0-10000.0",
                    "count": 18878
                },
                {
                    "val": "10000.0-100000.0",
                    "count": 10810
                },
                {
                    "val": "100000.0-500000.0",
                    "count": 1997
                },
                {
                    "val": "500000.0-*",
                    "count": 378
                }
            ]
        }
    ]
}