{
    "paging": {
        "pageIndex": 28,
        "pageSize": 10,
        "total": 32066
    },
    "organizations": [
        {
            "key": "1907-jul15-net",
            "name": "1907-jul15-net"
        },
        {
            "key": "bme-mit-iet-org",
            "name": "BME-MIT-IET"
        },
        {
            "key": "csys-fresher-batch-2019",
            "name": "ChainsysTraining"
        },
        {
            "key": "richard-alexander-ortiz-salinas51219",
            "name": "raortiz"
        },
        {
            "key": "prates-github",
            "name": "Alexandre Prates"
        },
        {
            "key": "diegosmorf",
            "name": "diegosmorf"
        },
        {
            "key": "myawesomeorganization",
            "name": "avillarubia2"
        },
        {
            "key": "nsi2019",
            "name": "nsi2019"
        },
        {
            "key": "jeff-tian-github",
            "name": "Jeff"
        }
    ],
    "components": [
        {
            "organization": "jeff-tian-github",
            "key": "Jeff-Tian_alpha",
            "name": "alpha",
            "tags": [],
            "visibility": "public",
            "isNew": false
        },
        {
            "organization": "1907-jul15-net",
            "key": "1907-jul15-net",
            "name": "Alpha-Project2",
            "tags": [],
            "visibility": "public",
            "isNew": false
        },
        {
            "organization": "1907-jul15-net",
            "key": "Alpha-Project2-Angular",
            "name": "Alpha-Project2-Angular",
            "tags": [],
            "visibility": "public",
            "isNew": false
        },
        {
            "organization": "nsi2019",
            "key": "Alpha.Booking",
            "name": "Alpha.Booking",
            "tags": [],
            "visibility": "public",
            "isNew": false
        },
        {
            "organization": "bme-mit-iet-org",
            "key": "BME-MIT-IET_altF4-iet-2020",
            "name": "altF4-iet-2020",
            "tags": [],
            "visibility": "public",
            "eligibilityStatus": "COMPLETED",
            "eligible": false,
            "isNew": false
        },
        {
            "organization": "myawesomeorganization",
            "key": "avillarubia2_alumni-tracking-information-system",
            "name": "alumni-tracking-information-system",
            "tags": [],
            "visibility": "public",
            "isNew": false
        },
        {
            "organization": "prates-github",
            "key": "prates_amamentsp",
            "name": "amamentsp",
            "tags": [],
            "visibility": "public",
            "isNew": false
        },
        {
            "organization": "csys-fresher-batch-2019",
            "key": "csys-fresher-batch-2019_primeapp-karthikeyan",
            "name": "amazonprime",
            "tags": [],
            "visibility": "public",
            "isNew": false
        },
        {
            "organization": "diegosmorf",
            "key": "AmberEggApi",
            "name": "AmberEggApi",
            "tags": [],
            "visibility": "public",
            "isNew": false
        },
        {
            "organization": "richard-alexander-ortiz-salinas51219",
            "key": "amc-core-app",
            "name": "amc-core-app",
            "tags": [],
            "visibility": "public",
            "isNew": false
        }
    ],
    "facets": [
        {
            "property": "languages",
            "values": [
                {
                    "val": "xml",
                    "count": 14842
                },
                {
                    "val": "web",
                    "count": 13243
                },
                {
                    "val": "java",
                    "count": 13146
                },
                {
                    "val": "css",
                    "count": 11599
                },
                {
                    "val": "js",
                    "count": 11508
                },
                {
                    "val": "cs",
                    "count": 6126
                },
                {
                    "val": "php",
                    "count": 2740
                },
                {
                    "val": "py",
                    "count": 2703
                },
                {
                    "val": "ts",
                    "count": 2054
                },
                {
                    "val": "c",
                    "count": 1733
                }
            ]
        },
        {
            "property": "ncloc",
            "values": [
                {
                    "val": "*-1000.0",
                    "count": 28145
                },
                {
                    "val": "1000.0-10000.0",
                    "count": 18880
                },
                {
                    "val": "10000.0-100000.0",
                    "count": 10810
                },
                {
                    "val": "100000.0-500000.0",
                    "count": 1998
                },
                {
                    "val": "500000.0-*",
                    "count": 378
                }
            ]
        }
    ]
}