{
    "paging": {
        "pageIndex": 999,
        "pageSize": 10,
        "total": 32064
    },
    "organizations": [
        {
            "key": "pbxg33k",
            "name": "PBX_g33k"
        },
        {
            "key": "itsjach-github",
            "name": "itsjach"
        },
        {
            "key": "ahydrax-github",
            "name": "Viktor Svyatokha"
        },
        {
            "key": "dje-bos-github",
            "name": "Oleksii Boiarskyi"
        },
        {
            "key": "simonharmonicminor",
            "name": "SimonHarmonicMinor"
        },
        {
            "key": "mazemasterjs",
            "name": "mazemasterjs"
        },
        {
            "key": "sebastiencaille-github",
            "name": "sebastiencaille"
        },
        {
            "key": "ktchen14",
            "name": "Kaiting Chen"
        },
        {
            "key": "vijayeluri-github",
            "name": "VijayEluri"
        }
    ],
    "components": [
        {
            "organization": "ktchen14",
            "key": "ktchen14_mxcore",
            "name": "mxcore",
            "tags": [],
            "visibility": "public",
            "eligibilityStatus": "COMPLETED",
            "eligible": false,
            "isNew": false
        },
        {
            "organization": "dje-bos-github",
            "key": "Dje-Bos_healthtech-api-service",
            "name": "api-service",
            "tags": [],
            "visibility": "public",
            "eligibilityStatus": "COMPLETED",
            "eligible": false,
            "isNew": false
        },
        {
            "organization": "sebastiencaille-github",
            "key": "ch.skymarshall.dataflowmgr:data-flow-manager",
            "name": "data-flow-manager",
            "tags": [],
            "visibility": "public",
            "isNew": false
        },
        {
            "organization": "itsjach-github",
            "key": "itsjach_Stratego13",
            "name": "Stratego13",
            "tags": [],
            "visibility": "public",
            "isNew": false
        },
        {
            "organization": "itsjach-github",
            "key": "itsjach_Stratego",
            "name": "EAS1",
            "tags": [],
            "visibility": "public",
            "isNew": false
        },
        {
            "organization": "ahydrax-github",
            "key": "Hangfire.PostgreSql.ahydrax",
            "name": "Hangfire.PostgreSql",
            "tags": [],
            "visibility": "public",
            "isNew": false
        },
        {
            "organization": "simonharmonicminor",
            "key": "SimonHarmonicMinor_Java-Useful-Utils",
            "name": "Java Useful Utils",
            "tags": [],
            "visibility": "public",
            "isNew": false
        },
        {
            "organization": "pbxg33k",
            "key": "PBXg33k_php-utorrent",
            "name": "php-utorrent",
            "tags": [],
            "visibility": "public",
            "isNew": false
        },
        {
            "organization": "mazemasterjs",
            "key": "mazemasterjs_shared-library",
            "name": "shared-library",
            "tags": [],
            "visibility": "public",
            "isNew": false
        },
        {
            "organization": "vijayeluri-github",
            "key": "VijayEluri_atlas-client",
            "name": "atlas-client",
            "tags": [],
            "visibility": "public",
            "isNew": false
        }
    ],
    "facets": [
        {
            "property": "languages",
            "values": [
                {
                    "val": "xml",
                    "count": 14841
                },
                {
                    "val": "web",
                    "count": 13242
                },
                {
                    "val": "java",
                    "count": 13146
                },
                {
                    "val": "css",
                    "count": 11597
                },
                {
                    "val": "js",
                    "count": 11505
                },
                {
                    "val": "cs",
                    "count": 6126
                },
                {
                    "val": "php",
                    "count": 2740
                },
                {
                    "val": "py",
                    "count": 2703
                },
                {
                    "val": "ts",
                    "count": 2053
                },
                {
                    "val": "c",
                    "count": 1733
                }
            ]
        },
        {
            "property": "ncloc",
            "values": [
                {
                    "val": "*-1000.0",
                    "count": 28143
                },
                {
                    "val": "1000.0-10000.0",
                    "count": 18879
                },
                {
                    "val": "10000.0-100000.0",
                    "count": 10810
                },
                {
                    "val": "100000.0-500000.0",
                    "count": 1997
                },
                {
                    "val": "500000.0-*",
                    "count": 378
                }
            ]
        }
    ]
}