{
    "paging": {
        "pageIndex": 280,
        "pageSize": 10,
        "total": 32072
    },
    "organizations": [
        {
            "key": "nology",
            "name": "nology"
        },
        {
            "key": "alexandersarson",
            "name": "AlexanderSarson"
        },
        {
            "key": "j7enjalaswbpuu4hrh4copwqs57vcv5swzxplh3f6m6pwlnvybuq",
            "name": "j7enjalaswbpuu4hrh4copwqs57vcv5swzxplh3f6m6pwlnvybuq"
        },
        {
            "key": "alperales-github",
            "name": "alperales"
        },
        {
            "key": "7d68815f127a77d798139a33ef89627da392e3e6",
            "name": "GerMatthews"
        }
    ],
    "components": [
        {
            "organization": "j7enjalaswbpuu4hrh4copwqs57vcv5swzxplh3f6m6pwlnvybuq",
            "key": "key_C5-PIN-INSPIRA",
            "name": "C5-PIN-INSPIRA",
            "tags": [],
            "visibility": "public",
            "isNew": false
        },
        {
            "organization": "alperales-github",
            "key": "C_Prueba_07_CWE327_Use_Broken_Crypto",
            "name": "C_Prueba_07_CWE327_Use_Broken_Crypto",
            "tags": [],
            "visibility": "public",
            "isNew": false
        },
        {
            "organization": "nology",
            "key": "ca-ben",
            "name": "CA - Ben",
            "tags": [],
            "visibility": "public",
            "isNew": false
        },
        {
            "organization": "nology",
            "key": "ca-caitlin",
            "name": "CA - Caitlin",
            "tags": [],
            "visibility": "public",
            "isNew": false
        },
        {
            "organization": "nology",
            "key": "ca-george",
            "name": "CA - George",
            "tags": [],
            "visibility": "public",
            "isNew": false
        },
        {
            "organization": "nology",
            "key": "ca-kieran",
            "name": "CA - Kieran",
            "tags": [],
            "visibility": "public",
            "isNew": false
        },
        {
            "organization": "nology",
            "key": "ca-luke",
            "name": "CA - Luke",
            "tags": [],
            "visibility": "public",
            "isNew": false
        },
        {
            "organization": "nology",
            "key": "ca-shea",
            "name": "CA - Shea",
            "tags": [],
            "visibility": "public",
            "isNew": false
        },
        {
            "organization": "7d68815f127a77d798139a33ef89627da392e3e6",
            "key": "7d68815f127a77d798139a33ef89627da392e3e6",
            "name": "CA2",
            "tags": [],
            "visibility": "public",
            "isNew": false
        },
        {
            "organization": "alexandersarson",
            "key": "AlexanderSarson_CA2",
            "name": "CA2",
            "tags": [],
            "visibility": "public",
            "eligibilityStatus": "COMPLETED",
            "eligible": false,
            "isNew": false
        }
    ],
    "facets": [
        {
            "property": "languages",
            "values": [
                {
                    "val": "xml",
                    "count": 14844
                },
                {
                    "val": "web",
                    "count": 13244
                },
                {
                    "val": "java",
                    "count": 13148
                },
                {
                    "val": "css",
                    "count": 11600
                },
                {
                    "val": "js",
                    "count": 11510
                },
                {
                    "val": "cs",
                    "count": 6127
                },
                {
                    "val": "php",
                    "count": 2740
                },
                {
                    "val": "py",
                    "count": 2703
                },
                {
                    "val": "ts",
                    "count": 2054
                },
                {
                    "val": "c",
                    "count": 1733
                }
            ]
        },
        {
            "property": "ncloc",
            "values": [
                {
                    "val": "*-1000.0",
                    "count": 28145
                },
                {
                    "val": "1000.0-10000.0",
                    "count": 18884
                },
                {
                    "val": "10000.0-100000.0",
                    "count": 10812
                },
                {
                    "val": "100000.0-500000.0",
                    "count": 1998
                },
                {
                    "val": "500000.0-*",
                    "count": 378
                }
            ]
        }
    ]
}