{
    "paging": {
        "pageIndex": 250,
        "pageSize": 10,
        "total": 32074
    },
    "organizations": [
        {
            "key": "nurvel",
            "name": "Veli-Pekka Nurmi"
        },
        {
            "key": "jracabrera",
            "name": "jracabrera"
        },
        {
            "key": "jrebirth",
            "name": "JRebirth"
        },
        {
            "key": "unne-sonar-corpus",
            "name": "UNNE Sonar Corpus"
        },
        {
            "key": "laurawacrenier-github",
            "name": "laurawacrenier"
        },
        {
            "key": "francescozacc",
            "name": "francescozacc"
        },
        {
            "key": "fbacchella-github",
            "name": "Fabrice Bacchella"
        },
        {
            "key": "vijayeluri-github",
            "name": "VijayEluri"
        }
    ],
    "components": [
        {
            "organization": "laurawacrenier-github",
            "key": "laurawacrenier_jquery-test-for-sonarcloud",
            "name": "jquery-test-for-sonarcloud",
            "tags": [],
            "visibility": "public",
            "isNew": false
        },
        {
            "organization": "jracabrera",
            "key": "jracabrera-azuredevops-partsunlimited",
            "name": "jracabrera-azuredevops-partsunlimited",
            "tags": [],
            "visibility": "public",
            "isNew": false
        },
        {
            "organization": "unne-sonar-corpus",
            "key": "unne.sonar:jrat",
            "name": "jRat",
            "tags": [],
            "visibility": "public",
            "isNew": false
        },
        {
            "organization": "fbacchella-github",
            "key": "fr.jrds:jrds",
            "name": "JRDS",
            "tags": [],
            "visibility": "public",
            "isNew": false
        },
        {
            "organization": "jrebirth",
            "key": "JRebirth_JRebirth",
            "name": "JRebirth Application Framework",
            "tags": [],
            "visibility": "public",
            "isNew": false
        },
        {
            "organization": "vijayeluri-github",
            "key": "VijayEluri_jredis",
            "name": "JRedis [Build POM]",
            "tags": [],
            "visibility": "public",
            "isNew": false
        },
        {
            "organization": "unne-sonar-corpus",
            "key": "unne.sonar:jrefactory",
            "name": "JRefactory",
            "tags": [],
            "visibility": "public",
            "isNew": false
        },
        {
            "organization": "vijayeluri-github",
            "key": "VijayEluri_jruby-openssl",
            "name": "JRuby OpenSSL",
            "tags": [],
            "visibility": "public",
            "isNew": false
        },
        {
            "organization": "nurvel",
            "key": "nurvel_js-sudoku-solver-chrome-extension",
            "name": "js-sudoku-solver-chrome-extension",
            "tags": [],
            "visibility": "public",
            "isNew": false
        },
        {
            "organization": "francescozacc",
            "key": "francescozacc_JSCover",
            "name": "JSCover",
            "tags": [],
            "visibility": "public",
            "eligibilityStatus": "COMPLETED",
            "eligible": false,
            "isNew": false
        }
    ],
    "facets": [
        {
            "property": "languages",
            "values": [
                {
                    "val": "xml",
                    "count": 14846
                },
                {
                    "val": "web",
                    "count": 13245
                },
                {
                    "val": "java",
                    "count": 13149
                },
                {
                    "val": "css",
                    "count": 11600
                },
                {
                    "val": "js",
                    "count": 11511
                },
                {
                    "val": "cs",
                    "count": 6127
                },
                {
                    "val": "php",
                    "count": 2740
                },
                {
                    "val": "py",
                    "count": 2703
                },
                {
                    "val": "ts",
                    "count": 2054
                },
                {
                    "val": "c",
                    "count": 1733
                }
            ]
        },
        {
            "property": "ncloc",
            "values": [
                {
                    "val": "*-1000.0",
                    "count": 28146
                },
                {
                    "val": "1000.0-10000.0",
                    "count": 18886
                },
                {
                    "val": "10000.0-100000.0",
                    "count": 10812
                },
                {
                    "val": "100000.0-500000.0",
                    "count": 1998
                },
                {
                    "val": "500000.0-*",
                    "count": 378
                }
            ]
        }
    ]
}