{
    "paging": {
        "pageIndex": 462,
        "pageSize": 10,
        "total": 32064
    },
    "organizations": [
        {
            "key": "fcocrespo",
            "name": "FcoCrespo"
        },
        {
            "key": "joeyjiao-github",
            "name": "Joey Jiao"
        },
        {
            "key": "badrishb",
            "name": "badrishb"
        },
        {
            "key": "simone",
            "name": "simone"
        },
        {
            "key": "erudika",
            "name": "Erudika"
        },
        {
            "key": "exportarts",
            "name": "Exportarts"
        },
        {
            "key": "flixcor",
            "name": "flixcor"
        },
        {
            "key": "devopshazelcast-github",
            "name": "devOpsHazelcast"
        },
        {
            "key": "vijayeluri-github",
            "name": "VijayEluri"
        },
        {
            "key": "paazmaya-github",
            "name": "Juga Paazmaya"
        }
    ],
    "components": [
        {
            "organization": "exportarts",
            "key": "exportarts_ngx-prismic",
            "name": "ngx-prismic",
            "tags": [],
            "visibility": "public",
            "isNew": false
        },
        {
            "organization": "paazmaya-github",
            "key": "paazmaya_shigehachi",
            "name": "shigehachi",
            "tags": [],
            "visibility": "public",
            "eligibilityStatus": "COMPLETED",
            "eligible": true,
            "isNew": false
        },
        {
            "organization": "badrishb",
            "key": "badrishb_Altreks",
            "name": "Altreks",
            "tags": [],
            "visibility": "public",
            "eligibilityStatus": "COMPLETED",
            "eligible": true,
            "isNew": false
        },
        {
            "organization": "joeyjiao-github",
            "key": "JoeyJiao_android-afl",
            "name": "android-afl",
            "tags": [],
            "visibility": "public",
            "isNew": false
        },
        {
            "organization": "simone",
            "key": "doit",
            "name": "DoIt",
            "tags": [],
            "visibility": "public",
            "isNew": false
        },
        {
            "organization": "vijayeluri-github",
            "key": "VijayEluri_dumbster",
            "name": "Dumbster",
            "tags": [],
            "visibility": "public",
            "isNew": false
        },
        {
            "organization": "devopshazelcast-github",
            "key": "com.hazelcast:hazelcast-eureka-one",
            "name": "Eureka Discovery Plugin for Hazelcast",
            "tags": [],
            "visibility": "public",
            "isNew": false
        },
        {
            "organization": "fcocrespo",
            "key": "FcoCrespo_Juegos2020",
            "name": "Juegos2020",
            "tags": [],
            "visibility": "public",
            "eligibilityStatus": "COMPLETED",
            "eligible": false,
            "isNew": false
        },
        {
            "organization": "erudika",
            "key": "com.erudika:para-dao-sql",
            "name": "Para SQL DAO",
            "tags": [],
            "visibility": "public",
            "isNew": false
        },
        {
            "organization": "flixcor",
            "key": "flixcor_yieldcurves",
            "name": "yieldcurves",
            "tags": [],
            "visibility": "public",
            "isNew": false
        }
    ],
    "facets": [
        {
            "property": "languages",
            "values": [
                {
                    "val": "xml",
                    "count": 14842
                },
                {
                    "val": "web",
                    "count": 13243
                },
                {
                    "val": "java",
                    "count": 13146
                },
                {
                    "val": "css",
                    "count": 11598
                },
                {
                    "val": "js",
                    "count": 11506
                },
                {
                    "val": "cs",
                    "count": 6126
                },
                {
                    "val": "php",
                    "count": 2740
                },
                {
                    "val": "py",
                    "count": 2703
                },
                {
                    "val": "ts",
                    "count": 2053
                },
                {
                    "val": "c",
                    "count": 1733
                }
            ]
        },
        {
            "property": "ncloc",
            "values": [
                {
                    "val": "*-1000.0",
                    "count": 28144
                },
                {
                    "val": "1000.0-10000.0",
                    "count": 18878
                },
                {
                    "val": "10000.0-100000.0",
                    "count": 10810
                },
                {
                    "val": "100000.0-500000.0",
                    "count": 1998
                },
                {
                    "val": "500000.0-*",
                    "count": 378
                }
            ]
        }
    ]
}