{
    "paging": {
        "pageIndex": 587,
        "pageSize": 10,
        "total": 32063
    },
    "organizations": [
        {
            "key": "szsaunders-github",
            "name": "Szsaunders"
        },
        {
            "key": "kiloumap",
            "name": "kiloumap"
        },
        {
            "key": "maulanayusupp",
            "name": "Maulana Yusup Abdullah"
        },
        {
            "key": "dbaelipro",
            "name": "Dimitri BAELI"
        },
        {
            "key": "lw",
            "name": "LW"
        },
        {
            "key": "copasi",
            "name": "COPASI"
        },
        {
            "key": "mifodiy777-github",
            "name": "Kirill Kuzmin"
        },
        {
            "key": "nathan-lg-github",
            "name": "Coule Q Aile"
        },
        {
            "key": "vijayeluri-github",
            "name": "VijayEluri"
        }
    ],
    "components": [
        {
            "organization": "szsaunders-github",
            "key": "CookingQuest",
            "name": "CookingQuest",
            "tags": [],
            "visibility": "public",
            "isNew": false
        },
        {
            "organization": "szsaunders-github",
            "key": "CookingQuest.Web",
            "name": "CookingQuest.Web",
            "tags": [],
            "visibility": "public",
            "isNew": false
        },
        {
            "organization": "kiloumap",
            "key": "kiloumap_CookPizzaDelicious",
            "name": "CookPizzaDelicious",
            "tags": [],
            "visibility": "public",
            "isNew": false
        },
        {
            "organization": "nathan-lg-github",
            "key": "couleqaile",
            "name": "COOL-QL",
            "tags": [],
            "visibility": "public",
            "isNew": false
        },
        {
            "organization": "mifodiy777-github",
            "key": "cooperate_web:cooperate_web",
            "name": "cooperate_web",
            "tags": [],
            "visibility": "public",
            "isNew": false
        },
        {
            "organization": "dbaelipro",
            "key": "dbaelipro_coordination-dispo-lits",
            "name": "coordination-dispo-lits",
            "tags": [],
            "visibility": "public",
            "eligibilityStatus": "COMPLETED",
            "eligible": true,
            "isNew": false
        },
        {
            "organization": "copasi",
            "key": "copasi_COPASI",
            "name": "COPASI",
            "tags": [],
            "visibility": "public",
            "isNew": false
        },
        {
            "organization": "maulanayusupp",
            "key": "maulanayusupp_CoPilot",
            "name": "CoPilot",
            "tags": [],
            "visibility": "public",
            "eligibilityStatus": "COMPLETED",
            "eligible": true,
            "isNew": false
        },
        {
            "organization": "lw",
            "key": "com.lw.carsync",
            "name": "copiloto.carsync",
            "tags": [],
            "visibility": "public",
            "isNew": false
        },
        {
            "organization": "vijayeluri-github",
            "key": "VijayEluri_copyartifact-plugin",
            "name": "Copy Artifact Plugin",
            "tags": [],
            "visibility": "public",
            "isNew": false
        }
    ],
    "facets": [
        {
            "property": "languages",
            "values": [
                {
                    "val": "xml",
                    "count": 14841
                },
                {
                    "val": "web",
                    "count": 13242
                },
                {
                    "val": "java",
                    "count": 13146
                },
                {
                    "val": "css",
                    "count": 11597
                },
                {
                    "val": "js",
                    "count": 11505
                },
                {
                    "val": "cs",
                    "count": 6126
                },
                {
                    "val": "php",
                    "count": 2739
                },
                {
                    "val": "py",
                    "count": 2703
                },
                {
                    "val": "ts",
                    "count": 2053
                },
                {
                    "val": "c",
                    "count": 1733
                }
            ]
        },
        {
            "property": "ncloc",
            "values": [
                {
                    "val": "*-1000.0",
                    "count": 28143
                },
                {
                    "val": "1000.0-10000.0",
                    "count": 18878
                },
                {
                    "val": "10000.0-100000.0",
                    "count": 10810
                },
                {
                    "val": "100000.0-500000.0",
                    "count": 1997
                },
                {
                    "val": "500000.0-*",
                    "count": 378
                }
            ]
        }
    ]
}