{
    "paging": {
        "pageIndex": 759,
        "pageSize": 10,
        "total": 32066
    },
    "organizations": [
        {
            "key": "coinify",
            "name": "Coinify Technologies Aps"
        },
        {
            "key": "katherinerowan-github",
            "name": "katherinerowan"
        },
        {
            "key": "kpmgsonarserver",
            "name": "kpmgsonarserver"
        },
        {
            "key": "kotlin-weater",
            "name": "Juan Rodr\u00edguez Valle"
        },
        {
            "key": "byakurei817",
            "name": "byakurei817"
        },
        {
            "key": "vmadalin",
            "name": "Madalin Valceleanu"
        },
        {
            "key": "ddbcstest",
            "name": "ddb-cs-test"
        },
        {
            "key": "kozikaza",
            "name": "Kozikaza"
        },
        {
            "key": "danielmunro-github",
            "name": "Dan Munro"
        },
        {
            "key": "marcofunaro-github",
            "name": "marcofunaro"
        }
    ],
    "components": [
        {
            "organization": "kotlin-weater",
            "key": "jrodriguezva_Kotlin-MVP-Weather",
            "name": "Kotlin-MVP-Weather",
            "tags": [],
            "visibility": "public",
            "eligibilityStatus": "COMPLETED",
            "eligible": true,
            "isNew": false
        },
        {
            "organization": "vmadalin",
            "key": "VMadalin_kotlin-sample-app",
            "name": "kotlin-sample-app",
            "tags": [],
            "visibility": "public",
            "eligibilityStatus": "COMPLETED",
            "eligible": true,
            "isNew": false
        },
        {
            "organization": "ddbcstest",
            "key": "ddbcstest_kotlin-test",
            "name": "kotlin-test",
            "tags": [],
            "visibility": "public",
            "isNew": false
        },
        {
            "organization": "marcofunaro-github",
            "key": "kotlin-test",
            "name": "kotlin-test",
            "tags": [],
            "visibility": "public",
            "isNew": false
        },
        {
            "organization": "danielmunro-github",
            "key": "danielmunro_kotlinmud",
            "name": "kotlinmud",
            "tags": [],
            "visibility": "public",
            "eligibilityStatus": "COMPLETED",
            "eligible": true,
            "isNew": true
        },
        {
            "organization": "byakurei817",
            "key": "byakurei817_KotlinSample",
            "name": "KotlinSample",
            "tags": [],
            "visibility": "public",
            "isNew": false
        },
        {
            "organization": "kozikaza",
            "key": "kozikaza-backend",
            "name": "Kozikaza/Backend",
            "tags": [],
            "visibility": "public",
            "isNew": false
        },
        {
            "organization": "katherinerowan-github",
            "key": "payum",
            "name": "kpayum:wqi",
            "tags": [],
            "visibility": "public",
            "isNew": false
        },
        {
            "organization": "kpmgsonarserver",
            "key": "kpmgsonarserverkey",
            "name": "kpmgsonarserverkeyprojectname",
            "tags": [],
            "visibility": "public",
            "isNew": false
        },
        {
            "organization": "coinify",
            "key": "kraken-exc",
            "name": "kraken-exc",
            "tags": [],
            "visibility": "public",
            "isNew": false
        }
    ],
    "facets": [
        {
            "property": "languages",
            "values": [
                {
                    "val": "xml",
                    "count": 14842
                },
                {
                    "val": "web",
                    "count": 13243
                },
                {
                    "val": "java",
                    "count": 13146
                },
                {
                    "val": "css",
                    "count": 11599
                },
                {
                    "val": "js",
                    "count": 11508
                },
                {
                    "val": "cs",
                    "count": 6126
                },
                {
                    "val": "php",
                    "count": 2740
                },
                {
                    "val": "py",
                    "count": 2703
                },
                {
                    "val": "ts",
                    "count": 2054
                },
                {
                    "val": "c",
                    "count": 1733
                }
            ]
        },
        {
            "property": "ncloc",
            "values": [
                {
                    "val": "*-1000.0",
                    "count": 28147
                },
                {
                    "val": "1000.0-10000.0",
                    "count": 18880
                },
                {
                    "val": "10000.0-100000.0",
                    "count": 10810
                },
                {
                    "val": "100000.0-500000.0",
                    "count": 1998
                },
                {
                    "val": "500000.0-*",
                    "count": 378
                }
            ]
        }
    ]
}