{
    "paging": {
        "pageIndex": 872,
        "pageSize": 10,
        "total": 32064
    },
    "organizations": [
        {
            "key": "xavism-github",
            "name": "Xavi S\u00e1nchez Mir"
        },
        {
            "key": "iraticasi-github",
            "name": "iraticasi"
        },
        {
            "key": "dianagtf-github",
            "name": "dianagtf"
        },
        {
            "key": "gmunumel-github",
            "name": "Gabriel Mu\u00f1umel"
        },
        {
            "key": "b2lero-github",
            "name": "Xavier"
        },
        {
            "key": "jzea-github",
            "name": "Jes\u00fas Antoni Zea Huam\u00e1n"
        },
        {
            "key": "rrocamar-github",
            "name": "rrocamar"
        },
        {
            "key": "miw-mamp-github",
            "name": "miw-mamp-github"
        },
        {
            "key": "davidblasvazquez-github",
            "name": "David.bv"
        },
        {
            "key": "rploaiza-github",
            "name": "Roberth Paul Loaiza Rosas"
        }
    ],
    "components": [
        {
            "organization": "davidblasvazquez-github",
            "key": "es.upm.miw:APAW-ECP2-DavidBlas",
            "name": "es.upm.miw.APAW-ECP2-DavidBlas",
            "tags": [],
            "visibility": "public",
            "isNew": false
        },
        {
            "organization": "dianagtf-github",
            "key": "es.upm.miw:APAW-ECP2-Diana-Enero",
            "name": "es.upm.miw.APAW-ECP2-Diana-Enero",
            "tags": [],
            "visibility": "public",
            "isNew": false
        },
        {
            "organization": "gmunumel-github",
            "key": "es.upm.miw:APAW-ECP2-Gabriel.Munumel",
            "name": "es.upm.miw.APAW-ECP2-Gabriel.Munumel",
            "tags": [],
            "visibility": "public",
            "isNew": false
        },
        {
            "organization": "iraticasi-github",
            "key": "es.upm.miw:APAW-ECP2-iraticasi",
            "name": "es.upm.miw.APAW-ECP2-iraticasi",
            "tags": [],
            "visibility": "public",
            "isNew": false
        },
        {
            "organization": "jzea-github",
            "key": "es.upm.miw:APAW-ECP2-Jesus.Zea",
            "name": "es.upm.miw.APAW-ECP2-Jesus.Zea",
            "tags": [],
            "visibility": "public",
            "isNew": false
        },
        {
            "organization": "miw-mamp-github",
            "key": "es.upm.miw:APAW-ECP2-MiguelArber",
            "name": "es.upm.miw.APAW-ECP2-MiguelArber",
            "tags": [],
            "visibility": "public",
            "isNew": false
        },
        {
            "organization": "rrocamar-github",
            "key": "es.upm.miw:APAW-ECP2-RamonRoca",
            "name": "es.upm.miw.APAW-ECP2-RamonRoca",
            "tags": [],
            "visibility": "public",
            "isNew": false
        },
        {
            "organization": "rploaiza-github",
            "key": "es.upm.miw:APAW-ECP2-RoberthLoaiza",
            "name": "es.upm.miw.APAW-ECP2-RoberthLoaiza",
            "tags": [],
            "visibility": "public",
            "isNew": false
        },
        {
            "organization": "xavism-github",
            "key": "es.upm.miw:APAW-ECP2-Xavi.Sanchez",
            "name": "es.upm.miw.APAW-ECP2-Xavi.Sanchez",
            "tags": [],
            "visibility": "public",
            "isNew": false
        },
        {
            "organization": "b2lero-github",
            "key": "es.upm.miw:APAW-ECP2-XavierSotomayor",
            "name": "es.upm.miw.APAW-ECP2-XavierSotomayor",
            "tags": [],
            "visibility": "public",
            "isNew": false
        }
    ],
    "facets": [
        {
            "property": "languages",
            "values": [
                {
                    "val": "xml",
                    "count": 14841
                },
                {
                    "val": "web",
                    "count": 13242
                },
                {
                    "val": "java",
                    "count": 13146
                },
                {
                    "val": "css",
                    "count": 11597
                },
                {
                    "val": "js",
                    "count": 11505
                },
                {
                    "val": "cs",
                    "count": 6126
                },
                {
                    "val": "php",
                    "count": 2740
                },
                {
                    "val": "py",
                    "count": 2703
                },
                {
                    "val": "ts",
                    "count": 2053
                },
                {
                    "val": "c",
                    "count": 1733
                }
            ]
        },
        {
            "property": "ncloc",
            "values": [
                {
                    "val": "*-1000.0",
                    "count": 28144
                },
                {
                    "val": "1000.0-10000.0",
                    "count": 18879
                },
                {
                    "val": "10000.0-100000.0",
                    "count": 10810
                },
                {
                    "val": "100000.0-500000.0",
                    "count": 1997
                },
                {
                    "val": "500000.0-*",
                    "count": 378
                }
            ]
        }
    ]
}