{
    "paging": {
        "pageIndex": 649,
        "pageSize": 10,
        "total": 32064
    },
    "organizations": [
        {
            "key": "vzwingma-github",
            "name": "Zed"
        },
        {
            "key": "vijayvani-github",
            "name": "vijayvani"
        },
        {
            "key": "cloudbluesonarcube",
            "name": "CloudBlue"
        },
        {
            "key": "procesosoftware",
            "name": "ProcesoSoftware"
        },
        {
            "key": "kvanleeuwen20-github",
            "name": "Kevin van Leeuwen"
        },
        {
            "key": "valkyrienyanko",
            "name": "valkyrienyanko"
        },
        {
            "key": "aminplusplus",
            "name": "Amin Abdullo"
        },
        {
            "key": "jsavagecommercialpeople-github",
            "name": "jsavagecommercialpeople"
        },
        {
            "key": "kss2153",
            "name": "Kayvon Seif-Naraghi"
        },
        {
            "key": "artemevsin",
            "name": "Ar\u0165om Evsin"
        }
    ],
    "components": [
        {
            "organization": "artemevsin",
            "key": "artemevsin_forest-project",
            "name": "forest-project",
            "tags": [],
            "visibility": "public",
            "isNew": false
        },
        {
            "organization": "valkyrienyanko",
            "key": "valkyrienyanko_RPG-Discord-Adventure-Bot",
            "name": "RPG-Discord-Adventure-Bot",
            "tags": [],
            "visibility": "public",
            "eligibilityStatus": "COMPLETED",
            "eligible": true,
            "isNew": false
        },
        {
            "organization": "procesosoftware",
            "key": "ProcesoSoftware_stock_manager",
            "name": "stock_manager",
            "tags": [],
            "visibility": "public",
            "eligibilityStatus": "COMPLETED",
            "eligible": true,
            "isNew": false
        },
        {
            "organization": "kss2153",
            "key": "kss2153_chatalexia",
            "name": "chatalexia",
            "tags": [],
            "visibility": "public",
            "eligibilityStatus": "COMPLETED",
            "eligible": true,
            "isNew": false
        },
        {
            "organization": "jsavagecommercialpeople-github",
            "key": "FootballLeagues",
            "name": "FootballLeagues",
            "tags": [],
            "visibility": "public",
            "isNew": false
        },
        {
            "organization": "kvanleeuwen20-github",
            "key": "kvl.school:ivh11",
            "name": "ivh11",
            "tags": [],
            "visibility": "public",
            "isNew": false
        },
        {
            "organization": "vijayvani-github",
            "key": "vijayvani_jreqs",
            "name": "jreqs",
            "tags": [],
            "visibility": "public",
            "isNew": false
        },
        {
            "organization": "vzwingma-github",
            "key": "gestion-budget-ihm",
            "name": "Budget IHM",
            "tags": [],
            "visibility": "public",
            "isNew": false
        },
        {
            "organization": "cloudbluesonarcube",
            "key": "django-rql",
            "name": "Connect Django RQL Filters",
            "tags": [],
            "visibility": "public",
            "isNew": false
        },
        {
            "organization": "aminplusplus",
            "key": "AminPlusPlus_enrolmentmanagement",
            "name": "enrolmentmanagement",
            "tags": [],
            "visibility": "public",
            "eligibilityStatus": "COMPLETED",
            "eligible": false,
            "isNew": false
        }
    ],
    "facets": [
        {
            "property": "languages",
            "values": [
                {
                    "val": "xml",
                    "count": 14841
                },
                {
                    "val": "web",
                    "count": 13242
                },
                {
                    "val": "java",
                    "count": 13146
                },
                {
                    "val": "css",
                    "count": 11597
                },
                {
                    "val": "js",
                    "count": 11505
                },
                {
                    "val": "cs",
                    "count": 6126
                },
                {
                    "val": "php",
                    "count": 2740
                },
                {
                    "val": "py",
                    "count": 2703
                },
                {
                    "val": "ts",
                    "count": 2053
                },
                {
                    "val": "c",
                    "count": 1733
                }
            ]
        },
        {
            "property": "ncloc",
            "values": [
                {
                    "val": "*-1000.0",
                    "count": 28143
                },
                {
                    "val": "1000.0-10000.0",
                    "count": 18879
                },
                {
                    "val": "10000.0-100000.0",
                    "count": 10810
                },
                {
                    "val": "100000.0-500000.0",
                    "count": 1997
                },
                {
                    "val": "500000.0-*",
                    "count": 378
                }
            ]
        }
    ]
}