{
    "paging": {
        "pageIndex": 996,
        "pageSize": 10,
        "total": 32068
    },
    "organizations": [
        {
            "key": "scemodicecosa-github",
            "name": "scemodicecosa"
        },
        {
            "key": "vijayvani-github",
            "name": "vijayvani"
        },
        {
            "key": "mohamedoulmaki-bitbucket",
            "name": "Mohamed Oulmaki"
        },
        {
            "key": "yattoincrowdsports-bitbucket",
            "name": "Yat To"
        },
        {
            "key": "mapwindow",
            "name": "MapWindow Open Source GIS"
        },
        {
            "key": "tango-controls",
            "name": "tango-controls"
        },
        {
            "key": "justinkissling-github",
            "name": "JustinKissling"
        },
        {
            "key": "testdev",
            "name": "song-appliwebdev"
        },
        {
            "key": "tester7632",
            "name": "tester7632"
        },
        {
            "key": "mingle",
            "name": "Krzysztof \u017babicki"
        }
    ],
    "components": [
        {
            "organization": "tango-controls",
            "key": "org.tango-controls:JTango-root:jtango-9-lts",
            "name": "JTango jtango-9-lts",
            "tags": [],
            "visibility": "public",
            "isNew": false
        },
        {
            "organization": "justinkissling-github",
            "key": "JustinKissling_languagetool",
            "name": "languagetool",
            "tags": [],
            "visibility": "public",
            "isNew": false
        },
        {
            "organization": "tester7632",
            "key": "tester7632_libfido2",
            "name": "libfido2",
            "tags": [],
            "visibility": "public",
            "eligibilityStatus": "COMPLETED",
            "eligible": false,
            "isNew": false
        },
        {
            "organization": "mapwindow",
            "key": "MapWindow_MapWindow5",
            "name": "MapWindow5",
            "tags": [],
            "visibility": "public",
            "isNew": false
        },
        {
            "organization": "vijayvani-github",
            "key": "vijayvani_symja_android_library",
            "name": "matheclipse",
            "tags": [],
            "visibility": "public",
            "isNew": false
        },
        {
            "organization": "mingle",
            "key": "Zabicki_Mingle",
            "name": "Mingle",
            "tags": [],
            "visibility": "public",
            "eligibilityStatus": "COMPLETED",
            "eligible": false,
            "isNew": false
        },
        {
            "organization": "mohamedoulmaki-bitbucket",
            "key": "fa4c14fdf59fff99",
            "name": "monster-anatomy",
            "tags": [],
            "visibility": "public",
            "isNew": false
        },
        {
            "organization": "testdev",
            "key": "testde",
            "name": "My project",
            "tags": [],
            "visibility": "public",
            "isNew": false
        },
        {
            "organization": "scemodicecosa-github",
            "key": "mymediawiki2",
            "name": "mymediawiki2",
            "tags": [],
            "visibility": "public",
            "isNew": false
        },
        {
            "organization": "yattoincrowdsports-bitbucket",
            "key": "news-ios-sdk",
            "name": "news-ios-sdk",
            "tags": [],
            "visibility": "public",
            "isNew": false
        }
    ],
    "facets": [
        {
            "property": "languages",
            "values": [
                {
                    "val": "xml",
                    "count": 14842
                },
                {
                    "val": "web",
                    "count": 13244
                },
                {
                    "val": "java",
                    "count": 13146
                },
                {
                    "val": "css",
                    "count": 11600
                },
                {
                    "val": "js",
                    "count": 11509
                },
                {
                    "val": "cs",
                    "count": 6127
                },
                {
                    "val": "php",
                    "count": 2740
                },
                {
                    "val": "py",
                    "count": 2703
                },
                {
                    "val": "ts",
                    "count": 2054
                },
                {
                    "val": "c",
                    "count": 1733
                }
            ]
        },
        {
            "property": "ncloc",
            "values": [
                {
                    "val": "*-1000.0",
                    "count": 28145
                },
                {
                    "val": "1000.0-10000.0",
                    "count": 18881
                },
                {
                    "val": "10000.0-100000.0",
                    "count": 10811
                },
                {
                    "val": "100000.0-500000.0",
                    "count": 1998
                },
                {
                    "val": "500000.0-*",
                    "count": 378
                }
            ]
        }
    ]
}