{
    "paging": {
        "pageIndex": 179,
        "pageSize": 10,
        "total": 32074
    },
    "organizations": [
        {
            "key": "navit",
            "name": "NAV"
        },
        {
            "key": "hmarine-github",
            "name": "hmarine"
        },
        {
            "key": "uuf6429-github",
            "name": "Christian Sciberras"
        },
        {
            "key": "johnsonliu33-github",
            "name": "johnsonliu33"
        },
        {
            "key": "everflux-github",
            "name": "Thomas"
        },
        {
            "key": "fnomarkh",
            "name": "fnomarkh"
        },
        {
            "key": "gagan-ciena",
            "name": "gagan-ciena"
        }
    ],
    "components": [
        {
            "organization": "fnomarkh",
            "key": "fomartest",
            "name": "fomartest",
            "tags": [],
            "visibility": "public",
            "isNew": false
        },
        {
            "organization": "johnsonliu33-github",
            "key": "johnsonliu33_johnson",
            "name": "food",
            "tags": [],
            "visibility": "public",
            "isNew": false
        },
        {
            "organization": "johnsonliu33-github",
            "key": "johnsonliu33_johnson:develop",
            "name": "food develop",
            "tags": [],
            "visibility": "public",
            "isNew": false
        },
        {
            "organization": "johnsonliu33-github",
            "key": "johnsonliu33_johnson:release/develop",
            "name": "food release/develop",
            "tags": [],
            "visibility": "public",
            "isNew": false
        },
        {
            "organization": "hmarine-github",
            "key": "ca.mcgill.ecse428:foodme",
            "name": "foodme",
            "tags": [],
            "visibility": "public",
            "isNew": false
        },
        {
            "organization": "uuf6429-github",
            "key": "Force.com-Toolkit-for-PHP",
            "name": "Force.com Toolkit for PHP",
            "tags": [],
            "visibility": "public",
            "isNew": false
        },
        {
            "organization": "everflux-github",
            "key": "demo",
            "name": "fordersoftware",
            "tags": [],
            "visibility": "public",
            "isNew": false
        },
        {
            "organization": "gagan-ciena",
            "key": "forecast",
            "name": "forecast",
            "tags": [],
            "visibility": "public",
            "isNew": false
        },
        {
            "organization": "navit",
            "key": "foreldrepengesoknad-api",
            "name": "foreldrepengesoknad-api",
            "tags": [],
            "visibility": "public",
            "isNew": false
        },
        {
            "organization": "navit",
            "key": "navikt_foreldrepengesoknad-api",
            "name": "foreldrepengesoknad-api",
            "tags": [],
            "visibility": "public",
            "isNew": false
        }
    ],
    "facets": [
        {
            "property": "languages",
            "values": [
                {
                    "val": "xml",
                    "count": 14846
                },
                {
                    "val": "web",
                    "count": 13245
                },
                {
                    "val": "java",
                    "count": 13149
                },
                {
                    "val": "css",
                    "count": 11600
                },
                {
                    "val": "js",
                    "count": 11511
                },
                {
                    "val": "cs",
                    "count": 6127
                },
                {
                    "val": "php",
                    "count": 2740
                },
                {
                    "val": "py",
                    "count": 2703
                },
                {
                    "val": "ts",
                    "count": 2054
                },
                {
                    "val": "c",
                    "count": 1733
                }
            ]
        },
        {
            "property": "ncloc",
            "values": [
                {
                    "val": "*-1000.0",
                    "count": 28146
                },
                {
                    "val": "1000.0-10000.0",
                    "count": 18886
                },
                {
                    "val": "10000.0-100000.0",
                    "count": 10812
                },
                {
                    "val": "100000.0-500000.0",
                    "count": 1998
                },
                {
                    "val": "500000.0-*",
                    "count": 378
                }
            ]
        }
    ]
}