{
    "paging": {
        "pageIndex": 53,
        "pageSize": 10,
        "total": 32071
    },
    "organizations": [
        {
            "key": "vibrato-adam",
            "name": "Vibrato Adam"
        },
        {
            "key": "rockers-laravel",
            "name": "rockers-laravel"
        },
        {
            "key": "deloittedigitalapac",
            "name": "Deloitte Digital Asia Pacific"
        },
        {
            "key": "herberthobregon-github",
            "name": "Herberth"
        },
        {
            "key": "bmxpasw-github",
            "name": "Patryk \u015awi\u0119czkowski"
        },
        {
            "key": "quinoacomputing",
            "name": "QuinoaComputing"
        },
        {
            "key": "softfly-github",
            "name": "Grzegorz Ziemski"
        },
        {
            "key": "gabrywu",
            "name": "gabry.wu"
        },
        {
            "key": "dlandyr-github",
            "name": "Dennis"
        },
        {
            "key": "robinhowlett-github",
            "name": "Robin Howlett"
        }
    ],
    "components": [
        {
            "organization": "softfly-github",
            "key": "softfly_serversidetest",
            "name": "serversidetest",
            "tags": [],
            "visibility": "public",
            "isNew": false
        },
        {
            "organization": "rockers-laravel",
            "key": "rockers-laravel",
            "name": "rockers-laravel",
            "tags": [],
            "visibility": "public",
            "isNew": false
        },
        {
            "organization": "bmxpasw-github",
            "key": "sweetdeal1",
            "name": "sweetdeal1",
            "tags": [],
            "visibility": "public",
            "isNew": false
        },
        {
            "organization": "vibrato-adam",
            "key": "DemoPipeline",
            "name": "eShopOnWeb",
            "tags": [],
            "visibility": "public",
            "isNew": false
        },
        {
            "organization": "quinoacomputing",
            "key": "quinoa:/multimat",
            "name": "quinoa /multimat",
            "tags": [],
            "visibility": "public",
            "isNew": false
        },
        {
            "organization": "deloittedigitalapac",
            "key": "DeloitteDigitalAPAC_rhythm-ui",
            "name": "rhythm-ui",
            "tags": [],
            "visibility": "public",
            "isNew": false
        },
        {
            "organization": "gabrywu",
            "key": "gabrywu_incubator-dolphinscheduler",
            "name": "dolphinscheduler",
            "tags": [
                "dev"
            ],
            "visibility": "public",
            "eligibilityStatus": "COMPLETED",
            "eligible": false,
            "isNew": false
        },
        {
            "organization": "robinhowlett-github",
            "key": "com.robinhowlett:handycapper",
            "name": "handycapper",
            "tags": [],
            "visibility": "public",
            "isNew": false
        },
        {
            "organization": "herberthobregon-github",
            "key": "herberthobregon_stripe-node",
            "name": "stripe-node",
            "tags": [],
            "visibility": "public",
            "isNew": false
        },
        {
            "organization": "dlandyr-github",
            "key": "es.upm.miw:tfm-pwfs-facturacion",
            "name": "tfm-pwfs-facturacion",
            "tags": [],
            "visibility": "public",
            "isNew": false
        }
    ],
    "facets": [
        {
            "property": "languages",
            "values": [
                {
                    "val": "xml",
                    "count": 14844
                },
                {
                    "val": "web",
                    "count": 13244
                },
                {
                    "val": "java",
                    "count": 13148
                },
                {
                    "val": "css",
                    "count": 11599
                },
                {
                    "val": "js",
                    "count": 11509
                },
                {
                    "val": "cs",
                    "count": 6127
                },
                {
                    "val": "php",
                    "count": 2740
                },
                {
                    "val": "py",
                    "count": 2703
                },
                {
                    "val": "ts",
                    "count": 2054
                },
                {
                    "val": "c",
                    "count": 1733
                }
            ]
        },
        {
            "property": "ncloc",
            "values": [
                {
                    "val": "*-1000.0",
                    "count": 28144
                },
                {
                    "val": "1000.0-10000.0",
                    "count": 18883
                },
                {
                    "val": "10000.0-100000.0",
                    "count": 10812
                },
                {
                    "val": "100000.0-500000.0",
                    "count": 1998
                },
                {
                    "val": "500000.0-*",
                    "count": 378
                }
            ]
        }
    ]
}