{
    "paging": {
        "pageIndex": 89,
        "pageSize": 10,
        "total": 32068
    },
    "organizations": [
        {
            "key": "navit",
            "name": "NAV"
        },
        {
            "key": "ulboralabs",
            "name": "ulboralabs.com"
        },
        {
            "key": "arangodb-1",
            "name": "ArangoDB"
        },
        {
            "key": "tmk2003-github",
            "name": "Impurity"
        },
        {
            "key": "corona-warn-app",
            "name": "Corona-Warn-App"
        },
        {
            "key": "cescoffier-github",
            "name": "Clement Escoffier"
        },
        {
            "key": "outcompute",
            "name": "Outcompute"
        },
        {
            "key": "jsulpis-github",
            "name": "Julien Sulpis"
        },
        {
            "key": "gamars-github",
            "name": "Stephane"
        },
        {
            "key": "iwarapter-github",
            "name": "iwarapter"
        }
    ],
    "components": [
        {
            "organization": "gamars-github",
            "key": "com.seriouscompany.business.java.fizzbuzz:FizzBuzzEnterpriseEdition",
            "name": "FizzBuzz Enterprise Edition",
            "tags": [],
            "visibility": "public",
            "isNew": false
        },
        {
            "organization": "jsulpis-github",
            "key": "github-stats",
            "name": "GitHub Insights",
            "tags": [],
            "visibility": "public",
            "isNew": false
        },
        {
            "organization": "iwarapter-github",
            "key": "github.com.iwarapter.terraform-provider-pingaccess",
            "name": "github.com.iwarapter.terraform-provider-pingaccess",
            "tags": [],
            "visibility": "public",
            "isNew": false
        },
        {
            "organization": "tmk2003-github",
            "key": "tmk2003_impurity-online-osrs-service",
            "name": "impurity-online-osrs-service",
            "tags": [],
            "visibility": "public",
            "isNew": false
        },
        {
            "organization": "cescoffier-github",
            "key": "io.smallrye:smallrye-reactive-streams-operators",
            "name": "MicroProfile Reactive Streams Operators Implementation",
            "tags": [],
            "visibility": "public",
            "isNew": false
        },
        {
            "organization": "ulboralabs",
            "key": "myapigateway",
            "name": "myapigateway",
            "tags": [],
            "visibility": "public",
            "isNew": false
        },
        {
            "organization": "outcompute",
            "key": "outkeep",
            "name": "Outkeep",
            "tags": [],
            "visibility": "public",
            "isNew": false
        },
        {
            "organization": "arangodb-1",
            "key": "arangodb_arangodb-java-driver",
            "name": "arangodb-java-driver",
            "tags": [],
            "visibility": "public",
            "eligibilityStatus": "COMPLETED",
            "eligible": false,
            "isNew": false
        },
        {
            "organization": "corona-warn-app",
            "key": "corona-warn-app_cwa-verification-server",
            "name": "cwa-verification-server",
            "tags": [],
            "visibility": "public",
            "eligibilityStatus": "COMPLETED",
            "eligible": false,
            "isNew": false
        },
        {
            "organization": "navit",
            "key": "navikt_fp-uttak",
            "name": "FPSAK Uttaksregler ::",
            "tags": [],
            "visibility": "public",
            "isNew": false
        }
    ],
    "facets": [
        {
            "property": "languages",
            "values": [
                {
                    "val": "xml",
                    "count": 14842
                },
                {
                    "val": "web",
                    "count": 13244
                },
                {
                    "val": "java",
                    "count": 13146
                },
                {
                    "val": "css",
                    "count": 11600
                },
                {
                    "val": "js",
                    "count": 11509
                },
                {
                    "val": "cs",
                    "count": 6127
                },
                {
                    "val": "php",
                    "count": 2740
                },
                {
                    "val": "py",
                    "count": 2703
                },
                {
                    "val": "ts",
                    "count": 2054
                },
                {
                    "val": "c",
                    "count": 1733
                }
            ]
        },
        {
            "property": "ncloc",
            "values": [
                {
                    "val": "*-1000.0",
                    "count": 28145
                },
                {
                    "val": "1000.0-10000.0",
                    "count": 18881
                },
                {
                    "val": "10000.0-100000.0",
                    "count": 10811
                },
                {
                    "val": "100000.0-500000.0",
                    "count": 1998
                },
                {
                    "val": "500000.0-*",
                    "count": 378
                }
            ]
        }
    ]
}