{
    "paging": {
        "pageIndex": 193,
        "pageSize": 10,
        "total": 32063
    },
    "organizations": [
        {
            "key": "visionitpe",
            "name": "visionitpe"
        },
        {
            "key": "miraheze",
            "name": "Miraheze"
        },
        {
            "key": "uvms-github",
            "name": "Union Vms"
        },
        {
            "key": "apache",
            "name": "The Apache Software Foundation"
        },
        {
            "key": "indicium",
            "name": "Studievereniging Indicium"
        },
        {
            "key": "lengors-github",
            "name": "Pedro Cavadas"
        },
        {
            "key": "nsi2019",
            "name": "nsi2019"
        },
        {
            "key": "jesmg-github",
            "name": "Jes\u00fas"
        },
        {
            "key": "swoeste-github",
            "name": "swoeste"
        }
    ],
    "components": [
        {
            "organization": "uvms-github",
            "key": "eu.europa.ec.fisheries.uvms.incident:incident",
            "name": "incident",
            "tags": [],
            "visibility": "public",
            "isNew": false
        },
        {
            "organization": "miraheze",
            "key": "miraheze_IncidentReporting",
            "name": "IncidentReporting",
            "tags": [],
            "visibility": "public",
            "isNew": false
        },
        {
            "organization": "visionitpe",
            "key": "vit.lamolina",
            "name": "Incubaagraria",
            "tags": [],
            "visibility": "public",
            "isNew": false
        },
        {
            "organization": "apache",
            "key": "apache_incubator-daffodil",
            "name": "incubator-daffodil",
            "tags": [],
            "visibility": "public",
            "isNew": false
        },
        {
            "organization": "jesmg-github",
            "key": "indavelopers-web",
            "name": "indavelopers-web",
            "tags": [],
            "visibility": "public",
            "isNew": false
        },
        {
            "organization": "nsi2019",
            "key": "India.Billing",
            "name": "India Billing",
            "tags": [],
            "visibility": "public",
            "isNew": false
        },
        {
            "organization": "indicium",
            "key": "svIndicium_indicium-dashboard",
            "name": "indicium-dashboard",
            "tags": [],
            "visibility": "public",
            "isNew": false
        },
        {
            "organization": "lengors-github",
            "key": "lengors_indivual-tqs-project",
            "name": "individual",
            "tags": [],
            "visibility": "public",
            "isNew": false
        },
        {
            "organization": "swoeste-github",
            "key": "de.swoeste.infinitum:infinitum-file-search-aggr",
            "name": "infinitum-file-search-aggr",
            "tags": [],
            "visibility": "public",
            "isNew": false
        },
        {
            "organization": "swoeste-github",
            "key": "de.swoeste.infinitum:infinitum-svn-search-aggr",
            "name": "infinitum-svn-search-aggr",
            "tags": [],
            "visibility": "public",
            "isNew": false
        }
    ],
    "facets": [
        {
            "property": "languages",
            "values": [
                {
                    "val": "xml",
                    "count": 14841
                },
                {
                    "val": "web",
                    "count": 13242
                },
                {
                    "val": "java",
                    "count": 13146
                },
                {
                    "val": "css",
                    "count": 11597
                },
                {
                    "val": "js",
                    "count": 11505
                },
                {
                    "val": "cs",
                    "count": 6126
                },
                {
                    "val": "php",
                    "count": 2739
                },
                {
                    "val": "py",
                    "count": 2703
                },
                {
                    "val": "ts",
                    "count": 2053
                },
                {
                    "val": "c",
                    "count": 1733
                }
            ]
        },
        {
            "property": "ncloc",
            "values": [
                {
                    "val": "*-1000.0",
                    "count": 28144
                },
                {
                    "val": "1000.0-10000.0",
                    "count": 18878
                },
                {
                    "val": "10000.0-100000.0",
                    "count": 10810
                },
                {
                    "val": "100000.0-500000.0",
                    "count": 1997
                },
                {
                    "val": "500000.0-*",
                    "count": 378
                }
            ]
        }
    ]
}