{
    "paging": {
        "pageIndex": 405,
        "pageSize": 10,
        "total": 32070
    },
    "organizations": [
        {
            "key": "bulderbank",
            "name": "Bulder bank"
        },
        {
            "key": "pasindu1837",
            "name": "pasindu1837"
        },
        {
            "key": "twerl-github",
            "name": "Twerl"
        },
        {
            "key": "goodfellas",
            "name": "Goodfellas"
        },
        {
            "key": "rluvaton",
            "name": "Raz Luvaton"
        },
        {
            "key": "builtcloud",
            "name": "BuiltCloud"
        },
        {
            "key": "qarmin-1",
            "name": "Rafa\u0142"
        },
        {
            "key": "f9999",
            "name": "f9999"
        },
        {
            "key": "hans-lizihan",
            "name": "\u674e\u5b50\u701a(Hans Lee)"
        },
        {
            "key": "borriello-fabio-bitbucket",
            "name": "Fabio Borriello"
        }
    ],
    "components": [
        {
            "organization": "builtcloud",
            "key": "BuiltCloud_BuiltCloud",
            "name": "BuiltCloud",
            "tags": [],
            "visibility": "public",
            "eligibilityStatus": "COMPLETED",
            "eligible": true,
            "isNew": false
        },
        {
            "organization": "goodfellas",
            "key": "bukkit",
            "name": "Bukkit",
            "tags": [],
            "visibility": "public",
            "isNew": false
        },
        {
            "organization": "f9999",
            "key": "f9999_Bukkit",
            "name": "Bukkit",
            "tags": [],
            "visibility": "public",
            "isNew": false
        },
        {
            "organization": "twerl-github",
            "key": "org.bukkit:bukkit",
            "name": "Bukkit",
            "tags": [],
            "visibility": "public",
            "isNew": false
        },
        {
            "organization": "bulderbank",
            "key": "bulderbank_milkyway",
            "name": "bulderbank milkyway",
            "tags": [],
            "visibility": "public",
            "isNew": false
        },
        {
            "organization": "rluvaton",
            "key": "rluvaton_bulk-npm-publish",
            "name": "bulk-npm-publish",
            "tags": [],
            "visibility": "public",
            "eligibilityStatus": "COMPLETED",
            "eligible": true,
            "isNew": false
        },
        {
            "organization": "pasindu1837",
            "key": "pasindu1837_BulkSMS",
            "name": "BulkSMS",
            "tags": [],
            "visibility": "public",
            "eligibilityStatus": "COMPLETED",
            "eligible": true,
            "isNew": false
        },
        {
            "organization": "borriello-fabio-bitbucket",
            "key": "BULL",
            "name": "BULL - Bean Utils Light Library",
            "tags": [],
            "visibility": "public",
            "isNew": false
        },
        {
            "organization": "hans-lizihan",
            "key": "hans-lizihan_bull-master",
            "name": "bull-master",
            "tags": [],
            "visibility": "public",
            "eligibilityStatus": "COMPLETED",
            "eligible": true,
            "isNew": false
        },
        {
            "organization": "qarmin-1",
            "key": "qarmin_bullet3",
            "name": "bullet3",
            "tags": [],
            "visibility": "public",
            "isNew": false
        }
    ],
    "facets": [
        {
            "property": "languages",
            "values": [
                {
                    "val": "xml",
                    "count": 14843
                },
                {
                    "val": "web",
                    "count": 13244
                },
                {
                    "val": "java",
                    "count": 13147
                },
                {
                    "val": "css",
                    "count": 11599
                },
                {
                    "val": "js",
                    "count": 11509
                },
                {
                    "val": "cs",
                    "count": 6127
                },
                {
                    "val": "php",
                    "count": 2740
                },
                {
                    "val": "py",
                    "count": 2703
                },
                {
                    "val": "ts",
                    "count": 2054
                },
                {
                    "val": "c",
                    "count": 1733
                }
            ]
        },
        {
            "property": "ncloc",
            "values": [
                {
                    "val": "*-1000.0",
                    "count": 28145
                },
                {
                    "val": "1000.0-10000.0",
                    "count": 18882
                },
                {
                    "val": "10000.0-100000.0",
                    "count": 10812
                },
                {
                    "val": "100000.0-500000.0",
                    "count": 1998
                },
                {
                    "val": "500000.0-*",
                    "count": 378
                }
            ]
        }
    ]
}