{
    "paging": {
        "pageIndex": 517,
        "pageSize": 10,
        "total": 32071
    },
    "organizations": [
        {
            "key": "westfr-github",
            "name": "Steven F."
        },
        {
            "key": "dollking-github",
            "name": "\ud669\uc11d\uc9c4"
        },
        {
            "key": "cloudzero",
            "name": "CloudZero"
        },
        {
            "key": "francescozacc",
            "name": "francescozacc"
        },
        {
            "key": "carpierprogrammatore",
            "name": "Carpierprogrammatore"
        },
        {
            "key": "cloudzun-github",
            "name": "CloudZun"
        }
    ],
    "components": [
        {
            "organization": "francescozacc",
            "key": "francescozacc_cloudsync",
            "name": "cloudsync",
            "tags": [],
            "visibility": "public",
            "eligibilityStatus": "COMPLETED",
            "eligible": false,
            "isNew": false
        },
        {
            "organization": "carpierprogrammatore",
            "key": "lutung",
            "name": "cloudsync",
            "tags": [],
            "visibility": "public",
            "isNew": false
        },
        {
            "organization": "dollking-github",
            "key": "cloudUSB",
            "name": "cloudUSB",
            "tags": [],
            "visibility": "public",
            "isNew": false
        },
        {
            "organization": "westfr-github",
            "key": "CloudWeather-Android",
            "name": "CloudWeather-Android",
            "tags": [],
            "visibility": "public",
            "isNew": false
        },
        {
            "organization": "westfr-github",
            "key": "CloudWeather-iOS",
            "name": "CloudWeather-iOS",
            "tags": [],
            "visibility": "public",
            "isNew": false
        },
        {
            "organization": "cloudzero",
            "key": "cloudzero-cli",
            "name": "CloudZero CLI",
            "tags": [],
            "visibility": "public",
            "isNew": false
        },
        {
            "organization": "cloudzero",
            "key": "cloudzero-cli:FeatureBranches",
            "name": "CloudZero CLI FeatureBranches",
            "tags": [],
            "visibility": "public",
            "isNew": false
        },
        {
            "organization": "cloudzero",
            "key": "cloudzero-reactor-aws",
            "name": "CloudZero Reactor AWS",
            "tags": [
                "aws"
            ],
            "visibility": "public",
            "isNew": false
        },
        {
            "organization": "cloudzero",
            "key": "cloudzero-reactor-aws:FeatureBranches",
            "name": "CloudZero Reactor AWS FeatureBranches",
            "tags": [],
            "visibility": "public",
            "isNew": false
        },
        {
            "organization": "cloudzun-github",
            "key": "cloudzun-0618test1",
            "name": "cloudzun-0618test1",
            "tags": [],
            "visibility": "public",
            "isNew": false
        }
    ],
    "facets": [
        {
            "property": "languages",
            "values": [
                {
                    "val": "xml",
                    "count": 14844
                },
                {
                    "val": "web",
                    "count": 13244
                },
                {
                    "val": "java",
                    "count": 13148
                },
                {
                    "val": "css",
                    "count": 11599
                },
                {
                    "val": "js",
                    "count": 11509
                },
                {
                    "val": "cs",
                    "count": 6127
                },
                {
                    "val": "php",
                    "count": 2740
                },
                {
                    "val": "py",
                    "count": 2703
                },
                {
                    "val": "ts",
                    "count": 2054
                },
                {
                    "val": "c",
                    "count": 1733
                }
            ]
        },
        {
            "property": "ncloc",
            "values": [
                {
                    "val": "*-1000.0",
                    "count": 28144
                },
                {
                    "val": "1000.0-10000.0",
                    "count": 18883
                },
                {
                    "val": "10000.0-100000.0",
                    "count": 10812
                },
                {
                    "val": "100000.0-500000.0",
                    "count": 1998
                },
                {
                    "val": "500000.0-*",
                    "count": 378
                }
            ]
        }
    ]
}