{
    "paging": {
        "pageIndex": 277,
        "pageSize": 10,
        "total": 32073
    },
    "organizations": [
        {
            "key": "kvjavaxxx",
            "name": "SoftServe ITA Kv-030.Java"
        }
    ],
    "components": [
        {
            "organization": "kvjavaxxx",
            "key": "ua.softserve.academy.kv030:auth-service:java_docs",
            "name": "auth-service java_docs",
            "tags": [],
            "visibility": "public",
            "isNew": false
        },
        {
            "organization": "kvjavaxxx",
            "key": "ua.softserve.academy.kv030:auth-service:logIn",
            "name": "auth-service logIn",
            "tags": [],
            "visibility": "public",
            "isNew": false
        },
        {
            "organization": "kvjavaxxx",
            "key": "ua.softserve.academy.kv030:auth-service:new_login",
            "name": "auth-service new_login",
            "tags": [],
            "visibility": "public",
            "isNew": false
        },
        {
            "organization": "kvjavaxxx",
            "key": "ua.softserve.academy.kv030:auth-service:populate_resource_table",
            "name": "auth-service populate_resource_table",
            "tags": [],
            "visibility": "public",
            "isNew": false
        },
        {
            "organization": "kvjavaxxx",
            "key": "ua.softserve.academy.kv030:auth-service:refactor_email_service",
            "name": "auth-service refactor_email_service",
            "tags": [],
            "visibility": "public",
            "isNew": false
        },
        {
            "organization": "kvjavaxxx",
            "key": "ua.softserve.academy.kv030:auth-service:refactoring",
            "name": "auth-service refactoring",
            "tags": [],
            "visibility": "public",
            "isNew": false
        },
        {
            "organization": "kvjavaxxx",
            "key": "ua.softserve.academy.kv030:auth-service:remake_email_notification",
            "name": "auth-service remake_email_notification",
            "tags": [],
            "visibility": "public",
            "isNew": false
        },
        {
            "organization": "kvjavaxxx",
            "key": "ua.softserve.academy.kv030:auth-service:resource_endpoints",
            "name": "auth-service resource_endpoints",
            "tags": [],
            "visibility": "public",
            "isNew": false
        },
        {
            "organization": "kvjavaxxx",
            "key": "ua.softserve.academy.kv030:auth-service:security_jwt",
            "name": "auth-service security_jwt",
            "tags": [],
            "visibility": "public",
            "isNew": false
        },
        {
            "organization": "kvjavaxxx",
            "key": "ua.softserve.academy.kv030:auth-service:services_for_new_endpoints",
            "name": "auth-service services_for_new_endpoints",
            "tags": [],
            "visibility": "public",
            "isNew": false
        }
    ],
    "facets": [
        {
            "property": "languages",
            "values": [
                {
                    "val": "xml",
                    "count": 14845
                },
                {
                    "val": "web",
                    "count": 13245
                },
                {
                    "val": "java",
                    "count": 13148
                },
                {
                    "val": "css",
                    "count": 11600
                },
                {
                    "val": "js",
                    "count": 11511
                },
                {
                    "val": "cs",
                    "count": 6127
                },
                {
                    "val": "php",
                    "count": 2740
                },
                {
                    "val": "py",
                    "count": 2703
                },
                {
                    "val": "ts",
                    "count": 2054
                },
                {
                    "val": "c",
                    "count": 1733
                }
            ]
        },
        {
            "property": "ncloc",
            "values": [
                {
                    "val": "*-1000.0",
                    "count": 28146
                },
                {
                    "val": "1000.0-10000.0",
                    "count": 18885
                },
                {
                    "val": "10000.0-100000.0",
                    "count": 10812
                },
                {
                    "val": "100000.0-500000.0",
                    "count": 1998
                },
                {
                    "val": "500000.0-*",
                    "count": 378
                }
            ]
        }
    ]
}