{
    "paging": {
        "pageIndex": 483,
        "pageSize": 10,
        "total": 32075
    },
    "organizations": [
        {
            "key": "rsb0agreelancegroup",
            "name": "rsb0Agreelancegroup"
        },
        {
            "key": "denisplastinin",
            "name": "Hoper"
        },
        {
            "key": "rlangbehn-github",
            "name": "Rainer Langbehn"
        },
        {
            "key": "java_1804",
            "name": "java"
        },
        {
            "key": "mambax7",
            "name": "Michael Beck"
        },
        {
            "key": "subodh66",
            "name": "RSISonarcloud"
        },
        {
            "key": "unne-sonar-corpus",
            "name": "UNNE Sonar Corpus"
        },
        {
            "key": "oicr-gsi",
            "name": "oicr-gsi"
        },
        {
            "key": "rscan",
            "name": "Joem Maranan"
        },
        {
            "key": "olszewskimichal-github",
            "name": "olszewskimichal"
        }
    ],
    "components": [
        {
            "organization": "rsb0agreelancegroup",
            "key": "rsb0agreelancegroup_rsb0-agreelance",
            "name": "rsb0-agreelance",
            "tags": [],
            "visibility": "public",
            "isNew": false
        },
        {
            "organization": "rscan",
            "key": "josemaranan_rscan",
            "name": "rscan",
            "tags": [],
            "visibility": "public",
            "isNew": false
        },
        {
            "organization": "olszewskimichal-github",
            "key": "pl.michal.olszewski:rss-aggregator:develop",
            "name": "rss-aggregator develop",
            "tags": [],
            "visibility": "public",
            "isNew": false
        },
        {
            "organization": "mambax7",
            "key": "mambax7_rssc",
            "name": "rssc",
            "tags": [],
            "visibility": "public",
            "eligibilityStatus": "COMPLETED",
            "eligible": true,
            "isNew": false
        },
        {
            "organization": "unne-sonar-corpus",
            "key": "unne.sonar:rssowl",
            "name": "Rssowl",
            "tags": [],
            "visibility": "public",
            "isNew": false
        },
        {
            "organization": "subodh66",
            "key": "Rsyssonarcloud",
            "name": "Rsyssonarcloud",
            "tags": [
                "0.0.1-beta.0"
            ],
            "visibility": "public",
            "isNew": false
        },
        {
            "organization": "java_1804",
            "key": "rt.equinox.framework_180410",
            "name": "rt.equinox.framework",
            "tags": [],
            "visibility": "public",
            "isNew": false
        },
        {
            "organization": "denisplastinin",
            "key": "DenisPlastinin_ruby-ci",
            "name": "ruby-ci-test-sonar",
            "tags": [],
            "visibility": "public",
            "eligibilityStatus": "COMPLETED",
            "eligible": true,
            "isNew": false
        },
        {
            "organization": "rlangbehn-github",
            "key": "rlangbehn_rules",
            "name": "Rules :: Parent",
            "tags": [],
            "visibility": "public",
            "isNew": false
        },
        {
            "organization": "oicr-gsi",
            "key": "ca.on.oicr.gsi.runscanner:runscanner",
            "name": "Run Scanner",
            "tags": [],
            "visibility": "public",
            "isNew": false
        }
    ],
    "facets": [
        {
            "property": "languages",
            "values": [
                {
                    "val": "xml",
                    "count": 14846
                },
                {
                    "val": "web",
                    "count": 13246
                },
                {
                    "val": "java",
                    "count": 13149
                },
                {
                    "val": "css",
                    "count": 11600
                },
                {
                    "val": "js",
                    "count": 11511
                },
                {
                    "val": "cs",
                    "count": 6127
                },
                {
                    "val": "php",
                    "count": 2740
                },
                {
                    "val": "py",
                    "count": 2704
                },
                {
                    "val": "ts",
                    "count": 2054
                },
                {
                    "val": "c",
                    "count": 1733
                }
            ]
        },
        {
            "property": "ncloc",
            "values": [
                {
                    "val": "*-1000.0",
                    "count": 28146
                },
                {
                    "val": "1000.0-10000.0",
                    "count": 18886
                },
                {
                    "val": "10000.0-100000.0",
                    "count": 10813
                },
                {
                    "val": "100000.0-500000.0",
                    "count": 1998
                },
                {
                    "val": "500000.0-*",
                    "count": 378
                }
            ]
        }
    ]
}