{
    "paging": {
        "pageIndex": 577,
        "pageSize": 10,
        "total": 32071
    },
    "organizations": [
        {
            "key": "codelibs",
            "name": "CodeLibs"
        },
        {
            "key": "msgjt-github",
            "name": "msgjt"
        },
        {
            "key": "default",
            "name": "Attic"
        },
        {
            "key": "caffeine",
            "name": "Caffeine"
        },
        {
            "key": "kdesantis-github",
            "name": "kdesantis"
        },
        {
            "key": "jbosstools",
            "name": "JBoss Tools"
        },
        {
            "key": "gabrieleloprieno-github",
            "name": "gabrieleloprieno"
        },
        {
            "key": "xsmrcek",
            "name": "Daniel Smr\u010dek"
        }
    ],
    "components": [
        {
            "organization": "xsmrcek",
            "key": "xsmrcek_jbehave-support",
            "name": "jbehave-support",
            "tags": [],
            "visibility": "public",
            "isNew": false
        },
        {
            "organization": "jbosstools",
            "key": "jbosstools_jbosstools-base",
            "name": "jbosstools-base",
            "tags": [],
            "visibility": "public",
            "isNew": false
        },
        {
            "organization": "default",
            "key": "org.jboss.tools:base",
            "name": "jbosstools-base",
            "tags": [],
            "visibility": "public",
            "isNew": false
        },
        {
            "organization": "jbosstools",
            "key": "jbosstools_jbosstools-openshift",
            "name": "jbosstools-openshift",
            "tags": [],
            "visibility": "public",
            "isNew": false
        },
        {
            "organization": "jbosstools",
            "key": "jbosstools_jbosstools-server",
            "name": "jbosstools-server",
            "tags": [],
            "visibility": "public",
            "isNew": false
        },
        {
            "organization": "msgjt-github",
            "key": "edu.msg.ro:jbugs",
            "name": "JBugs Parent S2GrA",
            "tags": [],
            "visibility": "public",
            "isNew": false
        },
        {
            "organization": "caffeine",
            "key": "com.github.ben-manes.caffeine:caffeine:jcache",
            "name": "jcache",
            "tags": [],
            "visibility": "public",
            "isNew": false
        },
        {
            "organization": "gabrieleloprieno-github",
            "key": "Jche",
            "name": "jChecs",
            "tags": [],
            "visibility": "public",
            "isNew": false
        },
        {
            "organization": "kdesantis-github",
            "key": "jchess-project",
            "name": "jChess",
            "tags": [],
            "visibility": "public",
            "isNew": false
        },
        {
            "organization": "codelibs",
            "key": "org.codelibs:jcifs",
            "name": "jCIFS",
            "tags": [],
            "visibility": "public",
            "isNew": false
        }
    ],
    "facets": [
        {
            "property": "languages",
            "values": [
                {
                    "val": "xml",
                    "count": 14844
                },
                {
                    "val": "web",
                    "count": 13244
                },
                {
                    "val": "java",
                    "count": 13148
                },
                {
                    "val": "css",
                    "count": 11599
                },
                {
                    "val": "js",
                    "count": 11509
                },
                {
                    "val": "cs",
                    "count": 6127
                },
                {
                    "val": "php",
                    "count": 2740
                },
                {
                    "val": "py",
                    "count": 2703
                },
                {
                    "val": "ts",
                    "count": 2054
                },
                {
                    "val": "c",
                    "count": 1733
                }
            ]
        },
        {
            "property": "ncloc",
            "values": [
                {
                    "val": "*-1000.0",
                    "count": 28144
                },
                {
                    "val": "1000.0-10000.0",
                    "count": 18883
                },
                {
                    "val": "10000.0-100000.0",
                    "count": 10812
                },
                {
                    "val": "100000.0-500000.0",
                    "count": 1998
                },
                {
                    "val": "500000.0-*",
                    "count": 378
                }
            ]
        }
    ]
}