{
    "paging": {
        "pageIndex": 640,
        "pageSize": 10,
        "total": 32063
    },
    "organizations": [
        {
            "key": "denmroot-github",
            "name": "Denis Makarov"
        },
        {
            "key": "tremolantepenacho-github",
            "name": "H\u00e9ctor Arnau"
        },
        {
            "key": "pcharankumar-github",
            "name": "pcharankumar"
        },
        {
            "key": "infectsoldier-github",
            "name": "Maksym Postument"
        },
        {
            "key": "olivermliu-github",
            "name": "Oliver"
        },
        {
            "key": "marceloalves6-sa",
            "name": "marceloalves6-sa"
        },
        {
            "key": "rightship",
            "name": "RightShip"
        },
        {
            "key": "mtransitapps-github",
            "name": "MonTransit Apps"
        },
        {
            "key": "freakinchuck-github",
            "name": "Silvio"
        },
        {
            "key": "bergerlijk-bitbucket",
            "name": "dhiman sutradhar"
        }
    ],
    "components": [
        {
            "organization": "rightship",
            "key": "qi-notifications",
            "name": "Qi Notifications",
            "tags": [],
            "visibility": "public",
            "isNew": false
        },
        {
            "organization": "denmroot-github",
            "key": "exonum-java-binding-002",
            "name": "Exonum Java Binding Parent",
            "tags": [],
            "visibility": "public",
            "isNew": false
        },
        {
            "organization": "pcharankumar-github",
            "key": "PartsUnlimited-Microsoft-Project_PR",
            "name": "PartsUnlimited-Microsoft-Project_PR",
            "tags": [],
            "visibility": "public",
            "isNew": false
        },
        {
            "organization": "infectsoldier-github",
            "key": "Infectsoldier_DjangoBlog",
            "name": "DjangoBlog",
            "tags": [],
            "visibility": "public",
            "isNew": false
        },
        {
            "organization": "tremolantepenacho-github",
            "key": "tremolantepenacho_AcbStats",
            "name": "AcbStats",
            "tags": [],
            "visibility": "public",
            "isNew": false
        },
        {
            "organization": "freakinchuck-github",
            "key": "EventMaster_SonarCube",
            "name": "EventMaster_SonarCube",
            "tags": [],
            "visibility": "public",
            "isNew": false
        },
        {
            "organization": "marceloalves6-sa",
            "key": "vsts-feature",
            "name": "vsts-feature",
            "tags": [],
            "visibility": "public",
            "isNew": false
        },
        {
            "organization": "mtransitapps-github",
            "key": "mtransit-for-android-gradle:mtransit-for-android",
            "name": "mtransit-for-android",
            "tags": [],
            "visibility": "public",
            "isNew": false
        },
        {
            "organization": "olivermliu-github",
            "key": "olivermliu_pavos-source",
            "name": "pavos",
            "tags": [],
            "visibility": "public",
            "isNew": false
        },
        {
            "organization": "bergerlijk-bitbucket",
            "key": "com.constructsecure.bahadur:bahadur-backend",
            "name": "bahadur-backend",
            "tags": [],
            "visibility": "public",
            "isNew": false
        }
    ],
    "facets": [
        {
            "property": "languages",
            "values": [
                {
                    "val": "xml",
                    "count": 14840
                },
                {
                    "val": "web",
                    "count": 13241
                },
                {
                    "val": "java",
                    "count": 13146
                },
                {
                    "val": "css",
                    "count": 11596
                },
                {
                    "val": "js",
                    "count": 11504
                },
                {
                    "val": "cs",
                    "count": 6126
                },
                {
                    "val": "php",
                    "count": 2739
                },
                {
                    "val": "py",
                    "count": 2703
                },
                {
                    "val": "ts",
                    "count": 2053
                },
                {
                    "val": "c",
                    "count": 1733
                }
            ]
        },
        {
            "property": "ncloc",
            "values": [
                {
                    "val": "*-1000.0",
                    "count": 28140
                },
                {
                    "val": "1000.0-10000.0",
                    "count": 18880
                },
                {
                    "val": "10000.0-100000.0",
                    "count": 10809
                },
                {
                    "val": "100000.0-500000.0",
                    "count": 1996
                },
                {
                    "val": "500000.0-*",
                    "count": 378
                }
            ]
        }
    ]
}