{
    "paging": {
        "pageIndex": 231,
        "pageSize": 10,
        "total": 32064
    },
    "organizations": [
        {
            "key": "softlinedemo",
            "name": "softlinedemo"
        },
        {
            "key": "masandma",
            "name": "masandma"
        },
        {
            "key": "ngtestorg",
            "name": "Example Org"
        },
        {
            "key": "exampleorg007",
            "name": "exampleorg007"
        },
        {
            "key": "nmbrphi",
            "name": "nmbrphi"
        },
        {
            "key": "jmacia0860",
            "name": "jmacia0860"
        },
        {
            "key": "trilokdevopsorganizationwesteurope",
            "name": "trilokdevopsorganizationwesteurope"
        },
        {
            "key": "domlangmead-buildtestapp",
            "name": "domlangmead-buildtestapp"
        },
        {
            "key": "jasonhornatcrowe",
            "name": "jasonhornatcrowe"
        },
        {
            "key": "devopsonar",
            "name": "devopsonar"
        }
    ],
    "components": [
        {
            "organization": "softlinedemo",
            "key": "BuildTestAppKz",
            "name": "BuildTestApp",
            "tags": [],
            "visibility": "public",
            "isNew": false
        },
        {
            "organization": "devopsonar",
            "key": "BuildTestAppNew",
            "name": "BuildTestApp",
            "tags": [],
            "visibility": "public",
            "isNew": false
        },
        {
            "organization": "trilokdevopsorganizationwesteurope",
            "key": "BuildTestAppTK",
            "name": "BuildTestApp",
            "tags": [],
            "visibility": "public",
            "isNew": false
        },
        {
            "organization": "ngtestorg",
            "key": "BuildTestAppTY",
            "name": "BuildTestApp",
            "tags": [],
            "visibility": "public",
            "isNew": false
        },
        {
            "organization": "jmacia0860",
            "key": "BuildTestApp_jmacia",
            "name": "BuildTestApp",
            "tags": [],
            "visibility": "public",
            "isNew": false
        },
        {
            "organization": "nmbrphi",
            "key": "MyBuildTestApp",
            "name": "BuildTestApp",
            "tags": [],
            "visibility": "public",
            "isNew": false
        },
        {
            "organization": "masandma",
            "key": "buildtestapp",
            "name": "buildtestapp",
            "tags": [],
            "visibility": "public",
            "isNew": false
        },
        {
            "organization": "jasonhornatcrowe",
            "key": "jasonhornatcrowe_BuildTestApp",
            "name": "BuildTestApp",
            "tags": [],
            "visibility": "public",
            "isNew": false
        },
        {
            "organization": "domlangmead-buildtestapp",
            "key": "buildtestapp-domlangmead-project",
            "name": "buildtestapp-domlangmead-project",
            "tags": [],
            "visibility": "public",
            "isNew": false
        },
        {
            "organization": "exampleorg007",
            "key": "BuildTestApp007",
            "name": "BuildTestApp007",
            "tags": [],
            "visibility": "public",
            "isNew": false
        }
    ],
    "facets": [
        {
            "property": "languages",
            "values": [
                {
                    "val": "xml",
                    "count": 14841
                },
                {
                    "val": "web",
                    "count": 13243
                },
                {
                    "val": "java",
                    "count": 13146
                },
                {
                    "val": "css",
                    "count": 11598
                },
                {
                    "val": "js",
                    "count": 11506
                },
                {
                    "val": "cs",
                    "count": 6126
                },
                {
                    "val": "php",
                    "count": 2739
                },
                {
                    "val": "py",
                    "count": 2703
                },
                {
                    "val": "ts",
                    "count": 2054
                },
                {
                    "val": "c",
                    "count": 1733
                }
            ]
        },
        {
            "property": "ncloc",
            "values": [
                {
                    "val": "*-1000.0",
                    "count": 28145
                },
                {
                    "val": "1000.0-10000.0",
                    "count": 18879
                },
                {
                    "val": "10000.0-100000.0",
                    "count": 10810
                },
                {
                    "val": "100000.0-500000.0",
                    "count": 1997
                },
                {
                    "val": "500000.0-*",
                    "count": 378
                }
            ]
        }
    ]
}