{
    "paging": {
        "pageIndex": 127,
        "pageSize": 10,
        "total": 32071
    },
    "organizations": [
        {
            "key": "steven-r-github",
            "name": "Stephen Reindl"
        },
        {
            "key": "scm-manager",
            "name": "SCM-Manager"
        },
        {
            "key": "bewizyu-formation",
            "name": "bewizyu-formation"
        },
        {
            "key": "intellias",
            "name": "intellias"
        },
        {
            "key": "getyoti",
            "name": "Yoti Ltd"
        },
        {
            "key": "nodulusteam-github",
            "name": "Roi ben haim"
        },
        {
            "key": "sopra-fs-20-group-15",
            "name": "sopra-fs-20-group-15"
        },
        {
            "key": "folio-org",
            "name": "folio-org"
        },
        {
            "key": "dmcgeough-github",
            "name": "Daniel McGeough Jr."
        },
        {
            "key": "tradebroker",
            "name": "tradebroker"
        }
    ],
    "components": [
        {
            "organization": "steven-r-github",
            "key": "steven-r_Oberon0Compiler",
            "name": "Oberon0Compiler",
            "tags": [],
            "visibility": "public",
            "isNew": false
        },
        {
            "organization": "bewizyu-formation",
            "key": "com.bewizyu:project-private-showcase-back-tipunch-d09:develop",
            "name": "[TiPunch] 2019 D09 Private ShowCase Web API develop",
            "tags": [],
            "visibility": "public",
            "isNew": false
        },
        {
            "organization": "sopra-fs-20-group-15",
            "key": "sopra-fs-20-group-15_server",
            "name": "soprafs20",
            "tags": [],
            "visibility": "public",
            "eligibilityStatus": "COMPLETED",
            "eligible": false,
            "isNew": false
        },
        {
            "organization": "dmcgeough-github",
            "key": "BPProject2",
            "name": "BeckonedPath",
            "tags": [],
            "visibility": "public",
            "isNew": false
        },
        {
            "organization": "folio-org",
            "key": "org.olf:mod-erm-usage-harvester",
            "name": "mod-erm-usage-harvester",
            "tags": [
                "erm",
                "dev-leipzig"
            ],
            "visibility": "public",
            "isNew": false
        },
        {
            "organization": "getyoti",
            "key": "getyoti:dotnet",
            "name": ".NET SDK",
            "tags": [],
            "visibility": "public",
            "eligibilityStatus": "COMPLETED",
            "eligible": false,
            "isNew": false
        },
        {
            "organization": "scm-manager",
            "key": "sonia.scm.plugins:scm-review-plugin",
            "name": "scm-review-plugin",
            "tags": [],
            "visibility": "public",
            "isNew": false
        },
        {
            "organization": "intellias",
            "key": "IntelliGrowth-Identity",
            "name": "IntelliGrowth-Identity",
            "tags": [],
            "visibility": "public",
            "isNew": false
        },
        {
            "organization": "nodulusteam-github",
            "key": "nodulusteam_methodus-spreadsheet",
            "name": "methodus-spreadsheet",
            "tags": [],
            "visibility": "public",
            "eligibilityStatus": "COMPLETED",
            "eligible": true,
            "isNew": false
        },
        {
            "organization": "tradebroker",
            "key": "train-6-tradebroker",
            "name": "server",
            "tags": [],
            "visibility": "public",
            "isNew": false
        }
    ],
    "facets": [
        {
            "property": "languages",
            "values": [
                {
                    "val": "xml",
                    "count": 14844
                },
                {
                    "val": "web",
                    "count": 13244
                },
                {
                    "val": "java",
                    "count": 13148
                },
                {
                    "val": "css",
                    "count": 11599
                },
                {
                    "val": "js",
                    "count": 11509
                },
                {
                    "val": "cs",
                    "count": 6127
                },
                {
                    "val": "php",
                    "count": 2740
                },
                {
                    "val": "py",
                    "count": 2703
                },
                {
                    "val": "ts",
                    "count": 2054
                },
                {
                    "val": "c",
                    "count": 1733
                }
            ]
        },
        {
            "property": "ncloc",
            "values": [
                {
                    "val": "*-1000.0",
                    "count": 28144
                },
                {
                    "val": "1000.0-10000.0",
                    "count": 18883
                },
                {
                    "val": "10000.0-100000.0",
                    "count": 10812
                },
                {
                    "val": "100000.0-500000.0",
                    "count": 1998
                },
                {
                    "val": "500000.0-*",
                    "count": 378
                }
            ]
        }
    ]
}