{
    "paging": {
        "pageIndex": 364,
        "pageSize": 10,
        "total": 32070
    },
    "organizations": [
        {
            "key": "markmolamhoi-github",
            "name": "Hio"
        },
        {
            "key": "project-sunbird",
            "name": "project-sunbird"
        },
        {
            "key": "default",
            "name": "Attic"
        },
        {
            "key": "xenon707-bitbucket",
            "name": "saqib"
        },
        {
            "key": "eduardoborges-github",
            "name": "Eduardo Borges"
        },
        {
            "key": "quinoacomputing",
            "name": "QuinoaComputing"
        },
        {
            "key": "fabriciobedin",
            "name": "Fabricio Bedin"
        },
        {
            "key": "webtechno-g",
            "name": "Webtechno-G"
        },
        {
            "key": "francescoz93",
            "name": "francescoZ93"
        },
        {
            "key": "onap",
            "name": "Open Network Automation Platform (ONAP)"
        }
    ],
    "components": [
        {
            "organization": "project-sunbird",
            "key": "project-sunbird_sunbird-learning-platform",
            "name": "EkStep Platform Main",
            "tags": [],
            "visibility": "public",
            "isNew": false
        },
        {
            "organization": "eduardoborges-github",
            "key": "AmazeFileManager",
            "name": "AmazeFileManager",
            "tags": [],
            "visibility": "public",
            "isNew": false
        },
        {
            "organization": "quinoacomputing",
            "key": "quinoa:/useredgeref",
            "name": "quinoa /useredgeref",
            "tags": [],
            "visibility": "public",
            "isNew": false
        },
        {
            "organization": "onap",
            "key": "onap_aaf-authz",
            "name": "aaf-authz",
            "tags": [],
            "visibility": "public",
            "isNew": false
        },
        {
            "organization": "markmolamhoi-github",
            "key": "Asiaray",
            "name": "Asiaray",
            "tags": [],
            "visibility": "public",
            "isNew": false
        },
        {
            "organization": "francescoz93",
            "key": "francescoZ93_pcap4j",
            "name": "Pcap4J",
            "tags": [],
            "visibility": "public",
            "eligibilityStatus": "COMPLETED",
            "eligible": false,
            "isNew": false
        },
        {
            "organization": "default",
            "key": "org.jboss.tools:openshift",
            "name": "jbosstools-openshift",
            "tags": [],
            "visibility": "public",
            "isNew": false
        },
        {
            "organization": "webtechno-g",
            "key": "Webtechno-G_golang-samples",
            "name": "golang-samples",
            "tags": [],
            "visibility": "public",
            "eligibilityStatus": "COMPLETED",
            "eligible": true,
            "isNew": true
        },
        {
            "organization": "xenon707-bitbucket",
            "key": "gawk4.1.4",
            "name": "gawk4.1.4",
            "tags": [],
            "visibility": "public",
            "isNew": false
        },
        {
            "organization": "fabriciobedin",
            "key": "fabriciobedin_eslint-plugin-react",
            "name": "eslint-plugin-react",
            "tags": [],
            "visibility": "public",
            "eligibilityStatus": "COMPLETED",
            "eligible": true,
            "isNew": false
        }
    ],
    "facets": [
        {
            "property": "languages",
            "values": [
                {
                    "val": "xml",
                    "count": 14843
                },
                {
                    "val": "web",
                    "count": 13244
                },
                {
                    "val": "java",
                    "count": 13147
                },
                {
                    "val": "css",
                    "count": 11599
                },
                {
                    "val": "js",
                    "count": 11509
                },
                {
                    "val": "cs",
                    "count": 6127
                },
                {
                    "val": "php",
                    "count": 2740
                },
                {
                    "val": "py",
                    "count": 2703
                },
                {
                    "val": "ts",
                    "count": 2054
                },
                {
                    "val": "c",
                    "count": 1733
                }
            ]
        },
        {
            "property": "ncloc",
            "values": [
                {
                    "val": "*-1000.0",
                    "count": 28145
                },
                {
                    "val": "1000.0-10000.0",
                    "count": 18882
                },
                {
                    "val": "10000.0-100000.0",
                    "count": 10812
                },
                {
                    "val": "100000.0-500000.0",
                    "count": 1998
                },
                {
                    "val": "500000.0-*",
                    "count": 378
                }
            ]
        }
    ]
}