{
    "paging": {
        "pageIndex": 205,
        "pageSize": 10,
        "total": 32066
    },
    "organizations": [
        {
            "key": "viveportsoftware",
            "name": "ViveportSoftware"
        },
        {
            "key": "expertise-team",
            "name": "L\u00e1szl\u00f3 M\u00e9sz\u00e1ros"
        },
        {
            "key": "orsacodereview",
            "name": "ORSA Code Review"
        },
        {
            "key": "dm7",
            "name": "dm7"
        },
        {
            "key": "apache",
            "name": "The Apache Software Foundation"
        },
        {
            "key": "uhlme",
            "name": "Patrick Uhlmann"
        },
        {
            "key": "fraunhofer-aisec",
            "name": "Fraunhofer AISEC"
        },
        {
            "key": "arnosthavelka-github",
            "name": "Arno\u0161t Havelka"
        },
        {
            "key": "lumenol-github",
            "name": "Lumenol"
        }
    ],
    "components": [
        {
            "organization": "orsacodereview",
            "key": "PAReDIGM-WEB-FrontEnd",
            "name": "PAReDIGM-WEB-FrontEnd",
            "tags": [],
            "visibility": "public",
            "isNew": true
        },
        {
            "organization": "lumenol-github",
            "key": "fr.credeville.cdb:computer-database",
            "name": "computer-database",
            "tags": [],
            "visibility": "public",
            "isNew": false
        },
        {
            "organization": "expertise-team",
            "key": "expertise-team_mslearn-tailspin-spacegame-web",
            "name": "mslearn-tailspin-spacegame-web",
            "tags": [],
            "visibility": "public",
            "eligibilityStatus": "COMPLETED",
            "eligible": false,
            "isNew": true
        },
        {
            "organization": "apache",
            "key": "apache_sling-org-apache-sling-junit-teleporter",
            "name": "Apache Sling JUnit Tests Teleporter",
            "tags": [
                "sling"
            ],
            "visibility": "public",
            "isNew": false
        },
        {
            "organization": "viveportsoftware",
            "key": "ViveportSoftware_vita_core_csharp",
            "name": "vita_core_csharp",
            "tags": [],
            "visibility": "public",
            "isNew": false
        },
        {
            "organization": "apache",
            "key": "apache_sling-org-apache-sling-junit-core",
            "name": "Apache Sling JUnit Core",
            "tags": [
                "sling"
            ],
            "visibility": "public",
            "isNew": false
        },
        {
            "organization": "uhlme",
            "key": "patrickuhlmann_linedifference",
            "name": "LineDifference",
            "tags": [],
            "visibility": "public",
            "eligibilityStatus": "COMPLETED",
            "eligible": false,
            "isNew": false
        },
        {
            "organization": "arnosthavelka-github",
            "key": "arnosthavelka_ws-training",
            "name": "WS-Training :: ws-training",
            "tags": [],
            "visibility": "public",
            "isNew": false
        },
        {
            "organization": "fraunhofer-aisec",
            "key": "codyze",
            "name": "codyze",
            "tags": [],
            "visibility": "public",
            "isNew": false
        },
        {
            "organization": "dm7",
            "key": "dm7_FundooReact",
            "name": "FundooReact",
            "tags": [],
            "visibility": "public",
            "eligibilityStatus": "COMPLETED",
            "eligible": true,
            "isNew": true
        }
    ],
    "facets": [
        {
            "property": "languages",
            "values": [
                {
                    "val": "xml",
                    "count": 14842
                },
                {
                    "val": "web",
                    "count": 13243
                },
                {
                    "val": "java",
                    "count": 13146
                },
                {
                    "val": "css",
                    "count": 11599
                },
                {
                    "val": "js",
                    "count": 11508
                },
                {
                    "val": "cs",
                    "count": 6126
                },
                {
                    "val": "php",
                    "count": 2740
                },
                {
                    "val": "py",
                    "count": 2703
                },
                {
                    "val": "ts",
                    "count": 2054
                },
                {
                    "val": "c",
                    "count": 1733
                }
            ]
        },
        {
            "property": "ncloc",
            "values": [
                {
                    "val": "*-1000.0",
                    "count": 28145
                },
                {
                    "val": "1000.0-10000.0",
                    "count": 18880
                },
                {
                    "val": "10000.0-100000.0",
                    "count": 10810
                },
                {
                    "val": "100000.0-500000.0",
                    "count": 1998
                },
                {
                    "val": "500000.0-*",
                    "count": 378
                }
            ]
        }
    ]
}