{
    "paging": {
        "pageIndex": 263,
        "pageSize": 10,
        "total": 32063
    },
    "organizations": [
        {
            "key": "kodezorg-bitbucket",
            "name": "shiran.ginige@kodez.com.au"
        },
        {
            "key": "cese",
            "name": "cese"
        },
        {
            "key": "vijayvani-github",
            "name": "vijayvani"
        },
        {
            "key": "cesefiuba2018",
            "name": "cesefiuba2018"
        },
        {
            "key": "ebithril-github",
            "name": "Patrik G\u00f6rling"
        },
        {
            "key": "kenord-github",
            "name": "kenord"
        },
        {
            "key": "emanuelirrazabal-github",
            "name": "emanuelirrazabal"
        },
        {
            "key": "creditscom",
            "name": "Credits Blockchain Platform"
        },
        {
            "key": "cestacompra",
            "name": "cestacompra"
        },
        {
            "key": "vijayeluri-github",
            "name": "VijayEluri"
        }
    ],
    "components": [
        {
            "organization": "vijayvani-github",
            "key": "vijayvani_ceppo",
            "name": "ceppo",
            "tags": [],
            "visibility": "public",
            "isNew": false
        },
        {
            "organization": "ebithril-github",
            "key": "Cerberus",
            "name": "Cerberus",
            "tags": [],
            "visibility": "public",
            "isNew": false
        },
        {
            "organization": "vijayeluri-github",
            "key": "VijayEluri_ceres",
            "name": "Ceres",
            "tags": [],
            "visibility": "public",
            "isNew": false
        },
        {
            "organization": "kenord-github",
            "key": "kenord_CertDB",
            "name": "CertDB",
            "tags": [],
            "visibility": "public",
            "isNew": false
        },
        {
            "organization": "cese",
            "key": "cese2",
            "name": "cese2",
            "tags": [],
            "visibility": "public",
            "isNew": false
        },
        {
            "organization": "emanuelirrazabal-github",
            "key": "cese5",
            "name": "cese5",
            "tags": [],
            "visibility": "public",
            "isNew": false
        },
        {
            "organization": "cesefiuba2018",
            "key": "CESEPRUEBA_2018",
            "name": "CESEPRUEBA_2018",
            "tags": [],
            "visibility": "public",
            "isNew": false
        },
        {
            "organization": "creditscom",
            "key": "CREDITSCOM_CESER",
            "name": "CESER",
            "tags": [],
            "visibility": "public",
            "isNew": false
        },
        {
            "organization": "cestacompra",
            "key": "cestacompra2018",
            "name": "cestacompra2018",
            "tags": [],
            "visibility": "public",
            "isNew": false
        },
        {
            "organization": "kodezorg-bitbucket",
            "key": "cf-test-temp",
            "name": "cf-test-temp",
            "tags": [],
            "visibility": "public",
            "isNew": false
        }
    ],
    "facets": [
        {
            "property": "languages",
            "values": [
                {
                    "val": "xml",
                    "count": 14840
                },
                {
                    "val": "web",
                    "count": 13241
                },
                {
                    "val": "java",
                    "count": 13146
                },
                {
                    "val": "css",
                    "count": 11596
                },
                {
                    "val": "js",
                    "count": 11504
                },
                {
                    "val": "cs",
                    "count": 6126
                },
                {
                    "val": "php",
                    "count": 2739
                },
                {
                    "val": "py",
                    "count": 2703
                },
                {
                    "val": "ts",
                    "count": 2053
                },
                {
                    "val": "c",
                    "count": 1733
                }
            ]
        },
        {
            "property": "ncloc",
            "values": [
                {
                    "val": "*-1000.0",
                    "count": 28143
                },
                {
                    "val": "1000.0-10000.0",
                    "count": 18879
                },
                {
                    "val": "10000.0-100000.0",
                    "count": 10810
                },
                {
                    "val": "100000.0-500000.0",
                    "count": 1996
                },
                {
                    "val": "500000.0-*",
                    "count": 378
                }
            ]
        }
    ]
}