{
    "paging": {
        "pageIndex": 833,
        "pageSize": 10,
        "total": 32064
    },
    "organizations": [
        {
            "key": "bwhitty94-github",
            "name": "bwhitty94"
        },
        {
            "key": "jkinville-test-org",
            "name": "jkinville-test-org"
        },
        {
            "key": "larrycameron80",
            "name": "larrycameron80"
        },
        {
            "key": "rosta95-todolist",
            "name": "rosta95"
        },
        {
            "key": "quizzzy",
            "name": "quizzzy"
        },
        {
            "key": "uvms-github",
            "name": "Union Vms"
        },
        {
            "key": "brianjenkins94-github",
            "name": "Brian Jenkins"
        },
        {
            "key": "anjali-92-github",
            "name": "anjali-92"
        },
        {
            "key": "najlot-github",
            "name": "najlot"
        },
        {
            "key": "michael-iden-github",
            "name": "Michael Iden"
        }
    ],
    "components": [
        {
            "organization": "uvms-github",
            "key": "eu.europa.ec.fisheries.uvms.audit:audit:PR",
            "name": "audit PR",
            "tags": [],
            "visibility": "public",
            "isNew": false
        },
        {
            "organization": "rosta95-todolist",
            "key": "rosta95_todolist",
            "name": "todolist",
            "tags": [],
            "visibility": "public",
            "isNew": false
        },
        {
            "organization": "jkinville-test-org",
            "key": "jkinville-test-org_vulnerable-node-master",
            "name": "vulnerable-node-master",
            "tags": [],
            "visibility": "public",
            "isNew": false
        },
        {
            "organization": "quizzzy",
            "key": "quizzzy_backend",
            "name": "backend",
            "tags": [],
            "visibility": "public",
            "isNew": false
        },
        {
            "organization": "bwhitty94-github",
            "key": "databoss-coverage",
            "name": "databoss-coverage",
            "tags": [],
            "visibility": "public",
            "isNew": false
        },
        {
            "organization": "brianjenkins94-github",
            "key": "brianjenkins94_LaunchNode",
            "name": "LaunchNode",
            "tags": [],
            "visibility": "public",
            "isNew": false
        },
        {
            "organization": "anjali-92-github",
            "key": "anjali-92_appbase",
            "name": "appbase",
            "tags": [],
            "visibility": "public",
            "isNew": false
        },
        {
            "organization": "larrycameron80",
            "key": "larrycameron80_cordova",
            "name": "cordova",
            "tags": [],
            "visibility": "public",
            "eligibilityStatus": "COMPLETED",
            "eligible": true,
            "isNew": false
        },
        {
            "organization": "michael-iden-github",
            "key": "mimqip-treatment-service",
            "name": "mimqip-treatment-service",
            "tags": [],
            "visibility": "public",
            "isNew": false
        },
        {
            "organization": "najlot-github",
            "key": "najlot_Log",
            "name": "Najlot.Log",
            "tags": [],
            "visibility": "public",
            "isNew": false
        }
    ],
    "facets": [
        {
            "property": "languages",
            "values": [
                {
                    "val": "xml",
                    "count": 14841
                },
                {
                    "val": "web",
                    "count": 13242
                },
                {
                    "val": "java",
                    "count": 13146
                },
                {
                    "val": "css",
                    "count": 11597
                },
                {
                    "val": "js",
                    "count": 11505
                },
                {
                    "val": "cs",
                    "count": 6126
                },
                {
                    "val": "php",
                    "count": 2740
                },
                {
                    "val": "py",
                    "count": 2703
                },
                {
                    "val": "ts",
                    "count": 2053
                },
                {
                    "val": "c",
                    "count": 1733
                }
            ]
        },
        {
            "property": "ncloc",
            "values": [
                {
                    "val": "*-1000.0",
                    "count": 28143
                },
                {
                    "val": "1000.0-10000.0",
                    "count": 18879
                },
                {
                    "val": "10000.0-100000.0",
                    "count": 10810
                },
                {
                    "val": "100000.0-500000.0",
                    "count": 1997
                },
                {
                    "val": "500000.0-*",
                    "count": 378
                }
            ]
        }
    ]
}