{
    "paging": {
        "pageIndex": 608,
        "pageSize": 10,
        "total": 32064
    },
    "organizations": [
        {
            "key": "credit-conso-bitbucket",
            "name": "anass lamkhayar"
        },
        {
            "key": "matheusmr13",
            "name": "Matheus Martins"
        },
        {
            "key": "credit-conso",
            "name": "credit-conso"
        },
        {
            "key": "iqoutsourcing",
            "name": "iqoutsourcing"
        },
        {
            "key": "theking505",
            "name": "Gino Tarufelli"
        },
        {
            "key": "vijayvani-github",
            "name": "vijayvani"
        },
        {
            "key": "cesarchamal-github",
            "name": "CesarChaMal"
        },
        {
            "key": "miraheze",
            "name": "Miraheze"
        },
        {
            "key": "creditoro",
            "name": "Creditoro"
        },
        {
            "key": "naresh101010",
            "name": "naresh101010"
        }
    ],
    "components": [
        {
            "organization": "matheusmr13",
            "key": "matheusmr13_create-microfrontend-react-app",
            "name": "create-micro-react-app",
            "tags": [],
            "visibility": "public",
            "eligibilityStatus": "COMPLETED",
            "eligible": true,
            "isNew": false
        },
        {
            "organization": "vijayvani-github",
            "key": "vijayvani_createsend-java",
            "name": "createsend-java",
            "tags": [],
            "visibility": "public",
            "isNew": false
        },
        {
            "organization": "miraheze",
            "key": "miraheze_CreateWiki",
            "name": "CreateWiki",
            "tags": [],
            "visibility": "public",
            "isNew": false
        },
        {
            "organization": "theking505",
            "key": "TheKing505_creativecommons.org",
            "name": "creativecommons.org",
            "tags": [],
            "visibility": "public",
            "eligibilityStatus": "COMPLETED",
            "eligible": true,
            "isNew": false
        },
        {
            "organization": "iqoutsourcing",
            "key": "credipyme",
            "name": "CrediPyme",
            "tags": [],
            "visibility": "public",
            "isNew": false
        },
        {
            "organization": "naresh101010",
            "key": "naresh101010_credit",
            "name": "credit",
            "tags": [],
            "visibility": "public",
            "eligibilityStatus": "COMPLETED",
            "eligible": true,
            "isNew": true
        },
        {
            "organization": "cesarchamal-github",
            "key": "com.credit_suisse.common:spring-primefaces",
            "name": "Credit Suisse Trial",
            "tags": [],
            "visibility": "public",
            "isNew": false
        },
        {
            "organization": "credit-conso",
            "key": "credit-conso",
            "name": "credit-conso",
            "tags": [],
            "visibility": "public",
            "isNew": false
        },
        {
            "organization": "credit-conso-bitbucket",
            "key": "credit-conso-ios",
            "name": "credit-conso-ios",
            "tags": [],
            "visibility": "public",
            "isNew": false
        },
        {
            "organization": "creditoro",
            "key": "creditoro_desktop-client",
            "name": "Creditoro desktop-client",
            "tags": [],
            "visibility": "public",
            "eligibilityStatus": "COMPLETED",
            "eligible": false,
            "isNew": false
        }
    ],
    "facets": [
        {
            "property": "languages",
            "values": [
                {
                    "val": "xml",
                    "count": 14841
                },
                {
                    "val": "web",
                    "count": 13242
                },
                {
                    "val": "java",
                    "count": 13146
                },
                {
                    "val": "css",
                    "count": 11597
                },
                {
                    "val": "js",
                    "count": 11505
                },
                {
                    "val": "cs",
                    "count": 6126
                },
                {
                    "val": "php",
                    "count": 2740
                },
                {
                    "val": "py",
                    "count": 2703
                },
                {
                    "val": "ts",
                    "count": 2053
                },
                {
                    "val": "c",
                    "count": 1733
                }
            ]
        },
        {
            "property": "ncloc",
            "values": [
                {
                    "val": "*-1000.0",
                    "count": 28144
                },
                {
                    "val": "1000.0-10000.0",
                    "count": 18879
                },
                {
                    "val": "10000.0-100000.0",
                    "count": 10810
                },
                {
                    "val": "100000.0-500000.0",
                    "count": 1997
                },
                {
                    "val": "500000.0-*",
                    "count": 378
                }
            ]
        }
    ]
}