{
    "paging": {
        "pageIndex": 968,
        "pageSize": 10,
        "total": 32075
    },
    "organizations": [
        {
            "key": "hoymm-github",
            "name": "Damian Muca"
        },
        {
            "key": "akashmukeshpatel-github",
            "name": "akashmukeshpatel"
        },
        {
            "key": "bdsi-digitall-bitbucket",
            "name": "sallah.kokaina@bnpparibas.com"
        },
        {
            "key": "lo23",
            "name": "LO23"
        },
        {
            "key": "smolamarcin-github",
            "name": "Marcin Smo\u0142a"
        },
        {
            "key": "jrcode97",
            "name": "JRCode97"
        },
        {
            "key": "securedevopsdelivery",
            "name": "Secure DevOps Delivery"
        },
        {
            "key": "jeffrey-palermo41872",
            "name": "Jeffrey Palermo"
        },
        {
            "key": "bbowen0209",
            "name": "bbowen0209"
        },
        {
            "key": "vijayeluri-github",
            "name": "VijayEluri"
        }
    ],
    "components": [
        {
            "organization": "smolamarcin-github",
            "key": "com.academy.solid.nie:battleship",
            "name": "battleship",
            "tags": [],
            "visibility": "public",
            "isNew": false
        },
        {
            "organization": "lo23",
            "key": "com.utclo23:Battleship",
            "name": "Battleship",
            "tags": [],
            "visibility": "public",
            "isNew": false
        },
        {
            "organization": "hoymm-github",
            "key": "com.battleships:battleships",
            "name": "Battleship game",
            "tags": [],
            "visibility": "public",
            "isNew": false
        },
        {
            "organization": "jeffrey-palermo41872",
            "key": "BattleshipProject",
            "name": "BattleshipProject",
            "tags": [],
            "visibility": "public",
            "isNew": false
        },
        {
            "organization": "akashmukeshpatel-github",
            "key": "bbfb40d33a882916372463a8c6f3b04dedc34206",
            "name": "bbfb40d33a882916372463a8c6f3b04dedc34206",
            "tags": [],
            "visibility": "public",
            "isNew": false
        },
        {
            "organization": "bbowen0209",
            "key": "bbowen-space-web-game",
            "name": "bbowen-space-web-game",
            "tags": [],
            "visibility": "public",
            "isNew": false
        },
        {
            "organization": "jrcode97",
            "key": "JRCode97_Project-3-backend",
            "name": "BBS",
            "tags": [],
            "visibility": "public",
            "eligibilityStatus": "COMPLETED",
            "eligible": false,
            "isNew": false
        },
        {
            "organization": "vijayeluri-github",
            "key": "VijayEluri_bc-commons",
            "name": "BC Commons",
            "tags": [],
            "visibility": "public",
            "isNew": false
        },
        {
            "organization": "securedevopsdelivery",
            "key": "bd39ccdbd11700c01b418a95ce33270bdf2ad737",
            "name": "bd39ccdbd11700c01b418a95ce33270bdf2ad737",
            "tags": [],
            "visibility": "public",
            "isNew": false
        },
        {
            "organization": "bdsi-digitall-bitbucket",
            "key": "bdsi-credit-conso-android",
            "name": "bdsi-credit-conso-android",
            "tags": [],
            "visibility": "public",
            "isNew": false
        }
    ],
    "facets": [
        {
            "property": "languages",
            "values": [
                {
                    "val": "xml",
                    "count": 14846
                },
                {
                    "val": "web",
                    "count": 13246
                },
                {
                    "val": "java",
                    "count": 13149
                },
                {
                    "val": "css",
                    "count": 11600
                },
                {
                    "val": "js",
                    "count": 11511
                },
                {
                    "val": "cs",
                    "count": 6127
                },
                {
                    "val": "php",
                    "count": 2740
                },
                {
                    "val": "py",
                    "count": 2704
                },
                {
                    "val": "ts",
                    "count": 2054
                },
                {
                    "val": "c",
                    "count": 1733
                }
            ]
        },
        {
            "property": "ncloc",
            "values": [
                {
                    "val": "*-1000.0",
                    "count": 28146
                },
                {
                    "val": "1000.0-10000.0",
                    "count": 18886
                },
                {
                    "val": "10000.0-100000.0",
                    "count": 10813
                },
                {
                    "val": "100000.0-500000.0",
                    "count": 1998
                },
                {
                    "val": "500000.0-*",
                    "count": 378
                }
            ]
        }
    ]
}