{
    "paging": {
        "pageIndex": 739,
        "pageSize": 10,
        "total": 32065
    },
    "organizations": [
        {
            "key": "martin-azpillaga",
            "name": "Martin Azpillaga Aldalur"
        },
        {
            "key": "declanvk-github",
            "name": "Declan Kelly"
        },
        {
            "key": "yberion-1",
            "name": "Brandon"
        },
        {
            "key": "lycheeorg",
            "name": "Lychee Organisation"
        },
        {
            "key": "groovylabs",
            "name": "Groovylabs"
        },
        {
            "key": "cmunilla",
            "name": "christophe munilla"
        },
        {
            "key": "lykkemt",
            "name": "lykkemt"
        }
    ],
    "components": [
        {
            "organization": "lycheeorg",
            "key": "LycheeOrg_Lychee-Laravel",
            "name": "Lychee",
            "tags": [],
            "visibility": "public",
            "eligibilityStatus": "COMPLETED",
            "eligible": true,
            "isNew": false
        },
        {
            "organization": "lycheeorg",
            "key": "LycheeOrg_Lychee-front",
            "name": "Lychee-front",
            "tags": [],
            "visibility": "public",
            "eligibilityStatus": "COMPLETED",
            "eligible": true,
            "isNew": false
        },
        {
            "organization": "lykkemt",
            "key": "Lykke.Service.FakeExchangeConnector",
            "name": "Lykke.Service.FakeExchangeConnector",
            "tags": [],
            "visibility": "public",
            "isNew": false
        },
        {
            "organization": "groovylabs",
            "key": "com.github.groovylabs.lyre",
            "name": "Lyre",
            "tags": [],
            "visibility": "public",
            "isNew": false
        },
        {
            "organization": "groovylabs",
            "key": "com.github.groovylabs:lyre",
            "name": "Lyre",
            "tags": [],
            "visibility": "public",
            "isNew": false
        },
        {
            "organization": "groovylabs",
            "key": "com.github.groovylabs:lyre:develop",
            "name": "Lyre develop",
            "tags": [],
            "visibility": "public",
            "isNew": false
        },
        {
            "organization": "cmunilla",
            "key": "cmunilla_Lyson",
            "name": "lyson",
            "tags": [],
            "visibility": "public",
            "isNew": false
        },
        {
            "organization": "martin-azpillaga",
            "key": "martin-azpillaga_M",
            "name": "M",
            "tags": [],
            "visibility": "public",
            "isNew": false
        },
        {
            "organization": "declanvk-github",
            "key": "declanvk_m-u-s-i-c",
            "name": "m-u-s-i-c",
            "tags": [],
            "visibility": "public",
            "isNew": false
        },
        {
            "organization": "yberion-1",
            "key": "Yberion_M1-Nachos",
            "name": "M1-Nachos",
            "tags": [],
            "visibility": "public",
            "isNew": false
        }
    ],
    "facets": [
        {
            "property": "languages",
            "values": [
                {
                    "val": "xml",
                    "count": 14841
                },
                {
                    "val": "web",
                    "count": 13243
                },
                {
                    "val": "java",
                    "count": 13146
                },
                {
                    "val": "css",
                    "count": 11598
                },
                {
                    "val": "js",
                    "count": 11507
                },
                {
                    "val": "cs",
                    "count": 6126
                },
                {
                    "val": "php",
                    "count": 2739
                },
                {
                    "val": "py",
                    "count": 2703
                },
                {
                    "val": "ts",
                    "count": 2054
                },
                {
                    "val": "c",
                    "count": 1733
                }
            ]
        },
        {
            "property": "ncloc",
            "values": [
                {
                    "val": "*-1000.0",
                    "count": 28145
                },
                {
                    "val": "1000.0-10000.0",
                    "count": 18880
                },
                {
                    "val": "10000.0-100000.0",
                    "count": 10810
                },
                {
                    "val": "100000.0-500000.0",
                    "count": 1997
                },
                {
                    "val": "500000.0-*",
                    "count": 378
                }
            ]
        }
    ]
}