{
    "paging": {
        "pageIndex": 52,
        "pageSize": 10,
        "total": 32066
    },
    "organizations": [
        {
            "key": "joeyjiao-github",
            "name": "Joey Jiao"
        },
        {
            "key": "mangelio",
            "name": "mangel.io"
        },
        {
            "key": "andrii-kats-github",
            "name": "andrii-kats"
        },
        {
            "key": "rmaruseve-github",
            "name": "Rene Maru\u0161evec"
        },
        {
            "key": "n3thunt3r-github",
            "name": "N3thunt3r1"
        },
        {
            "key": "berepublic-user-github",
            "name": "BeRepublic"
        },
        {
            "key": "aljosamrak",
            "name": "aljosamrak"
        },
        {
            "key": "indaba",
            "name": "Indaba"
        },
        {
            "key": "pebmed",
            "name": "PEBMED"
        },
        {
            "key": "nodesman-github",
            "name": "Raj"
        }
    ],
    "components": [
        {
            "organization": "andrii-kats-github",
            "key": "AndriyKhvostenko.PracticeTask2",
            "name": "AndriyKhvostenko.PracticeTask2",
            "tags": [],
            "visibility": "public",
            "isNew": false
        },
        {
            "organization": "n3thunt3r-github",
            "key": "N3thunt3r_android",
            "name": "android",
            "tags": [],
            "visibility": "public",
            "isNew": false
        },
        {
            "organization": "mangelio",
            "key": "mangelio_Android",
            "name": "Android",
            "tags": [],
            "visibility": "public",
            "isNew": false
        },
        {
            "organization": "aljosamrak",
            "key": "aljosamrak_android-at-scale-example",
            "name": "Android At Scale",
            "tags": [],
            "visibility": "public",
            "isNew": false
        },
        {
            "organization": "indaba",
            "key": "es.indaba.android-json-form-wizard",
            "name": "Android JSON FORM Wizard",
            "tags": [],
            "visibility": "public",
            "isNew": false
        },
        {
            "organization": "berepublic-user-github",
            "key": "mobile-seat-android:app",
            "name": "Android Justmoove",
            "tags": [],
            "visibility": "public",
            "isNew": false
        },
        {
            "organization": "rmaruseve-github",
            "key": "rmaruseve_-Otvaranje-sigurnosnih-vrata-pomoc-razlicitih-tehnologija",
            "name": "Android Studio",
            "tags": [],
            "visibility": "public",
            "isNew": false
        },
        {
            "organization": "joeyjiao-github",
            "key": "JoeyJiao_android-afl",
            "name": "android-afl",
            "tags": [],
            "visibility": "public",
            "isNew": false
        },
        {
            "organization": "nodesman-github",
            "key": "android-app",
            "name": "android-app",
            "tags": [],
            "visibility": "public",
            "isNew": false
        },
        {
            "organization": "pebmed",
            "key": "PEBMED_android-base-architecture",
            "name": "android-base-architecture",
            "tags": [],
            "visibility": "public",
            "isNew": false
        }
    ],
    "facets": [
        {
            "property": "languages",
            "values": [
                {
                    "val": "xml",
                    "count": 14842
                },
                {
                    "val": "web",
                    "count": 13243
                },
                {
                    "val": "java",
                    "count": 13146
                },
                {
                    "val": "css",
                    "count": 11599
                },
                {
                    "val": "js",
                    "count": 11508
                },
                {
                    "val": "cs",
                    "count": 6126
                },
                {
                    "val": "php",
                    "count": 2740
                },
                {
                    "val": "py",
                    "count": 2703
                },
                {
                    "val": "ts",
                    "count": 2054
                },
                {
                    "val": "c",
                    "count": 1733
                }
            ]
        },
        {
            "property": "ncloc",
            "values": [
                {
                    "val": "*-1000.0",
                    "count": 28145
                },
                {
                    "val": "1000.0-10000.0",
                    "count": 18880
                },
                {
                    "val": "10000.0-100000.0",
                    "count": 10810
                },
                {
                    "val": "100000.0-500000.0",
                    "count": 1998
                },
                {
                    "val": "500000.0-*",
                    "count": 378
                }
            ]
        }
    ]
}