{
    "paging": {
        "pageIndex": 919,
        "pageSize": 10,
        "total": 32072
    },
    "organizations": [
        {
            "key": "cleberdsantos-github",
            "name": "Cl\u00e9ber"
        },
        {
            "key": "jimmyleeeeee-github",
            "name": "jimmyleeeeee"
        },
        {
            "key": "duvalvalentin",
            "name": "DuvalValentin"
        },
        {
            "key": "softplan",
            "name": "Softplan"
        },
        {
            "key": "maxamel-github",
            "name": "maxamel"
        },
        {
            "key": "virtocommerce",
            "name": "virtocommerce"
        },
        {
            "key": "minitwit",
            "name": "Jan Schill"
        },
        {
            "key": "apache",
            "name": "The Apache Software Foundation"
        },
        {
            "key": "madunixman-github",
            "name": "Paolo Lulli"
        },
        {
            "key": "steinarb-github",
            "name": "steinarb"
        }
    ],
    "components": [
        {
            "organization": "maxamel-github",
            "key": "com.github.maxamel:SpringZKAuth",
            "name": "SpringZKAuth",
            "tags": [],
            "visibility": "public",
            "isNew": false
        },
        {
            "organization": "softplan",
            "key": "softplan_tenkai-api",
            "name": "tenkai-api",
            "tags": [],
            "visibility": "public",
            "eligibilityStatus": "COMPLETED",
            "eligible": true,
            "isNew": false
        },
        {
            "organization": "steinarb-github",
            "key": "no.priv.bang.ukelonn:parent",
            "name": "ukelonn webapp",
            "tags": [],
            "visibility": "public",
            "isNew": false
        },
        {
            "organization": "minitwit",
            "key": "janschill_uni-devops",
            "name": "uni-devops",
            "tags": [],
            "visibility": "public",
            "eligibilityStatus": "COMPLETED",
            "eligible": false,
            "isNew": false
        },
        {
            "organization": "cleberdsantos-github",
            "key": "useridentity",
            "name": "useridentity",
            "tags": [],
            "visibility": "public",
            "isNew": false
        },
        {
            "organization": "virtocommerce",
            "key": "vc-storefront:dev",
            "name": "vc-storefront dev",
            "tags": [],
            "visibility": "public",
            "isNew": false
        },
        {
            "organization": "duvalvalentin",
            "key": "DuvalValentin_AlgorithmiqueDesGraphes",
            "name": "AlgorithmiqueDesGraphes",
            "tags": [],
            "visibility": "public",
            "isNew": false
        },
        {
            "organization": "jimmyleeeeee-github",
            "key": "com.ambersec:ambergoat",
            "name": "AmberGoat",
            "tags": [],
            "visibility": "public",
            "isNew": false
        },
        {
            "organization": "madunixman-github",
            "key": "net.lulli.android:android-metadao",
            "name": "android-metadao",
            "tags": [],
            "visibility": "public",
            "isNew": false
        },
        {
            "organization": "apache",
            "key": "apache_sling-org-apache-sling-app-cms",
            "name": "Apache Sling - CMS",
            "tags": [
                "sling"
            ],
            "visibility": "public",
            "isNew": false
        }
    ],
    "facets": [
        {
            "property": "languages",
            "values": [
                {
                    "val": "xml",
                    "count": 14844
                },
                {
                    "val": "web",
                    "count": 13244
                },
                {
                    "val": "java",
                    "count": 13148
                },
                {
                    "val": "css",
                    "count": 11600
                },
                {
                    "val": "js",
                    "count": 11510
                },
                {
                    "val": "cs",
                    "count": 6127
                },
                {
                    "val": "php",
                    "count": 2740
                },
                {
                    "val": "py",
                    "count": 2703
                },
                {
                    "val": "ts",
                    "count": 2054
                },
                {
                    "val": "c",
                    "count": 1733
                }
            ]
        },
        {
            "property": "ncloc",
            "values": [
                {
                    "val": "*-1000.0",
                    "count": 28145
                },
                {
                    "val": "1000.0-10000.0",
                    "count": 18884
                },
                {
                    "val": "10000.0-100000.0",
                    "count": 10812
                },
                {
                    "val": "100000.0-500000.0",
                    "count": 1998
                },
                {
                    "val": "500000.0-*",
                    "count": 378
                }
            ]
        }
    ]
}