{
    "paging": {
        "pageIndex": 627,
        "pageSize": 10,
        "total": 32073
    },
    "organizations": [
        {
            "key": "poochie",
            "name": "lawhitmi"
        },
        {
            "key": "edmond-kacaj",
            "name": "edmond-kacaj"
        },
        {
            "key": "30lines",
            "name": "30 Lines"
        },
        {
            "key": "hmcts",
            "name": "HMCTS"
        },
        {
            "key": "etf-validator",
            "name": "ETF"
        },
        {
            "key": "greenbrier",
            "name": "greenbrier"
        },
        {
            "key": "racedisparityaudit",
            "name": "Race Disparity Audit"
        },
        {
            "key": "qazzquimby",
            "name": "Qazzquimby"
        },
        {
            "key": "miw-upm-github",
            "name": "M\u00e1ster en Ingenier\u00eda Web"
        }
    ],
    "components": [
        {
            "organization": "qazzquimby",
            "key": "Qazzquimby_eternalCardEvaluator",
            "name": "eternalCardEvaluator",
            "tags": [],
            "visibility": "public",
            "isNew": false
        },
        {
            "organization": "etf-validator",
            "key": "etf-validator_etf-topox",
            "name": "etf-bsx-topox",
            "tags": [],
            "visibility": "public",
            "isNew": false
        },
        {
            "organization": "greenbrier",
            "key": "ETG-eCommerce",
            "name": "ETG-eCommerce",
            "tags": [],
            "visibility": "public",
            "isNew": false
        },
        {
            "organization": "greenbrier",
            "key": "ETG-SqlPass",
            "name": "ETG-SqlPass",
            "tags": [],
            "visibility": "public",
            "isNew": false
        },
        {
            "organization": "racedisparityaudit",
            "key": "racedisparityaudit_ethnicity-facts-and-figures-publisher",
            "name": "Ethnicity Facts and Figures Publisher",
            "tags": [],
            "visibility": "public",
            "isNew": false
        },
        {
            "organization": "hmcts",
            "key": "ethos-repl-docmosis-service",
            "name": "ethos-repl-docmosis-service",
            "tags": [],
            "visibility": "public",
            "isNew": false
        },
        {
            "organization": "miw-upm-github",
            "key": "es.upm.miw:etsisi-tpv-spring",
            "name": "etsisi-tpv-spring",
            "tags": [],
            "visibility": "public",
            "isNew": false
        },
        {
            "organization": "edmond-kacaj",
            "key": "eu.ek",
            "name": "eu.ek",
            "tags": [],
            "visibility": "public",
            "isNew": false
        },
        {
            "organization": "poochie",
            "key": "lawhitmi_euchre",
            "name": "euchre",
            "tags": [],
            "visibility": "public",
            "isNew": false
        },
        {
            "organization": "30lines",
            "key": "eugenie_child:dev",
            "name": "Eugenie_Child",
            "tags": [],
            "visibility": "public",
            "isNew": false
        }
    ],
    "facets": [
        {
            "property": "languages",
            "values": [
                {
                    "val": "xml",
                    "count": 14845
                },
                {
                    "val": "web",
                    "count": 13245
                },
                {
                    "val": "java",
                    "count": 13148
                },
                {
                    "val": "css",
                    "count": 11600
                },
                {
                    "val": "js",
                    "count": 11511
                },
                {
                    "val": "cs",
                    "count": 6127
                },
                {
                    "val": "php",
                    "count": 2740
                },
                {
                    "val": "py",
                    "count": 2703
                },
                {
                    "val": "ts",
                    "count": 2054
                },
                {
                    "val": "c",
                    "count": 1733
                }
            ]
        },
        {
            "property": "ncloc",
            "values": [
                {
                    "val": "*-1000.0",
                    "count": 28146
                },
                {
                    "val": "1000.0-10000.0",
                    "count": 18885
                },
                {
                    "val": "10000.0-100000.0",
                    "count": 10812
                },
                {
                    "val": "100000.0-500000.0",
                    "count": 1998
                },
                {
                    "val": "500000.0-*",
                    "count": 378
                }
            ]
        }
    ]
}