{
    "paging": {
        "pageIndex": 258,
        "pageSize": 10,
        "total": 32064
    },
    "organizations": [
        {
            "key": "crowsofwar-github",
            "name": "Crows Of War"
        }
    ],
    "components": [
        {
            "organization": "crowsofwar-github",
            "key": "com.crowsofwar.avatarmod:AvatarMod:FD/OldPackets",
            "name": "AvatarMod FD/OldPackets",
            "tags": [],
            "visibility": "public",
            "isNew": false
        },
        {
            "organization": "crowsofwar-github",
            "key": "com.crowsofwar.avatarmod:AvatarMod:FD/Shockwave",
            "name": "AvatarMod FD/Shockwave",
            "tags": [],
            "visibility": "public",
            "isNew": false
        },
        {
            "organization": "crowsofwar-github",
            "key": "com.crowsofwar.avatarmod:AvatarMod:FD/TickHandlerExperiments",
            "name": "AvatarMod FD/TickHandlerExperiments",
            "tags": [],
            "visibility": "public",
            "isNew": false
        },
        {
            "organization": "crowsofwar-github",
            "key": "com.crowsofwar.avatarmod:AvatarMod:FD/TickHandlerExperiments2",
            "name": "AvatarMod FD/TickHandlerExperiments2",
            "tags": [],
            "visibility": "public",
            "isNew": false
        },
        {
            "organization": "crowsofwar-github",
            "key": "com.crowsofwar.avatarmod:AvatarMod:FlamethrowerDrain",
            "name": "AvatarMod FlamethrowerDrain",
            "tags": [],
            "visibility": "public",
            "isNew": false
        },
        {
            "organization": "crowsofwar-github",
            "key": "com.crowsofwar.avatarmod:AvatarMod:hydn",
            "name": "AvatarMod hydn",
            "tags": [],
            "visibility": "public",
            "isNew": false
        },
        {
            "organization": "crowsofwar-github",
            "key": "com.crowsofwar.avatarmod:AvatarMod:ice-model",
            "name": "AvatarMod ice-model",
            "tags": [],
            "visibility": "public",
            "isNew": false
        },
        {
            "organization": "crowsofwar-github",
            "key": "com.crowsofwar.avatarmod:AvatarMod:lightning",
            "name": "AvatarMod lightning",
            "tags": [],
            "visibility": "public",
            "isNew": false
        },
        {
            "organization": "crowsofwar-github",
            "key": "com.crowsofwar.avatarmod:AvatarMod:lightning-redir",
            "name": "AvatarMod lightning-redir",
            "tags": [],
            "visibility": "public",
            "isNew": false
        },
        {
            "organization": "crowsofwar-github",
            "key": "com.crowsofwar.avatarmod:AvatarMod:Mahtaran-build-scipts",
            "name": "AvatarMod Mahtaran-build-scipts",
            "tags": [],
            "visibility": "public",
            "isNew": false
        }
    ],
    "facets": [
        {
            "property": "languages",
            "values": [
                {
                    "val": "xml",
                    "count": 14841
                },
                {
                    "val": "web",
                    "count": 13242
                },
                {
                    "val": "java",
                    "count": 13146
                },
                {
                    "val": "css",
                    "count": 11597
                },
                {
                    "val": "js",
                    "count": 11505
                },
                {
                    "val": "cs",
                    "count": 6126
                },
                {
                    "val": "php",
                    "count": 2740
                },
                {
                    "val": "py",
                    "count": 2703
                },
                {
                    "val": "ts",
                    "count": 2053
                },
                {
                    "val": "c",
                    "count": 1733
                }
            ]
        },
        {
            "property": "ncloc",
            "values": [
                {
                    "val": "*-1000.0",
                    "count": 28144
                },
                {
                    "val": "1000.0-10000.0",
                    "count": 18879
                },
                {
                    "val": "10000.0-100000.0",
                    "count": 10810
                },
                {
                    "val": "100000.0-500000.0",
                    "count": 1997
                },
                {
                    "val": "500000.0-*",
                    "count": 378
                }
            ]
        }
    ]
}