{
    "paging": {
        "pageIndex": 562,
        "pageSize": 10,
        "total": 32066
    },
    "organizations": [
        {
            "key": "charles-haynes",
            "name": "Charles Haynes"
        },
        {
            "key": "gbauso",
            "name": "Guilherme Bauso"
        },
        {
            "key": "default",
            "name": "Attic"
        },
        {
            "key": "victuos-github",
            "name": "Victuos"
        },
        {
            "key": "researchlab",
            "name": "researchlab"
        },
        {
            "key": "gdoumen-github",
            "name": "gdoumen"
        },
        {
            "key": "likeinsane-github",
            "name": "LikeInsane"
        },
        {
            "key": "mar666bpm",
            "name": "Mar666bpm"
        },
        {
            "key": "simonasb-github",
            "name": "Simonas Baltulionis"
        },
        {
            "key": "francescoz93",
            "name": "francescoZ93"
        }
    ],
    "components": [
        {
            "organization": "charles-haynes",
            "key": "charles-haynes_gazelle",
            "name": "gazelle",
            "tags": [],
            "visibility": "public",
            "isNew": false
        },
        {
            "organization": "simonasb-github",
            "key": "gazemonitoring",
            "name": "gazemonitoring",
            "tags": [],
            "visibility": "public",
            "isNew": false
        },
        {
            "organization": "gbauso",
            "key": "gbauso_GraphAPI",
            "name": "gbauso_GraphAPI",
            "tags": [],
            "visibility": "public",
            "isNew": false
        },
        {
            "organization": "researchlab",
            "key": "researchlab_gbp",
            "name": "gbp",
            "tags": [],
            "visibility": "public",
            "eligibilityStatus": "COMPLETED",
            "eligible": true,
            "isNew": true
        },
        {
            "organization": "likeinsane-github",
            "key": "LikeInsane_gchisto",
            "name": "GChisto",
            "tags": [],
            "visibility": "public",
            "isNew": false
        },
        {
            "organization": "francescoz93",
            "key": "francescoZ93_gchisto",
            "name": "GChisto",
            "tags": [],
            "visibility": "public",
            "eligibilityStatus": "COMPLETED",
            "eligible": false,
            "isNew": false
        },
        {
            "organization": "mar666bpm",
            "key": "gcm4j",
            "name": "GCM4J",
            "tags": [],
            "visibility": "public",
            "isNew": false
        },
        {
            "organization": "victuos-github",
            "key": "victuos_gcp",
            "name": "gcp",
            "tags": [],
            "visibility": "public",
            "isNew": false
        },
        {
            "organization": "gdoumen-github",
            "key": "gd-ant-plus",
            "name": "gd-ant-plus",
            "tags": [],
            "visibility": "public",
            "isNew": false
        },
        {
            "organization": "default",
            "key": "uk.ac.diamond.ispyb.api",
            "name": "GDA ISPyB API",
            "tags": [],
            "visibility": "public",
            "isNew": false
        }
    ],
    "facets": [
        {
            "property": "languages",
            "values": [
                {
                    "val": "xml",
                    "count": 14842
                },
                {
                    "val": "web",
                    "count": 13243
                },
                {
                    "val": "java",
                    "count": 13146
                },
                {
                    "val": "css",
                    "count": 11599
                },
                {
                    "val": "js",
                    "count": 11508
                },
                {
                    "val": "cs",
                    "count": 6126
                },
                {
                    "val": "php",
                    "count": 2740
                },
                {
                    "val": "py",
                    "count": 2703
                },
                {
                    "val": "ts",
                    "count": 2054
                },
                {
                    "val": "c",
                    "count": 1733
                }
            ]
        },
        {
            "property": "ncloc",
            "values": [
                {
                    "val": "*-1000.0",
                    "count": 28146
                },
                {
                    "val": "1000.0-10000.0",
                    "count": 18880
                },
                {
                    "val": "10000.0-100000.0",
                    "count": 10810
                },
                {
                    "val": "100000.0-500000.0",
                    "count": 1998
                },
                {
                    "val": "500000.0-*",
                    "count": 378
                }
            ]
        }
    ]
}