{
    "paging": {
        "pageIndex": 878,
        "pageSize": 10,
        "total": 32066
    },
    "organizations": [
        {
            "key": "servicecatalog",
            "name": "servicecatalog"
        },
        {
            "key": "borgia-app",
            "name": "Borgia App"
        },
        {
            "key": "sirinemeddeb",
            "name": "SirineMeddeb"
        },
        {
            "key": "space-game-web-1983",
            "name": "space-game-web-1983"
        },
        {
            "key": "wvuk-sca",
            "name": "World Vision UK"
        },
        {
            "key": "space-game-web-333123",
            "name": "space-game-web-333123"
        },
        {
            "key": "mahe-thomas",
            "name": "Mahe Thomas"
        },
        {
            "key": "francescozacc",
            "name": "francescozacc"
        },
        {
            "key": "mvavdeev",
            "name": "mvavdeev"
        }
    ],
    "components": [
        {
            "organization": "mahe-thomas",
            "key": "Mahe-Thomas_u-boot-imx",
            "name": "u-boot-imx",
            "tags": [],
            "visibility": "public",
            "eligibilityStatus": "COMPLETED",
            "eligible": false,
            "isNew": false
        },
        {
            "organization": "borgia-app",
            "key": "borgia-app_Borgia",
            "name": "Borgia",
            "tags": [],
            "visibility": "public",
            "eligibilityStatus": "COMPLETED",
            "eligible": true,
            "isNew": false
        },
        {
            "organization": "space-game-web-1983",
            "key": "seanperera_mslearn-tailspin-spacegame-web",
            "name": "mslearn-tailspin-spacegame-web",
            "tags": [],
            "visibility": "public",
            "eligibilityStatus": "COMPLETED",
            "eligible": false,
            "isNew": false
        },
        {
            "organization": "servicecatalog",
            "key": "org.oscm:oscm-commons",
            "name": "oscm-commons",
            "tags": [],
            "visibility": "public",
            "isNew": false
        },
        {
            "organization": "mvavdeev",
            "key": "mvavdeev_k8s",
            "name": "k8s",
            "tags": [],
            "visibility": "public",
            "eligibilityStatus": "COMPLETED",
            "eligible": true,
            "isNew": false
        },
        {
            "organization": "francescozacc",
            "key": "francescozacc_yasson",
            "name": "org.eclipse.yasson",
            "tags": [],
            "visibility": "public",
            "eligibilityStatus": "COMPLETED",
            "eligible": false,
            "isNew": false
        },
        {
            "organization": "sirinemeddeb",
            "key": "SirineMeddeb_Kids_House",
            "name": "Kids_House",
            "tags": [],
            "visibility": "public",
            "eligibilityStatus": "COMPLETED",
            "eligible": true,
            "isNew": false
        },
        {
            "organization": "space-game-web-333123",
            "key": "ok243_mslearn-tailspin-spacegame-web",
            "name": "mslearn-tailspin-spacegame-web",
            "tags": [],
            "visibility": "public",
            "eligibilityStatus": "COMPLETED",
            "eligible": false,
            "isNew": false
        },
        {
            "organization": "wvuk-sca",
            "key": "Chosen",
            "name": "Chosen",
            "tags": [],
            "visibility": "public",
            "isNew": false
        },
        {
            "organization": "mahe-thomas",
            "key": "Mahe-Thomas_mfgtools",
            "name": "mfgtools",
            "tags": [],
            "visibility": "public",
            "eligibilityStatus": "COMPLETED",
            "eligible": false,
            "isNew": false
        }
    ],
    "facets": [
        {
            "property": "languages",
            "values": [
                {
                    "val": "xml",
                    "count": 14842
                },
                {
                    "val": "web",
                    "count": 13243
                },
                {
                    "val": "java",
                    "count": 13146
                },
                {
                    "val": "css",
                    "count": 11599
                },
                {
                    "val": "js",
                    "count": 11508
                },
                {
                    "val": "cs",
                    "count": 6126
                },
                {
                    "val": "php",
                    "count": 2740
                },
                {
                    "val": "py",
                    "count": 2703
                },
                {
                    "val": "ts",
                    "count": 2054
                },
                {
                    "val": "c",
                    "count": 1733
                }
            ]
        },
        {
            "property": "ncloc",
            "values": [
                {
                    "val": "*-1000.0",
                    "count": 28145
                },
                {
                    "val": "1000.0-10000.0",
                    "count": 18880
                },
                {
                    "val": "10000.0-100000.0",
                    "count": 10810
                },
                {
                    "val": "100000.0-500000.0",
                    "count": 1998
                },
                {
                    "val": "500000.0-*",
                    "count": 378
                }
            ]
        }
    ]
}