{
    "paging": {
        "pageIndex": 482,
        "pageSize": 10,
        "total": 32067
    },
    "organizations": [
        {
            "key": "prob2",
            "name": "prob2"
        },
        {
            "key": "sfrevel",
            "name": "sfrevel"
        },
        {
            "key": "ghsatpute",
            "name": "Ganesh Satpute"
        },
        {
            "key": "veenaprathyusha",
            "name": "veena prathyusha"
        },
        {
            "key": "sambranaivan-github",
            "name": "ivan sambrana"
        },
        {
            "key": "payalbnsl-github",
            "name": "Payal Bansal"
        },
        {
            "key": "benjamineckstein",
            "name": "Benjamin Eckstein"
        },
        {
            "key": "investigacionunad",
            "name": "investigacionUNAD"
        },
        {
            "key": "gitgoodjhe",
            "name": "gitgoodjhe"
        },
        {
            "key": "processpuzzle",
            "name": "ProcessPuzzle"
        }
    ],
    "components": [
        {
            "organization": "gitgoodjhe",
            "key": "gitgoodjhe_TaskanaAdapter",
            "name": "pro.taskana:taskana-adapter-parent",
            "tags": [],
            "visibility": "public",
            "eligibilityStatus": "COMPLETED",
            "eligible": false,
            "isNew": false
        },
        {
            "organization": "sfrevel",
            "key": "sfrevel_TaskanaAdapter",
            "name": "pro.taskana:taskana-adapter-parent",
            "tags": [],
            "visibility": "public",
            "eligibilityStatus": "COMPLETED",
            "eligible": false,
            "isNew": false
        },
        {
            "organization": "benjamineckstein",
            "key": "benjamineckstein_taskana",
            "name": "pro.taskana:taskana-parent",
            "tags": [],
            "visibility": "public",
            "isNew": false
        },
        {
            "organization": "veenaprathyusha",
            "key": "pro1",
            "name": "pro1",
            "tags": [],
            "visibility": "public",
            "isNew": false
        },
        {
            "organization": "prob2",
            "key": "prob2-ui",
            "name": "prob2-ui",
            "tags": [],
            "visibility": "public",
            "isNew": false
        },
        {
            "organization": "sambranaivan-github",
            "key": "Ciaaprobadorderele",
            "name": "ProbadorDeRele",
            "tags": [],
            "visibility": "public",
            "isNew": false
        },
        {
            "organization": "investigacionunad",
            "key": "investigacionUNAD_Probar",
            "name": "Probar",
            "tags": [],
            "visibility": "public",
            "eligibilityStatus": "COMPLETED",
            "eligible": true,
            "isNew": false
        },
        {
            "organization": "ghsatpute",
            "key": "ghsatpute_ProblemSolving",
            "name": "ProblemSolving",
            "tags": [],
            "visibility": "public",
            "eligibilityStatus": "COMPLETED",
            "eligible": false,
            "isNew": false
        },
        {
            "organization": "processpuzzle",
            "key": "com.processpuzzle.cms:processpuzzle-cms:development",
            "name": "ProcessPuzzle CMS development",
            "tags": [],
            "visibility": "public",
            "isNew": false
        },
        {
            "organization": "payalbnsl-github",
            "key": "payalbnsl_ShoppingApp",
            "name": "Product Catalog Demo",
            "tags": [],
            "visibility": "public",
            "isNew": false
        }
    ],
    "facets": [
        {
            "property": "languages",
            "values": [
                {
                    "val": "xml",
                    "count": 14842
                },
                {
                    "val": "web",
                    "count": 13243
                },
                {
                    "val": "java",
                    "count": 13146
                },
                {
                    "val": "css",
                    "count": 11599
                },
                {
                    "val": "js",
                    "count": 11508
                },
                {
                    "val": "cs",
                    "count": 6126
                },
                {
                    "val": "php",
                    "count": 2740
                },
                {
                    "val": "py",
                    "count": 2703
                },
                {
                    "val": "ts",
                    "count": 2054
                },
                {
                    "val": "c",
                    "count": 1733
                }
            ]
        },
        {
            "property": "ncloc",
            "values": [
                {
                    "val": "*-1000.0",
                    "count": 28145
                },
                {
                    "val": "1000.0-10000.0",
                    "count": 18881
                },
                {
                    "val": "10000.0-100000.0",
                    "count": 10810
                },
                {
                    "val": "100000.0-500000.0",
                    "count": 1998
                },
                {
                    "val": "500000.0-*",
                    "count": 378
                }
            ]
        }
    ]
}