{
    "paging": {
        "pageIndex": 436,
        "pageSize": 10,
        "total": 32073
    },
    "organizations": [
        {
            "key": "bme-mit-iet-org",
            "name": "BME-MIT-IET"
        },
        {
            "key": "visionitpe",
            "name": "visionitpe"
        },
        {
            "key": "ngirot",
            "name": "Nicolas Girot"
        },
        {
            "key": "s-sandra",
            "name": "Aleksandra Shtabnaya"
        },
        {
            "key": "rianquinn",
            "name": "Rian Quinn"
        },
        {
            "key": "reynosobryant",
            "name": "reynosobryant"
        },
        {
            "key": "tastybento-github",
            "name": "tastybento"
        },
        {
            "key": "bentobox-world",
            "name": "bentobox-world"
        },
        {
            "key": "1c-syntax",
            "name": "1c-syntax"
        }
    ],
    "components": [
        {
            "organization": "bme-mit-iet-org",
            "key": "BME-MIT-IET_Brutal-Puppies-iet-2020",
            "name": "Brutal-Puppies-iet-2020",
            "tags": [],
            "visibility": "public",
            "eligibilityStatus": "COMPLETED",
            "eligible": true,
            "isNew": false
        },
        {
            "organization": "ngirot",
            "key": "ngirot_BruteForce",
            "name": "BruteForce",
            "tags": [],
            "visibility": "public",
            "isNew": false
        },
        {
            "organization": "reynosobryant",
            "key": "PizzaBoxToken",
            "name": "Bryant_PizzaBox",
            "tags": [],
            "visibility": "public",
            "isNew": false
        },
        {
            "organization": "s-sandra",
            "key": "s-sandra_bs-bookshelf",
            "name": "bs-bookshelf",
            "tags": [],
            "visibility": "public",
            "eligibilityStatus": "COMPLETED",
            "eligible": true,
            "isNew": false
        },
        {
            "organization": "visionitpe",
            "key": "bsfappmobile",
            "name": "bsfappmobile",
            "tags": [],
            "visibility": "public",
            "isNew": false
        },
        {
            "organization": "bentobox-world",
            "key": "BentoBoxWorld_BSkyBlock",
            "name": "BSkyBlock",
            "tags": [
                "minecraft"
            ],
            "visibility": "public",
            "isNew": false
        },
        {
            "organization": "tastybento-github",
            "key": "world.bentobox:bskyblock",
            "name": "BSkyBlock",
            "tags": [],
            "visibility": "public",
            "isNew": false
        },
        {
            "organization": "tastybento-github",
            "key": "world.bentobox:bskyblock:develop",
            "name": "BSkyBlock develop",
            "tags": [],
            "visibility": "public",
            "isNew": false
        },
        {
            "organization": "rianquinn",
            "key": "BSL",
            "name": "BSL",
            "tags": [],
            "visibility": "public",
            "isNew": false
        },
        {
            "organization": "1c-syntax",
            "key": "1c-syntax_bsl-language-server",
            "name": "BSL Language Server",
            "tags": [],
            "visibility": "public",
            "isNew": false
        }
    ],
    "facets": [
        {
            "property": "languages",
            "values": [
                {
                    "val": "xml",
                    "count": 14845
                },
                {
                    "val": "web",
                    "count": 13245
                },
                {
                    "val": "java",
                    "count": 13148
                },
                {
                    "val": "css",
                    "count": 11600
                },
                {
                    "val": "js",
                    "count": 11511
                },
                {
                    "val": "cs",
                    "count": 6127
                },
                {
                    "val": "php",
                    "count": 2740
                },
                {
                    "val": "py",
                    "count": 2703
                },
                {
                    "val": "ts",
                    "count": 2054
                },
                {
                    "val": "c",
                    "count": 1733
                }
            ]
        },
        {
            "property": "ncloc",
            "values": [
                {
                    "val": "*-1000.0",
                    "count": 28145
                },
                {
                    "val": "1000.0-10000.0",
                    "count": 18885
                },
                {
                    "val": "10000.0-100000.0",
                    "count": 10812
                },
                {
                    "val": "100000.0-500000.0",
                    "count": 1998
                },
                {
                    "val": "500000.0-*",
                    "count": 378
                }
            ]
        }
    ]
}