{
    "paging": {
        "pageIndex": 810,
        "pageSize": 10,
        "total": 32063
    },
    "organizations": [
        {
            "key": "davidewan",
            "name": "David Ewan"
        },
        {
            "key": "godeltech",
            "name": "Godel Technologies"
        },
        {
            "key": "metrumresearchgroup",
            "name": "metrumresearchgroup"
        },
        {
            "key": "ruanmarins96-bitbucket",
            "name": "Ruan Marins"
        },
        {
            "key": "dogonfire",
            "name": "DogOnFire"
        },
        {
            "key": "orcustrated-marvin",
            "name": "Kevin Martinda Sodikin"
        },
        {
            "key": "vijayeluri-github",
            "name": "VijayEluri"
        },
        {
            "key": "godin-github",
            "name": "Evgeny Mandrikov"
        },
        {
            "key": "godoftetris",
            "name": "godoftetris"
        }
    ],
    "components": [
        {
            "organization": "vijayeluri-github",
            "key": "VijayEluri_thesis",
            "name": "GoClusterViz",
            "tags": [],
            "visibility": "public",
            "isNew": false
        },
        {
            "organization": "godoftetris",
            "key": "godoftetris_God_Tetris",
            "name": "God_Tetris",
            "tags": [],
            "visibility": "public",
            "isNew": false
        },
        {
            "organization": "godeltech",
            "key": "GodelTech.Microservices.SharedServices",
            "name": "GodelTech.Microservices.SharedServices",
            "tags": [],
            "visibility": "public",
            "isNew": false
        },
        {
            "organization": "godin-github",
            "key": "godin-test-dokan",
            "name": "godin-test-dokan",
            "tags": [],
            "visibility": "public",
            "isNew": false
        },
        {
            "organization": "ruanmarins96-bitbucket",
            "key": "ruanmarins96_godporn-phalcon",
            "name": "godporn-phalcon",
            "tags": [],
            "visibility": "public",
            "isNew": false
        },
        {
            "organization": "dogonfire",
            "key": "DogOnFire_Gods",
            "name": "Gods",
            "tags": [],
            "visibility": "public",
            "isNew": false
        },
        {
            "organization": "orcustrated-marvin",
            "key": "kevinmartinda_goenoeng-backend",
            "name": "goenoeng-backend",
            "tags": [],
            "visibility": "public",
            "isNew": false
        },
        {
            "organization": "orcustrated-marvin",
            "key": "kevinmartinda_goenoeng-frontend-new",
            "name": "goenoeng-frontend-new",
            "tags": [],
            "visibility": "public",
            "isNew": false
        },
        {
            "organization": "metrumresearchgroup",
            "key": "metrumresearchgroup_gogridengine",
            "name": "gogridengine",
            "tags": [],
            "visibility": "public",
            "isNew": false
        },
        {
            "organization": "davidewan",
            "key": "DavidEwan_gohockeyhero",
            "name": "gohockeyhero generated by jhipster",
            "tags": [],
            "visibility": "public",
            "isNew": false
        }
    ],
    "facets": [
        {
            "property": "languages",
            "values": [
                {
                    "val": "xml",
                    "count": 14840
                },
                {
                    "val": "web",
                    "count": 13241
                },
                {
                    "val": "java",
                    "count": 13146
                },
                {
                    "val": "css",
                    "count": 11596
                },
                {
                    "val": "js",
                    "count": 11504
                },
                {
                    "val": "cs",
                    "count": 6126
                },
                {
                    "val": "php",
                    "count": 2739
                },
                {
                    "val": "py",
                    "count": 2703
                },
                {
                    "val": "ts",
                    "count": 2053
                },
                {
                    "val": "c",
                    "count": 1733
                }
            ]
        },
        {
            "property": "ncloc",
            "values": [
                {
                    "val": "*-1000.0",
                    "count": 28143
                },
                {
                    "val": "1000.0-10000.0",
                    "count": 18880
                },
                {
                    "val": "10000.0-100000.0",
                    "count": 10809
                },
                {
                    "val": "100000.0-500000.0",
                    "count": 1996
                },
                {
                    "val": "500000.0-*",
                    "count": 378
                }
            ]
        }
    ]
}