{
    "paging": {
        "pageIndex": 42,
        "pageSize": 10,
        "total": 32066
    },
    "organizations": [
        {
            "key": "indigo-iam",
            "name": "INDIGO Identity and Access Management"
        },
        {
            "key": "hmcts",
            "name": "HMCTS"
        },
        {
            "key": "school-project-uqam",
            "name": "school-project-uqam"
        },
        {
            "key": "inseefr",
            "name": "InseeFr"
        },
        {
            "key": "deroffal-github",
            "name": "Alexandre"
        },
        {
            "key": "tron-zhaohong",
            "name": "tron-zhaohong"
        },
        {
            "key": "defra",
            "name": "DEFRA"
        },
        {
            "key": "skyyaga-github",
            "name": "skyYaga"
        },
        {
            "key": "onap",
            "name": "Open Network Automation Platform (ONAP)"
        }
    ],
    "components": [
        {
            "organization": "school-project-uqam",
            "key": "org.loremipsum:mgl7460-h20-bank",
            "name": "mgl7460-h20-bank",
            "tags": [],
            "visibility": "public",
            "isNew": false
        },
        {
            "organization": "hmcts",
            "key": "IATIMEDEVENTSERVICE",
            "name": "Reform :: ia-timed-event-service",
            "tags": [],
            "visibility": "public",
            "isNew": false
        },
        {
            "organization": "defra",
            "key": "DEFRA_waste-carriers-back-office",
            "name": "waste-carriers-back-office",
            "tags": [
                "ruby"
            ],
            "visibility": "public",
            "eligibilityStatus": "COMPLETED",
            "eligible": true,
            "isNew": false
        },
        {
            "organization": "deroffal-github",
            "key": "fr.deroffal:bibliotheque",
            "name": "bibliotheque",
            "tags": [],
            "visibility": "public",
            "isNew": false
        },
        {
            "organization": "inseefr",
            "key": "fr.insee:arc",
            "name": "ARC",
            "tags": [],
            "visibility": "public",
            "isNew": false
        },
        {
            "organization": "tron-zhaohong",
            "key": "java-tron",
            "name": "java-tron",
            "tags": [],
            "visibility": "public",
            "isNew": false
        },
        {
            "organization": "indigo-iam",
            "key": "indigo-iam_iam",
            "name": "INDIGO Identity and Access Manager (IAM)",
            "tags": [],
            "visibility": "public",
            "isNew": false
        },
        {
            "organization": "onap",
            "key": "onap_modeling-etsicatalog",
            "name": "modeling-etsicatalog",
            "tags": [],
            "visibility": "public",
            "isNew": false
        },
        {
            "organization": "onap",
            "key": "onap_policy-drools-pdp",
            "name": "policy-drools-pdp",
            "tags": [],
            "visibility": "public",
            "isNew": false
        },
        {
            "organization": "skyyaga-github",
            "key": "skyYaga_skdvin-webapp",
            "name": "skdvin-webapp",
            "tags": [],
            "visibility": "public",
            "eligibilityStatus": "COMPLETED",
            "eligible": true,
            "isNew": false
        }
    ],
    "facets": [
        {
            "property": "languages",
            "values": [
                {
                    "val": "xml",
                    "count": 14842
                },
                {
                    "val": "web",
                    "count": 13243
                },
                {
                    "val": "java",
                    "count": 13146
                },
                {
                    "val": "css",
                    "count": 11599
                },
                {
                    "val": "js",
                    "count": 11508
                },
                {
                    "val": "cs",
                    "count": 6126
                },
                {
                    "val": "php",
                    "count": 2740
                },
                {
                    "val": "py",
                    "count": 2703
                },
                {
                    "val": "ts",
                    "count": 2054
                },
                {
                    "val": "c",
                    "count": 1733
                }
            ]
        },
        {
            "property": "ncloc",
            "values": [
                {
                    "val": "*-1000.0",
                    "count": 28145
                },
                {
                    "val": "1000.0-10000.0",
                    "count": 18880
                },
                {
                    "val": "10000.0-100000.0",
                    "count": 10810
                },
                {
                    "val": "100000.0-500000.0",
                    "count": 1998
                },
                {
                    "val": "500000.0-*",
                    "count": 378
                }
            ]
        }
    ]
}