{
    "paging": {
        "pageIndex": 849,
        "pageSize": 10,
        "total": 32063
    },
    "organizations": [
        {
            "key": "java_1804",
            "name": "java"
        },
        {
            "key": "marium027-bitbucket",
            "name": "Marium Khalid"
        },
        {
            "key": "nextstep-org",
            "name": "nextstep-org"
        },
        {
            "key": "acguillermo",
            "name": "GuillermoAguilar"
        },
        {
            "key": "mortimer",
            "name": "mortimer"
        },
        {
            "key": "m3dito-space-game",
            "name": "m3dito-space-game"
        },
        {
            "key": "vijayeluri-github",
            "name": "VijayEluri"
        }
    ],
    "components": [
        {
            "organization": "vijayeluri-github",
            "key": "VijayEluri_m2e-code-quality",
            "name": "m2e-code-quality-plugins",
            "tags": [],
            "visibility": "public",
            "isNew": false
        },
        {
            "organization": "java_1804",
            "key": "m2e-core_180410",
            "name": "m2e-core",
            "tags": [],
            "visibility": "public",
            "isNew": false
        },
        {
            "organization": "m3dito-space-game",
            "key": "m3dito-space-game",
            "name": "m3dito-space-game",
            "tags": [],
            "visibility": "public",
            "isNew": true
        },
        {
            "organization": "marium027-bitbucket",
            "key": "m4debianstretche1.18",
            "name": "m4debianstretche1.18",
            "tags": [],
            "visibility": "public",
            "isNew": false
        },
        {
            "organization": "marium027-bitbucket",
            "key": "m4sources1.18",
            "name": "m4sources1.18",
            "tags": [],
            "visibility": "public",
            "isNew": false
        },
        {
            "organization": "marium027-bitbucket",
            "key": "m4ubuntuartful1.17",
            "name": "m4ubuntuartful1.17",
            "tags": [],
            "visibility": "public",
            "isNew": false
        },
        {
            "organization": "marium027-bitbucket",
            "key": "m4xenpatch",
            "name": "m4xenpatch",
            "tags": [],
            "visibility": "public",
            "isNew": false
        },
        {
            "organization": "mortimer",
            "key": "M5a2VefqqchlndMi",
            "name": "M5a2VefqqchlndMi",
            "tags": [],
            "visibility": "public",
            "isNew": false
        },
        {
            "organization": "acguillermo",
            "key": "ACGuillermo_M8-Servlets",
            "name": "M8-servlet",
            "tags": [],
            "visibility": "public",
            "eligibilityStatus": "COMPLETED",
            "eligible": false,
            "isNew": false
        },
        {
            "organization": "nextstep-org",
            "key": "maaf_service",
            "name": "MAAF Service",
            "tags": [],
            "visibility": "public",
            "isNew": false
        }
    ],
    "facets": [
        {
            "property": "languages",
            "values": [
                {
                    "val": "xml",
                    "count": 14840
                },
                {
                    "val": "web",
                    "count": 13241
                },
                {
                    "val": "java",
                    "count": 13146
                },
                {
                    "val": "css",
                    "count": 11596
                },
                {
                    "val": "js",
                    "count": 11504
                },
                {
                    "val": "cs",
                    "count": 6126
                },
                {
                    "val": "php",
                    "count": 2739
                },
                {
                    "val": "py",
                    "count": 2703
                },
                {
                    "val": "ts",
                    "count": 2053
                },
                {
                    "val": "c",
                    "count": 1733
                }
            ]
        },
        {
            "property": "ncloc",
            "values": [
                {
                    "val": "*-1000.0",
                    "count": 28143
                },
                {
                    "val": "1000.0-10000.0",
                    "count": 18879
                },
                {
                    "val": "10000.0-100000.0",
                    "count": 10810
                },
                {
                    "val": "100000.0-500000.0",
                    "count": 1996
                },
                {
                    "val": "500000.0-*",
                    "count": 378
                }
            ]
        }
    ]
}