{
    "paging": {
        "pageIndex": 976,
        "pageSize": 10,
        "total": 32064
    },
    "organizations": [
        {
            "key": "zikram013",
            "name": "zikram013"
        },
        {
            "key": "hmcts",
            "name": "HMCTS"
        },
        {
            "key": "mmarlonms",
            "name": "Marlon Miranda da Silva"
        },
        {
            "key": "fazzani-github",
            "name": "Fazzani"
        },
        {
            "key": "mickknutson-github",
            "name": "Mick Knutson"
        },
        {
            "key": "njit-team",
            "name": "njit-team"
        },
        {
            "key": "nguyen-darianhuy-github",
            "name": "Darian Nguyen"
        },
        {
            "key": "kaikrk",
            "name": "KaiKrk"
        },
        {
            "key": "3d-e-chem",
            "name": "3D-e-Chem"
        },
        {
            "key": "vijayeluri-github",
            "name": "VijayEluri"
        }
    ],
    "components": [
        {
            "organization": "kaikrk",
            "key": "P9OC",
            "name": "MyERP",
            "tags": [],
            "visibility": "public",
            "isNew": false
        },
        {
            "organization": "vijayeluri-github",
            "key": "VijayEluri_sloccount-plugin",
            "name": "Jenkins SLOCCount Plug-in",
            "tags": [],
            "visibility": "public",
            "isNew": false
        },
        {
            "organization": "mickknutson-github",
            "key": "mickknutson_microservices_netflix_oss_course",
            "name": "microservices_netflix_oss_parent",
            "tags": [],
            "visibility": "public",
            "isNew": false
        },
        {
            "organization": "3d-e-chem",
            "key": "nl.esciencecenter.e3dchem.kripodb:nl.esciencecenter.e3dchem.kripodb",
            "name": "nl.esciencecenter.e3dchem.kripodb",
            "tags": [],
            "visibility": "public",
            "isNew": false
        },
        {
            "organization": "fazzani-github",
            "key": "Fazzani_Synker",
            "name": "SynkerAPI",
            "tags": [],
            "visibility": "public",
            "isNew": false
        },
        {
            "organization": "zikram013",
            "key": "zikram013_grupo8-CalidadCs",
            "name": "Tetris",
            "tags": [],
            "visibility": "public",
            "eligibilityStatus": "COMPLETED",
            "eligible": false,
            "isNew": false
        },
        {
            "organization": "mmarlonms",
            "key": "monte-olimpo-base-core",
            "name": "monte-olimpo-bas-core",
            "tags": [],
            "visibility": "public",
            "isNew": false
        },
        {
            "organization": "njit-team",
            "key": "njit-team_electronichealthrecords",
            "name": "electronichealthrecords",
            "tags": [],
            "visibility": "public",
            "isNew": false
        },
        {
            "organization": "nguyen-darianhuy-github",
            "key": "polyride",
            "name": "polyride",
            "tags": [],
            "visibility": "public",
            "isNew": false
        },
        {
            "organization": "hmcts",
            "key": "RDUSERPROFILEAPI",
            "name": "RD :: User Profile API",
            "tags": [],
            "visibility": "public",
            "isNew": false
        }
    ],
    "facets": [
        {
            "property": "languages",
            "values": [
                {
                    "val": "xml",
                    "count": 14841
                },
                {
                    "val": "web",
                    "count": 13242
                },
                {
                    "val": "java",
                    "count": 13146
                },
                {
                    "val": "css",
                    "count": 11597
                },
                {
                    "val": "js",
                    "count": 11505
                },
                {
                    "val": "cs",
                    "count": 6126
                },
                {
                    "val": "php",
                    "count": 2740
                },
                {
                    "val": "py",
                    "count": 2703
                },
                {
                    "val": "ts",
                    "count": 2053
                },
                {
                    "val": "c",
                    "count": 1733
                }
            ]
        },
        {
            "property": "ncloc",
            "values": [
                {
                    "val": "*-1000.0",
                    "count": 28143
                },
                {
                    "val": "1000.0-10000.0",
                    "count": 18879
                },
                {
                    "val": "10000.0-100000.0",
                    "count": 10810
                },
                {
                    "val": "100000.0-500000.0",
                    "count": 1997
                },
                {
                    "val": "500000.0-*",
                    "count": 378
                }
            ]
        }
    ]
}