{
    "paging": {
        "pageIndex": 201,
        "pageSize": 10,
        "total": 32064
    },
    "organizations": [
        {
            "key": "caromin-github",
            "name": "Christian A."
        },
        {
            "key": "testnna",
            "name": "testnna"
        },
        {
            "key": "natejson-github",
            "name": "Nate Johnson"
        },
        {
            "key": "devopsdemoms",
            "name": "DevOpsDemoMS"
        },
        {
            "key": "jamesgoldsmith8",
            "name": "jamesgoldsmith8"
        },
        {
            "key": "devops-drengene",
            "name": "DevOps-Drengene"
        },
        {
            "key": "blind-guy",
            "name": "blind-guy"
        },
        {
            "key": "harisekhon",
            "name": "Hari Sekhon"
        },
        {
            "key": "mrumeshkumar-github",
            "name": "Umesh Kumar"
        }
    ],
    "components": [
        {
            "organization": "devopsdemoms",
            "key": "devopsdemoms",
            "name": "DevOps Demo MS",
            "tags": [],
            "visibility": "public",
            "isNew": false
        },
        {
            "organization": "blind-guy",
            "key": "blind-guy.devops.sonarcloud.test",
            "name": "DevOps SonarCloud Test",
            "tags": [],
            "visibility": "public",
            "isNew": false
        },
        {
            "organization": "testnna",
            "key": "DevOps-Admin",
            "name": "DevOps-Admin",
            "tags": [],
            "visibility": "public",
            "isNew": false
        },
        {
            "organization": "mrumeshkumar-github",
            "key": "Devops-Demo-AbInbev",
            "name": "Devops-Demo-AbInbev",
            "tags": [],
            "visibility": "public",
            "isNew": false
        },
        {
            "organization": "jamesgoldsmith8",
            "key": "devops-james",
            "name": "devops-james",
            "tags": [],
            "visibility": "public",
            "isNew": false
        },
        {
            "organization": "devops-drengene",
            "key": "DevOps-Drengene_DevOps-Project",
            "name": "DevOps-Project",
            "tags": [],
            "visibility": "public",
            "eligibilityStatus": "COMPLETED",
            "eligible": true,
            "isNew": false
        },
        {
            "organization": "harisekhon",
            "key": "HariSekhon_DevOps-Python-tools",
            "name": "DevOps-Python-tools",
            "tags": [],
            "visibility": "public",
            "eligibilityStatus": "COMPLETED",
            "eligible": false,
            "isNew": false
        },
        {
            "organization": "testnna",
            "key": "DevOps-TN",
            "name": "DevOps-TN",
            "tags": [],
            "visibility": "public",
            "isNew": false
        },
        {
            "organization": "caromin-github",
            "key": "Caromin_devops-today",
            "name": "devops-today",
            "tags": [],
            "visibility": "public",
            "isNew": false
        },
        {
            "organization": "natejson-github",
            "key": "DevOps-Today-2019-njson",
            "name": "DevOps-Today",
            "tags": [],
            "visibility": "public",
            "isNew": false
        }
    ],
    "facets": [
        {
            "property": "languages",
            "values": [
                {
                    "val": "xml",
                    "count": 14842
                },
                {
                    "val": "web",
                    "count": 13242
                },
                {
                    "val": "java",
                    "count": 13146
                },
                {
                    "val": "css",
                    "count": 11597
                },
                {
                    "val": "js",
                    "count": 11505
                },
                {
                    "val": "cs",
                    "count": 6126
                },
                {
                    "val": "php",
                    "count": 2740
                },
                {
                    "val": "py",
                    "count": 2703
                },
                {
                    "val": "ts",
                    "count": 2053
                },
                {
                    "val": "c",
                    "count": 1733
                }
            ]
        },
        {
            "property": "ncloc",
            "values": [
                {
                    "val": "*-1000.0",
                    "count": 28144
                },
                {
                    "val": "1000.0-10000.0",
                    "count": 18878
                },
                {
                    "val": "10000.0-100000.0",
                    "count": 10811
                },
                {
                    "val": "100000.0-500000.0",
                    "count": 1997
                },
                {
                    "val": "500000.0-*",
                    "count": 378
                }
            ]
        }
    ]
}