{
    "paging": {
        "pageIndex": 651,
        "pageSize": 10,
        "total": 32063
    },
    "organizations": [
        {
            "key": "carlosvega2018-bitbucket",
            "name": "Carlos Vega"
        },
        {
            "key": "roysanchez-github",
            "name": "Roy Sanchez"
        },
        {
            "key": "pear",
            "name": "PEAR - PHP Extension and Application Repository"
        },
        {
            "key": "amplify-education",
            "name": "Amplify"
        },
        {
            "key": "crgolden",
            "name": "Chris Golden"
        },
        {
            "key": "bandlandia-gitlab",
            "name": "Bandlandia"
        },
        {
            "key": "usuariospedidos1",
            "name": "interfaceusuariospedidos"
        },
        {
            "key": "serviciosccuq",
            "name": "S.C.C. Uniquindio"
        },
        {
            "key": "xjreb-github",
            "name": "JREB"
        },
        {
            "key": "zhangchunwang-github",
            "name": "Zhang Chunwang"
        }
    ],
    "components": [
        {
            "organization": "amplify-education",
            "key": "amplify-education_serverless-domain-manager",
            "name": "serverless-domain-manager",
            "tags": [],
            "visibility": "public",
            "isNew": false
        },
        {
            "organization": "roysanchez-github",
            "key": "roysanchez_ServForOracle.NetCore",
            "name": "ServForOracle.NetCore",
            "tags": [],
            "visibility": "public",
            "isNew": false
        },
        {
            "organization": "xjreb-github",
            "key": "ms-scenario-evaluation-api",
            "name": "Service-Based Evolvability Analysis: API",
            "tags": [],
            "visibility": "public",
            "isNew": false
        },
        {
            "organization": "bandlandia-gitlab",
            "key": "band.bandlandia:services",
            "name": "services",
            "tags": [],
            "visibility": "public",
            "isNew": false
        },
        {
            "organization": "carlosvega2018-bitbucket",
            "key": "carlosvega2018_english-dictionary",
            "name": "services",
            "tags": [],
            "visibility": "public",
            "isNew": false
        },
        {
            "organization": "crgolden",
            "key": "crgolden_Services",
            "name": "Services",
            "tags": [],
            "visibility": "public",
            "isNew": false
        },
        {
            "organization": "zhangchunwang-github",
            "key": "sg.ncl:services-in-one",
            "name": "services-in-one",
            "tags": [],
            "visibility": "public",
            "isNew": false
        },
        {
            "organization": "pear",
            "key": "pear_Services_Openstreetmap",
            "name": "Services_Openstreetmap",
            "tags": [],
            "visibility": "public",
            "eligibilityStatus": "COMPLETED",
            "eligible": true,
            "isNew": false
        },
        {
            "organization": "serviciosccuq",
            "key": "ServiciosCCUQ_uniquindio_siclimatico",
            "name": "serviciosccuq",
            "tags": [],
            "visibility": "public",
            "isNew": false
        },
        {
            "organization": "usuariospedidos1",
            "key": "servicocontrolepedido",
            "name": "servicocontrolepedido",
            "tags": [],
            "visibility": "public",
            "isNew": false
        }
    ],
    "facets": [
        {
            "property": "languages",
            "values": [
                {
                    "val": "xml",
                    "count": 14841
                },
                {
                    "val": "web",
                    "count": 13242
                },
                {
                    "val": "java",
                    "count": 13146
                },
                {
                    "val": "css",
                    "count": 11597
                },
                {
                    "val": "js",
                    "count": 11505
                },
                {
                    "val": "cs",
                    "count": 6126
                },
                {
                    "val": "php",
                    "count": 2739
                },
                {
                    "val": "py",
                    "count": 2703
                },
                {
                    "val": "ts",
                    "count": 2053
                },
                {
                    "val": "c",
                    "count": 1733
                }
            ]
        },
        {
            "property": "ncloc",
            "values": [
                {
                    "val": "*-1000.0",
                    "count": 28145
                },
                {
                    "val": "1000.0-10000.0",
                    "count": 18878
                },
                {
                    "val": "10000.0-100000.0",
                    "count": 10810
                },
                {
                    "val": "100000.0-500000.0",
                    "count": 1997
                },
                {
                    "val": "500000.0-*",
                    "count": 378
                }
            ]
        }
    ]
}