{
    "paging": {
        "pageIndex": 705,
        "pageSize": 10,
        "total": 32063
    },
    "organizations": [
        {
            "key": "mottapd-github",
            "name": "Bruno Guimar\u00e3es Motta Vellego"
        },
        {
            "key": "abhiknoldur-github",
            "name": "Abhiknoldur"
        },
        {
            "key": "sandra-walters-github",
            "name": "Sandra Walters"
        },
        {
            "key": "mcgill-ecse429-fall2018",
            "name": "mcgill-ecse429-fall2018"
        },
        {
            "key": "bisegni-github",
            "name": "Claudio Bisegni"
        },
        {
            "key": "joshuaji-github",
            "name": "Xu Ji (Joshua)"
        },
        {
            "key": "nashif-github",
            "name": "Anas Nashif"
        },
        {
            "key": "marklogic-community",
            "name": "MarkLogic Community"
        },
        {
            "key": "breinerhdez-github",
            "name": "breinerhdez"
        }
    ],
    "components": [
        {
            "organization": "mcgill-ecse429-fall2018",
            "key": "team-04-blokish",
            "name": "team-04-blokish",
            "tags": [],
            "visibility": "public",
            "isNew": false
        },
        {
            "organization": "marklogic-community",
            "key": "corb2",
            "name": "marklogic-corb",
            "tags": [],
            "visibility": "public",
            "isNew": false
        },
        {
            "organization": "nashif-github",
            "key": "nashif_zephyr",
            "name": "zephyr",
            "tags": [],
            "visibility": "public",
            "isNew": false
        },
        {
            "organization": "breinerhdez-github",
            "key": "patternProject",
            "name": "Proyecto Final - Patrones de Dise\u00f1o",
            "tags": [],
            "visibility": "public",
            "isNew": false
        },
        {
            "organization": "joshuaji-github",
            "key": "team-23-blokish",
            "name": "team-23-blokish",
            "tags": [],
            "visibility": "public",
            "isNew": false
        },
        {
            "organization": "abhiknoldur-github",
            "key": "test10",
            "name": "test",
            "tags": [],
            "visibility": "public",
            "isNew": false
        },
        {
            "organization": "sandra-walters-github",
            "key": "sandra-walters_electron-quick-start",
            "name": "electron-quick-start",
            "tags": [],
            "visibility": "public",
            "isNew": false
        },
        {
            "organization": "bisegni-github",
            "key": "chaosframework",
            "name": "chaosframework",
            "tags": [
                "c++",
                "control-system"
            ],
            "visibility": "public",
            "isNew": false
        },
        {
            "organization": "joshuaji-github",
            "key": "blokish23",
            "name": "Blockish",
            "tags": [],
            "visibility": "public",
            "isNew": false
        },
        {
            "organization": "mottapd-github",
            "key": "mottapd_fj22-ingressos",
            "name": "ingresso",
            "tags": [],
            "visibility": "public",
            "isNew": false
        }
    ],
    "facets": [
        {
            "property": "languages",
            "values": [
                {
                    "val": "xml",
                    "count": 14840
                },
                {
                    "val": "web",
                    "count": 13241
                },
                {
                    "val": "java",
                    "count": 13146
                },
                {
                    "val": "css",
                    "count": 11596
                },
                {
                    "val": "js",
                    "count": 11504
                },
                {
                    "val": "cs",
                    "count": 6126
                },
                {
                    "val": "php",
                    "count": 2739
                },
                {
                    "val": "py",
                    "count": 2703
                },
                {
                    "val": "ts",
                    "count": 2053
                },
                {
                    "val": "c",
                    "count": 1733
                }
            ]
        },
        {
            "property": "ncloc",
            "values": [
                {
                    "val": "*-1000.0",
                    "count": 28140
                },
                {
                    "val": "1000.0-10000.0",
                    "count": 18880
                },
                {
                    "val": "10000.0-100000.0",
                    "count": 10809
                },
                {
                    "val": "100000.0-500000.0",
                    "count": 1996
                },
                {
                    "val": "500000.0-*",
                    "count": 378
                }
            ]
        }
    ]
}