{
    "paging": {
        "pageIndex": 202,
        "pageSize": 10,
        "total": 32063
    },
    "organizations": [
        {
            "key": "xdean-github",
            "name": "Dean Xu"
        },
        {
            "key": "whisky2k2",
            "name": "whisky2k2"
        },
        {
            "key": "kcelestine-github",
            "name": "Khadijah"
        },
        {
            "key": "marci4-github",
            "name": "Marcel Prestel"
        },
        {
            "key": "sambranaivan-github",
            "name": "ivan sambrana"
        },
        {
            "key": "olivermliu-github",
            "name": "Oliver"
        },
        {
            "key": "bpetridis-github",
            "name": "Bill P"
        },
        {
            "key": "hotiadiallo1",
            "name": "Ibrahima DIALLO"
        },
        {
            "key": "tron-zhaohong",
            "name": "tron-zhaohong"
        },
        {
            "key": "serhiikartashov",
            "name": "Serhii Kartashov"
        }
    ],
    "components": [
        {
            "organization": "xdean-github",
            "key": "com.github.XDean:Java-EX",
            "name": "Java-EX",
            "tags": [],
            "visibility": "public",
            "isNew": false
        },
        {
            "organization": "kcelestine-github",
            "key": "back-endd",
            "name": "java-maven-junit-helloworld",
            "tags": [],
            "visibility": "public",
            "isNew": false
        },
        {
            "organization": "olivermliu-github",
            "key": "olivermliu_java-mqtt-kafka-bridge",
            "name": "java-mqtt-kafka-bridge",
            "tags": [],
            "visibility": "public",
            "isNew": false
        },
        {
            "organization": "serhiikartashov",
            "key": "org.itcluster:java-project-template",
            "name": "java-project-template",
            "tags": [],
            "visibility": "public",
            "isNew": false
        },
        {
            "organization": "hotiadiallo1",
            "key": "hotiaDiallo_Java-Tests-Dev",
            "name": "Java-Tests-Dev",
            "tags": [],
            "visibility": "public",
            "eligibilityStatus": "COMPLETED",
            "eligible": false,
            "isNew": false
        },
        {
            "organization": "bpetridis-github",
            "key": "BillPTron",
            "name": "java-tron",
            "tags": [
                "wow",
                "alibaba",
                "profit",
                "partnership",
                "success"
            ],
            "visibility": "public",
            "isNew": false
        },
        {
            "organization": "tron-zhaohong",
            "key": "java-tron",
            "name": "java-tron",
            "tags": [],
            "visibility": "public",
            "isNew": false
        },
        {
            "organization": "marci4-github",
            "key": "org.java-websocket:Java-WebSocket",
            "name": "Java-WebSocket",
            "tags": [],
            "visibility": "public",
            "isNew": false
        },
        {
            "organization": "sambranaivan-github",
            "key": "com.linsse.unne:monitorrele",
            "name": "JAVA: Monitor-Probador-Rele",
            "tags": [],
            "visibility": "public",
            "isNew": false
        },
        {
            "organization": "whisky2k2",
            "key": "whisky2k2_java_test_klein",
            "name": "java_test_klein",
            "tags": [],
            "visibility": "public",
            "eligibilityStatus": "COMPLETED",
            "eligible": false,
            "isNew": false
        }
    ],
    "facets": [
        {
            "property": "languages",
            "values": [
                {
                    "val": "xml",
                    "count": 14841
                },
                {
                    "val": "web",
                    "count": 13242
                },
                {
                    "val": "java",
                    "count": 13146
                },
                {
                    "val": "css",
                    "count": 11597
                },
                {
                    "val": "js",
                    "count": 11505
                },
                {
                    "val": "cs",
                    "count": 6126
                },
                {
                    "val": "php",
                    "count": 2739
                },
                {
                    "val": "py",
                    "count": 2703
                },
                {
                    "val": "ts",
                    "count": 2053
                },
                {
                    "val": "c",
                    "count": 1733
                }
            ]
        },
        {
            "property": "ncloc",
            "values": [
                {
                    "val": "*-1000.0",
                    "count": 28144
                },
                {
                    "val": "1000.0-10000.0",
                    "count": 18878
                },
                {
                    "val": "10000.0-100000.0",
                    "count": 10810
                },
                {
                    "val": "100000.0-500000.0",
                    "count": 1997
                },
                {
                    "val": "500000.0-*",
                    "count": 378
                }
            ]
        }
    ]
}