{
    "paging": {
        "pageIndex": 31,
        "pageSize": 10,
        "total": 32068
    },
    "organizations": [
        {
            "key": "lencse-github",
            "name": "Levente L\u00f6ki"
        },
        {
            "key": "luisg-pedidos-ya",
            "name": "luisg-pedidos-ya"
        },
        {
            "key": "github-mattbertolini",
            "name": "Matt Bertolini"
        },
        {
            "key": "bwhiting2356",
            "name": "bwhiting2356"
        },
        {
            "key": "andryfailli-github",
            "name": "Andrea Failli"
        },
        {
            "key": "antkorwin-github",
            "name": "Anatoliy Korovin"
        },
        {
            "key": "saptarshidebnath-github",
            "name": "Saptarshi Debnath"
        },
        {
            "key": "marcelobojikian",
            "name": "marcelobojikian"
        },
        {
            "key": "aws-ec2rescue-linux",
            "name": "aws-ec2rescue-linux"
        },
        {
            "key": "lucacappelletti94-github",
            "name": "Luca Cappelletti"
        }
    ],
    "components": [
        {
            "organization": "aws-ec2rescue-linux",
            "key": "aws-ec2rescue-linux:develop",
            "name": "AWS EC2 Rescue for Linux develop",
            "tags": [],
            "visibility": "public",
            "isNew": false
        },
        {
            "organization": "marcelobojikian",
            "key": "marcelobojikian_Cash-House-Backend-Java",
            "name": "backend",
            "tags": [],
            "visibility": "public",
            "eligibilityStatus": "COMPLETED",
            "eligible": false,
            "isNew": false
        },
        {
            "organization": "bwhiting2356",
            "key": "bike.fiits:bikeshare",
            "name": "bikeshare",
            "tags": [],
            "visibility": "public",
            "isNew": false
        },
        {
            "organization": "luisg-pedidos-ya",
            "key": "Pedidos.Ya:Campaign-API",
            "name": "Campaign-API",
            "tags": [],
            "visibility": "public",
            "isNew": false
        },
        {
            "organization": "lucacappelletti94-github",
            "key": "LucaCappelletti94_italian_csv_type_prediction",
            "name": "italian_csv_type_prediction",
            "tags": [],
            "visibility": "public",
            "eligibilityStatus": "COMPLETED",
            "eligible": false,
            "isNew": false
        },
        {
            "organization": "saptarshidebnath-github",
            "key": "com.saptarshidebnath.utilities:ProcessRunner",
            "name": "ProcessRunner",
            "tags": [
                "java8",
                "java"
            ],
            "visibility": "public",
            "isNew": false
        },
        {
            "organization": "lencse-github",
            "key": "rectum",
            "name": "rectum",
            "tags": [],
            "visibility": "public",
            "isNew": false
        },
        {
            "organization": "andryfailli-github",
            "key": "it.andreafailli.remindme:remindme-backend:feature/notifier-firebase",
            "name": "remindme-backend feature/notifier-firebase",
            "tags": [],
            "visibility": "public",
            "isNew": false
        },
        {
            "organization": "github-mattbertolini",
            "key": "mattbertolini_spring-annotated-web-data-binder",
            "name": "spring-annotated-web-data-binder",
            "tags": [],
            "visibility": "public",
            "eligibilityStatus": "COMPLETED",
            "eligible": false,
            "isNew": false
        },
        {
            "organization": "antkorwin-github",
            "key": "com.antkorwin:spring-test-mongo",
            "name": "spring-test-mongo",
            "tags": [],
            "visibility": "public",
            "isNew": false
        }
    ],
    "facets": [
        {
            "property": "languages",
            "values": [
                {
                    "val": "xml",
                    "count": 14842
                },
                {
                    "val": "web",
                    "count": 13244
                },
                {
                    "val": "java",
                    "count": 13146
                },
                {
                    "val": "css",
                    "count": 11600
                },
                {
                    "val": "js",
                    "count": 11509
                },
                {
                    "val": "cs",
                    "count": 6127
                },
                {
                    "val": "php",
                    "count": 2740
                },
                {
                    "val": "py",
                    "count": 2703
                },
                {
                    "val": "ts",
                    "count": 2054
                },
                {
                    "val": "c",
                    "count": 1733
                }
            ]
        },
        {
            "property": "ncloc",
            "values": [
                {
                    "val": "*-1000.0",
                    "count": 28145
                },
                {
                    "val": "1000.0-10000.0",
                    "count": 18881
                },
                {
                    "val": "10000.0-100000.0",
                    "count": 10811
                },
                {
                    "val": "100000.0-500000.0",
                    "count": 1998
                },
                {
                    "val": "500000.0-*",
                    "count": 378
                }
            ]
        }
    ]
}