{
    "paging": {
        "pageIndex": 439,
        "pageSize": 10,
        "total": 32066
    },
    "organizations": [
        {
            "key": "albertoirurueta-github",
            "name": "Alberto Irurueta Carro"
        },
        {
            "key": "improbable-keanu",
            "name": "improbable-keanu"
        },
        {
            "key": "research-virtualfortknox",
            "name": "Virtual Fort Knox Research"
        },
        {
            "key": "jasonyangshadow-github",
            "name": "Yang Xu"
        },
        {
            "key": "tom-vanbraband-sonarsource",
            "name": "Tom"
        },
        {
            "key": "nannany00-github",
            "name": "nannany00"
        },
        {
            "key": "hmcts",
            "name": "HMCTS"
        },
        {
            "key": "sayedejaz",
            "name": "SayedEjaz"
        },
        {
            "key": "wz2cool-github",
            "name": "wz2cool"
        },
        {
            "key": "space-game-web-3333333333333",
            "name": "space-game-web-3333333333333"
        }
    ],
    "components": [
        {
            "organization": "improbable-keanu",
            "key": "keanu:keanu-project",
            "name": "Keanu",
            "tags": [
                "java"
            ],
            "visibility": "public",
            "isNew": false
        },
        {
            "organization": "albertoirurueta-github",
            "key": "albertoirurueta_irurueta-algebra",
            "name": "irurueta-algebra",
            "tags": [],
            "visibility": "public",
            "isNew": false
        },
        {
            "organization": "tom-vanbraband-sonarsource",
            "key": "tom-vanbraband-sonarsource_kylin",
            "name": "kylin",
            "tags": [],
            "visibility": "public",
            "eligibilityStatus": "COMPLETED",
            "eligible": false,
            "isNew": false
        },
        {
            "organization": "wz2cool-github",
            "key": "com.github.wz2cool:mybatis-dynamic-query",
            "name": "mybatis-dynamic-query",
            "tags": [],
            "visibility": "public",
            "isNew": false
        },
        {
            "organization": "space-game-web-3333333333333",
            "key": "DonRuijgrok_mslearn-tailspin-spacegame-web",
            "name": "mslearn-tailspin-spacegame-web",
            "tags": [],
            "visibility": "public",
            "eligibilityStatus": "COMPLETED",
            "eligible": false,
            "isNew": false
        },
        {
            "organization": "nannany00-github",
            "key": "nannany00-github-singleton-service-master",
            "name": "nannany00-github-singleton-service-master",
            "tags": [],
            "visibility": "public",
            "isNew": false
        },
        {
            "organization": "hmcts",
            "key": "uk.gov.hmcts.reform.idam:idam-web-public",
            "name": "SIDAM-WEB-PUBLIC",
            "tags": [],
            "visibility": "public",
            "isNew": false
        },
        {
            "organization": "jasonyangshadow-github",
            "key": "JasonYangShadow_lpmx",
            "name": "LPMX",
            "tags": [],
            "visibility": "public",
            "isNew": false
        },
        {
            "organization": "research-virtualfortknox",
            "key": "research-virtualfortknox_msb-client-websocket-python",
            "name": "msb-client-websocket-python",
            "tags": [],
            "visibility": "public",
            "eligibilityStatus": "COMPLETED",
            "eligible": true,
            "isNew": false
        },
        {
            "organization": "sayedejaz",
            "key": "SayedEjaz_mslearn-tailspin-spacegame-web",
            "name": "mslearn-tailspin-spacegame-web",
            "tags": [],
            "visibility": "public",
            "eligibilityStatus": "COMPLETED",
            "eligible": true,
            "isNew": false
        }
    ],
    "facets": [
        {
            "property": "languages",
            "values": [
                {
                    "val": "xml",
                    "count": 14842
                },
                {
                    "val": "web",
                    "count": 13243
                },
                {
                    "val": "java",
                    "count": 13146
                },
                {
                    "val": "css",
                    "count": 11599
                },
                {
                    "val": "js",
                    "count": 11508
                },
                {
                    "val": "cs",
                    "count": 6126
                },
                {
                    "val": "php",
                    "count": 2740
                },
                {
                    "val": "py",
                    "count": 2703
                },
                {
                    "val": "ts",
                    "count": 2054
                },
                {
                    "val": "c",
                    "count": 1733
                }
            ]
        },
        {
            "property": "ncloc",
            "values": [
                {
                    "val": "*-1000.0",
                    "count": 28145
                },
                {
                    "val": "1000.0-10000.0",
                    "count": 18880
                },
                {
                    "val": "10000.0-100000.0",
                    "count": 10810
                },
                {
                    "val": "100000.0-500000.0",
                    "count": 1998
                },
                {
                    "val": "500000.0-*",
                    "count": 378
                }
            ]
        }
    ]
}