{
    "paging": {
        "pageIndex": 874,
        "pageSize": 10,
        "total": 32064
    },
    "organizations": [
        {
            "key": "zowe",
            "name": "Zowe"
        },
        {
            "key": "niekvangogh",
            "name": "Niek van Gogh"
        },
        {
            "key": "datanucleus",
            "name": "DataNucleus"
        },
        {
            "key": "mminds",
            "name": "mminds"
        },
        {
            "key": "freightforge",
            "name": "FreightForge"
        },
        {
            "key": "sk-landry",
            "name": "Nero Game Engine"
        },
        {
            "key": "artificerpi-github",
            "name": "artificerpi"
        },
        {
            "key": "leonardoscommegna",
            "name": "leonardoscommegna"
        },
        {
            "key": "joao360-github",
            "name": "Projeto Semin\u00e1rio"
        },
        {
            "key": "sbtlab",
            "name": "Vinicius de Almeida Carvalho"
        }
    ],
    "components": [
        {
            "organization": "joao360-github",
            "key": "com.github.jayield:rapper",
            "name": "rapper",
            "tags": [],
            "visibility": "public",
            "isNew": false
        },
        {
            "organization": "artificerpi-github",
            "key": "artificerpi_spring-petclinic-mybatis",
            "name": "spring-petclinic-mybatis",
            "tags": [],
            "visibility": "public",
            "isNew": false
        },
        {
            "organization": "sbtlab",
            "key": "caravanas-pwa",
            "name": "caravanas-pwa",
            "tags": [],
            "visibility": "public",
            "isNew": false
        },
        {
            "organization": "datanucleus",
            "key": "org.datanucleus:datanucleus-cache",
            "name": "DataNucleus Cache plugin",
            "tags": [],
            "visibility": "public",
            "isNew": false
        },
        {
            "organization": "sk-landry",
            "key": "sk-landry_jguwekarest",
            "name": "jguwekarest",
            "tags": [],
            "visibility": "public",
            "isNew": false
        },
        {
            "organization": "mminds",
            "key": "json_converter",
            "name": "JSONAPI Converter",
            "tags": [],
            "visibility": "public",
            "isNew": false
        },
        {
            "organization": "zowe",
            "key": "zowe_data-sets",
            "name": "Zowe Explorer Data Sets APIs",
            "tags": [],
            "visibility": "public",
            "eligibilityStatus": "COMPLETED",
            "eligible": false,
            "isNew": false
        },
        {
            "organization": "freightforge",
            "key": "com.freightforge:onboarding-mail-integration",
            "name": "onboarding-mail-integration",
            "tags": [],
            "visibility": "public",
            "isNew": false
        },
        {
            "organization": "leonardoscommegna",
            "key": "LeonardoScommegna_schoolmanager",
            "name": "schoolmanager-aggregator",
            "tags": [],
            "visibility": "public",
            "isNew": false
        },
        {
            "organization": "niekvangogh",
            "key": "niekvangogh_sudokump-backend",
            "name": "sudoku",
            "tags": [],
            "visibility": "public",
            "isNew": false
        }
    ],
    "facets": [
        {
            "property": "languages",
            "values": [
                {
                    "val": "xml",
                    "count": 14842
                },
                {
                    "val": "web",
                    "count": 13243
                },
                {
                    "val": "java",
                    "count": 13146
                },
                {
                    "val": "css",
                    "count": 11598
                },
                {
                    "val": "js",
                    "count": 11506
                },
                {
                    "val": "cs",
                    "count": 6126
                },
                {
                    "val": "php",
                    "count": 2740
                },
                {
                    "val": "py",
                    "count": 2703
                },
                {
                    "val": "ts",
                    "count": 2053
                },
                {
                    "val": "c",
                    "count": 1733
                }
            ]
        },
        {
            "property": "ncloc",
            "values": [
                {
                    "val": "*-1000.0",
                    "count": 28144
                },
                {
                    "val": "1000.0-10000.0",
                    "count": 18878
                },
                {
                    "val": "10000.0-100000.0",
                    "count": 10810
                },
                {
                    "val": "100000.0-500000.0",
                    "count": 1998
                },
                {
                    "val": "500000.0-*",
                    "count": 378
                }
            ]
        }
    ]
}