{
    "paging": {
        "pageIndex": 139,
        "pageSize": 10,
        "total": 32063
    },
    "organizations": [
        {
            "key": "rhanton-github",
            "name": "Rick Hanton"
        },
        {
            "key": "twerl-github",
            "name": "Twerl"
        },
        {
            "key": "openalto-github",
            "name": "ALTO Open Source Community"
        },
        {
            "key": "aliartos-github",
            "name": "aliartos"
        },
        {
            "key": "mantognini-github",
            "name": "Marco Antognini"
        },
        {
            "key": "softinstigate",
            "name": "Softinstigate"
        },
        {
            "key": "fabriziosalmi-github",
            "name": "fab"
        },
        {
            "key": "okoskimi-github",
            "name": "Oskari Koskimies"
        },
        {
            "key": "oehf",
            "name": "OpenEHealthFoundation"
        }
    ],
    "components": [
        {
            "organization": "fabriziosalmi-github",
            "key": "android_kisstube",
            "name": "android_kisstube",
            "tags": [],
            "visibility": "public",
            "isNew": false
        },
        {
            "organization": "rhanton-github",
            "key": "com.kubra:apiai",
            "name": "apiai",
            "tags": [],
            "visibility": "public",
            "isNew": false
        },
        {
            "organization": "openalto-github",
            "key": "org.opendaylight.alto.ext:alto-experimental:odl-carbon-sr1",
            "name": "alto-experimental odl-carbon-sr1",
            "tags": [],
            "visibility": "public",
            "isNew": false
        },
        {
            "organization": "mantognini-github",
            "key": "sfml",
            "name": "sfml",
            "tags": [],
            "visibility": "public",
            "isNew": false
        },
        {
            "organization": "oehf",
            "key": "org.openehealth.ipf.oht.atna:ipf-oht-atna",
            "name": "OpenHealthTools(OHT) ATNA",
            "tags": [],
            "visibility": "public",
            "isNew": false
        },
        {
            "organization": "okoskimi-github",
            "key": "NodeGoatTesting",
            "name": "NodeGoatTesting",
            "tags": [],
            "visibility": "public",
            "isNew": false
        },
        {
            "organization": "oehf",
            "key": "org.openehealth.ipf.gazelle:ipf-gazelle-validation",
            "name": "ipf-gazelle-validation",
            "tags": [],
            "visibility": "public",
            "isNew": false
        },
        {
            "organization": "softinstigate",
            "key": "org.restheart:restheart",
            "name": "Restheart",
            "tags": [],
            "visibility": "public",
            "isNew": false
        },
        {
            "organization": "aliartos-github",
            "key": "com.jrtechnologies:yum",
            "name": "yum",
            "tags": [],
            "visibility": "public",
            "isNew": false
        },
        {
            "organization": "twerl-github",
            "key": "sem-project:assignment-3-state-pattern",
            "name": "sem-project assignment-3-state-pattern",
            "tags": [],
            "visibility": "public",
            "isNew": false
        }
    ],
    "facets": [
        {
            "property": "languages",
            "values": [
                {
                    "val": "xml",
                    "count": 14840
                },
                {
                    "val": "web",
                    "count": 13241
                },
                {
                    "val": "java",
                    "count": 13146
                },
                {
                    "val": "css",
                    "count": 11596
                },
                {
                    "val": "js",
                    "count": 11504
                },
                {
                    "val": "cs",
                    "count": 6126
                },
                {
                    "val": "php",
                    "count": 2739
                },
                {
                    "val": "py",
                    "count": 2703
                },
                {
                    "val": "ts",
                    "count": 2053
                },
                {
                    "val": "c",
                    "count": 1733
                }
            ]
        },
        {
            "property": "ncloc",
            "values": [
                {
                    "val": "*-1000.0",
                    "count": 28140
                },
                {
                    "val": "1000.0-10000.0",
                    "count": 18880
                },
                {
                    "val": "10000.0-100000.0",
                    "count": 10809
                },
                {
                    "val": "100000.0-500000.0",
                    "count": 1996
                },
                {
                    "val": "500000.0-*",
                    "count": 378
                }
            ]
        }
    ]
}