{
    "paging": {
        "pageIndex": 108,
        "pageSize": 10,
        "total": 32071
    },
    "organizations": [
        {
            "key": "jinahya-github",
            "name": "Jin Kwon"
        },
        {
            "key": "ccfenner",
            "name": "Christopher Fenner"
        },
        {
            "key": "codice",
            "name": "codice"
        },
        {
            "key": "jb087",
            "name": "jb087"
        },
        {
            "key": "dyndyn-github",
            "name": "Dyndyn"
        },
        {
            "key": "knowledgeassets",
            "name": "KnowledgeAssets"
        },
        {
            "key": "barber-shop",
            "name": "barber-shop"
        },
        {
            "key": "cs-riley-github",
            "name": "Riley"
        },
        {
            "key": "swsnu",
            "name": "swsnu"
        }
    ],
    "components": [
        {
            "organization": "dyndyn-github",
            "key": "com.softserve.if072:HomeGoodsTracker:rdyn",
            "name": "HomeGoodsTracker rdyn",
            "tags": [],
            "visibility": "public",
            "isNew": false
        },
        {
            "organization": "dyndyn-github",
            "key": "com.softserve.if072:HomeGoodsTracker:develop",
            "name": "HomeGoodsTracker develop",
            "tags": [],
            "visibility": "public",
            "isNew": false
        },
        {
            "organization": "jinahya-github",
            "key": "com.github.jinahya:bit-io:develop",
            "name": "bit-io develop",
            "tags": [],
            "visibility": "public",
            "isNew": false
        },
        {
            "organization": "jb087",
            "key": "jb087_e-biznes",
            "name": "e-biznes",
            "tags": [],
            "visibility": "public",
            "eligibilityStatus": "COMPLETED",
            "eligible": true,
            "isNew": false
        },
        {
            "organization": "ccfenner",
            "key": "CCFenner_jenkins-library",
            "name": "jenkins-library",
            "tags": [],
            "visibility": "public",
            "eligibilityStatus": "COMPLETED",
            "eligible": false,
            "isNew": false
        },
        {
            "organization": "cs-riley-github",
            "key": "CodeBreakerRU_MiniDesignProject",
            "name": "MiniDesignProject",
            "tags": [],
            "visibility": "public",
            "isNew": false
        },
        {
            "organization": "codice",
            "key": "ddf",
            "name": "DDF Reactor",
            "tags": [],
            "visibility": "public",
            "isNew": false
        },
        {
            "organization": "barber-shop",
            "key": "BarberAPI",
            "name": "BarberAPI",
            "tags": [],
            "visibility": "public",
            "isNew": false
        },
        {
            "organization": "swsnu",
            "key": "swsnu_swpp2019-team2",
            "name": "swpp2019-team2",
            "tags": [],
            "visibility": "public",
            "isNew": false
        },
        {
            "organization": "knowledgeassets",
            "key": "io.knowledgeassets.myskills:myskills-server",
            "name": "MySkills Server",
            "tags": [],
            "visibility": "public",
            "isNew": false
        }
    ],
    "facets": [
        {
            "property": "languages",
            "values": [
                {
                    "val": "xml",
                    "count": 14844
                },
                {
                    "val": "web",
                    "count": 13244
                },
                {
                    "val": "java",
                    "count": 13148
                },
                {
                    "val": "css",
                    "count": 11599
                },
                {
                    "val": "js",
                    "count": 11509
                },
                {
                    "val": "cs",
                    "count": 6127
                },
                {
                    "val": "php",
                    "count": 2740
                },
                {
                    "val": "py",
                    "count": 2703
                },
                {
                    "val": "ts",
                    "count": 2054
                },
                {
                    "val": "c",
                    "count": 1733
                }
            ]
        },
        {
            "property": "ncloc",
            "values": [
                {
                    "val": "*-1000.0",
                    "count": 28145
                },
                {
                    "val": "1000.0-10000.0",
                    "count": 18883
                },
                {
                    "val": "10000.0-100000.0",
                    "count": 10812
                },
                {
                    "val": "100000.0-500000.0",
                    "count": 1998
                },
                {
                    "val": "500000.0-*",
                    "count": 378
                }
            ]
        }
    ]
}