{
    "paging": {
        "pageIndex": 133,
        "pageSize": 10,
        "total": 32071
    },
    "organizations": [
        {
            "key": "qarmin-1",
            "name": "Rafa\u0142"
        },
        {
            "key": "tomgross-github",
            "name": "Tom Gross"
        },
        {
            "key": "hoffmann-group",
            "name": "Hoffmann Group"
        },
        {
            "key": "bisegni-github",
            "name": "Claudio Bisegni"
        },
        {
            "key": "denis-frederic15457",
            "name": "DENIS Frederic"
        },
        {
            "key": "bcgov-sonarcloud",
            "name": "Province of British Columbia"
        },
        {
            "key": "adam-g-klein",
            "name": "Adam-Klein"
        },
        {
            "key": "valeriy42-github",
            "name": "Valeriy Khakhutskyy"
        },
        {
            "key": "petsw",
            "name": "Pet Software"
        },
        {
            "key": "dongli",
            "name": "Dongli open source"
        }
    ],
    "components": [
        {
            "organization": "adam-g-klein",
            "key": "adam-g-klein_shoeBuy",
            "name": "shoeBuy",
            "tags": [],
            "visibility": "public",
            "isNew": false
        },
        {
            "organization": "tomgross-github",
            "key": "tomgross_OpenOLAT",
            "name": "OpenOLAT LMS",
            "tags": [],
            "visibility": "public",
            "eligibilityStatus": "COMPLETED",
            "eligible": false,
            "isNew": false
        },
        {
            "organization": "denis-frederic15457",
            "key": "MyTestProjectSonarQube",
            "name": "MyTestProjectSonarQube",
            "tags": [],
            "visibility": "public",
            "isNew": false
        },
        {
            "organization": "qarmin-1",
            "key": "qarmin_mutter",
            "name": "mutter",
            "tags": [],
            "visibility": "public",
            "isNew": false
        },
        {
            "organization": "valeriy42-github",
            "key": "valeriy42_ml-cpp",
            "name": "C SQ-Scanner-based project analyzed on SonarCloud using sonar-scanner",
            "tags": [],
            "visibility": "public",
            "isNew": false
        },
        {
            "organization": "petsw",
            "key": "petsw_backend",
            "name": "backend",
            "tags": [],
            "visibility": "public",
            "isNew": false
        },
        {
            "organization": "bcgov-sonarcloud",
            "key": "bcgov_lear",
            "name": "lear",
            "tags": [],
            "visibility": "public",
            "isNew": false
        },
        {
            "organization": "hoffmann-group",
            "key": "TLM.UI",
            "name": "TLM.UI",
            "tags": [],
            "visibility": "public",
            "isNew": false
        },
        {
            "organization": "bisegni-github",
            "key": "chaosframework",
            "name": "chaosframework",
            "tags": [
                "c++",
                "control-system"
            ],
            "visibility": "public",
            "isNew": false
        },
        {
            "organization": "dongli",
            "key": "dongli-org_kindle-service",
            "name": "kindle-service",
            "tags": [],
            "visibility": "public",
            "isNew": false
        }
    ],
    "facets": [
        {
            "property": "languages",
            "values": [
                {
                    "val": "xml",
                    "count": 14844
                },
                {
                    "val": "web",
                    "count": 13244
                },
                {
                    "val": "java",
                    "count": 13148
                },
                {
                    "val": "css",
                    "count": 11599
                },
                {
                    "val": "js",
                    "count": 11509
                },
                {
                    "val": "cs",
                    "count": 6127
                },
                {
                    "val": "php",
                    "count": 2740
                },
                {
                    "val": "py",
                    "count": 2703
                },
                {
                    "val": "ts",
                    "count": 2054
                },
                {
                    "val": "c",
                    "count": 1733
                }
            ]
        },
        {
            "property": "ncloc",
            "values": [
                {
                    "val": "*-1000.0",
                    "count": 28144
                },
                {
                    "val": "1000.0-10000.0",
                    "count": 18883
                },
                {
                    "val": "10000.0-100000.0",
                    "count": 10812
                },
                {
                    "val": "100000.0-500000.0",
                    "count": 1998
                },
                {
                    "val": "500000.0-*",
                    "count": 378
                }
            ]
        }
    ]
}