{
    "paging": {
        "pageIndex": 960,
        "pageSize": 10,
        "total": 32066
    },
    "organizations": [
        {
            "key": "waiyanphyohein",
            "name": "WaiYanPhyo Hein"
        },
        {
            "key": "waltz-controls",
            "name": "Waltz Controls"
        },
        {
            "key": "trustwallet",
            "name": "Trust Wallet"
        },
        {
            "key": "aegarro-github",
            "name": "aegarro"
        },
        {
            "key": "bpetridis-github",
            "name": "Bill P"
        },
        {
            "key": "elektrasith-github",
            "name": "elektrasith"
        },
        {
            "key": "wangyi-evonne",
            "name": "yiw"
        }
    ],
    "components": [
        {
            "organization": "waiyanphyohein",
            "key": "waiyanphyoheinProject1",
            "name": "waiyanphyoheinProject1",
            "tags": [],
            "visibility": "public",
            "isNew": false
        },
        {
            "organization": "trustwallet",
            "key": "TrustWallet_wallet-core",
            "name": "Wallet Core",
            "tags": [],
            "visibility": "public",
            "isNew": false
        },
        {
            "organization": "waltz-controls",
            "key": "waltz-controls_waltz",
            "name": "waltz",
            "tags": [],
            "visibility": "public",
            "isNew": false
        },
        {
            "organization": "bpetridis-github",
            "key": "Wanchain-core",
            "name": "Wanchain-core",
            "tags": [],
            "visibility": "public",
            "isNew": false
        },
        {
            "organization": "aegarro-github",
            "key": "aegarro_WanderDots",
            "name": "Wander",
            "tags": [],
            "visibility": "public",
            "isNew": false
        },
        {
            "organization": "elektrasith-github",
            "key": "WANDO-DEV-LAYOUTS",
            "name": "WANDO-DEV-LAYOUTS",
            "tags": [],
            "visibility": "public",
            "isNew": false
        },
        {
            "organization": "elektrasith-github",
            "key": "WANDO-MODERATION-FEATURE",
            "name": "WANDO-MODERATION-FEATURE",
            "tags": [],
            "visibility": "public",
            "isNew": false
        },
        {
            "organization": "elektrasith-github",
            "key": "WANDO-PREPRODUCCION",
            "name": "WANDO-PREPRODUCCION",
            "tags": [],
            "visibility": "public",
            "isNew": false
        },
        {
            "organization": "elektrasith-github",
            "key": "wando2018",
            "name": "wando2018",
            "tags": [],
            "visibility": "public",
            "isNew": false
        },
        {
            "organization": "wangyi-evonne",
            "key": "wangyi-evonne:singleton-js-core-sdk:g11n-js-client",
            "name": "wangyi-evonne:singleton-js-core-sdk:g11n-js-client",
            "tags": [],
            "visibility": "public",
            "isNew": false
        }
    ],
    "facets": [
        {
            "property": "languages",
            "values": [
                {
                    "val": "xml",
                    "count": 14842
                },
                {
                    "val": "web",
                    "count": 13243
                },
                {
                    "val": "java",
                    "count": 13146
                },
                {
                    "val": "css",
                    "count": 11599
                },
                {
                    "val": "js",
                    "count": 11508
                },
                {
                    "val": "cs",
                    "count": 6126
                },
                {
                    "val": "php",
                    "count": 2740
                },
                {
                    "val": "py",
                    "count": 2703
                },
                {
                    "val": "ts",
                    "count": 2054
                },
                {
                    "val": "c",
                    "count": 1733
                }
            ]
        },
        {
            "property": "ncloc",
            "values": [
                {
                    "val": "*-1000.0",
                    "count": 28146
                },
                {
                    "val": "1000.0-10000.0",
                    "count": 18880
                },
                {
                    "val": "10000.0-100000.0",
                    "count": 10810
                },
                {
                    "val": "100000.0-500000.0",
                    "count": 1998
                },
                {
                    "val": "500000.0-*",
                    "count": 378
                }
            ]
        }
    ]
}