{
    "paging": {
        "pageIndex": 559,
        "pageSize": 10,
        "total": 32073
    },
    "organizations": [
        {
            "key": "gaurav_rockersinfo-bitbucket",
            "name": "Gaurav Panchal"
        },
        {
            "key": "edurabroj-bitbucket",
            "name": "Eduardo Rabanal"
        },
        {
            "key": "gitnickprogramming-github",
            "name": "Nick Gagliardi"
        },
        {
            "key": "donation",
            "name": "Donation"
        },
        {
            "key": "don",
            "name": "don"
        },
        {
            "key": "ssnoeren-bitbucket",
            "name": "Sjors Snoeren"
        },
        {
            "key": "taizel-github",
            "name": "T\u00e1izel Gir\u00e3o Martins"
        },
        {
            "key": "larsen-close-github",
            "name": "larsen-close"
        },
        {
            "key": "team-c3250-noname",
            "name": "team-c3250-noname"
        },
        {
            "key": "giacomelli-github",
            "name": "giacomelli"
        }
    ],
    "components": [
        {
            "organization": "don",
            "key": "don",
            "name": "don",
            "tags": [],
            "visibility": "public",
            "isNew": false
        },
        {
            "organization": "edurabroj-bitbucket",
            "key": "edurabroj_donape_android",
            "name": "donape_android_client",
            "tags": [],
            "visibility": "public",
            "isNew": false
        },
        {
            "organization": "donation",
            "key": "donation-fundraising",
            "name": "Donation Crowdfunding",
            "tags": [],
            "visibility": "public",
            "isNew": false
        },
        {
            "organization": "gaurav_rockersinfo-bitbucket",
            "key": "Donation",
            "name": "Donation_Swift",
            "tags": [],
            "visibility": "public",
            "isNew": false
        },
        {
            "organization": "taizel-github",
            "key": "donor-calendar",
            "name": "Donor Calendar",
            "tags": [],
            "visibility": "public",
            "eligibilityStatus": "COMPLETED",
            "eligible": false,
            "isNew": false
        },
        {
            "organization": "giacomelli-github",
            "key": "Doog",
            "name": "Doog",
            "tags": [],
            "visibility": "public",
            "isNew": false
        },
        {
            "organization": "ssnoeren-bitbucket",
            "key": "doorb-web",
            "name": "doorb-web",
            "tags": [],
            "visibility": "public",
            "isNew": false
        },
        {
            "organization": "larsen-close-github",
            "key": "EsoNes0_dork2",
            "name": "dork",
            "tags": [],
            "visibility": "public",
            "isNew": false
        },
        {
            "organization": "gitnickprogramming-github",
            "key": "GitNickProgramming_Dork",
            "name": "Dork",
            "tags": [],
            "visibility": "public",
            "isNew": false
        },
        {
            "organization": "team-c3250-noname",
            "key": "team-c3250-noname_Dork",
            "name": "Dork",
            "tags": [],
            "visibility": "public",
            "isNew": false
        }
    ],
    "facets": [
        {
            "property": "languages",
            "values": [
                {
                    "val": "xml",
                    "count": 14845
                },
                {
                    "val": "web",
                    "count": 13245
                },
                {
                    "val": "java",
                    "count": 13148
                },
                {
                    "val": "css",
                    "count": 11600
                },
                {
                    "val": "js",
                    "count": 11511
                },
                {
                    "val": "cs",
                    "count": 6127
                },
                {
                    "val": "php",
                    "count": 2740
                },
                {
                    "val": "py",
                    "count": 2703
                },
                {
                    "val": "ts",
                    "count": 2054
                },
                {
                    "val": "c",
                    "count": 1733
                }
            ]
        },
        {
            "property": "ncloc",
            "values": [
                {
                    "val": "*-1000.0",
                    "count": 28146
                },
                {
                    "val": "1000.0-10000.0",
                    "count": 18885
                },
                {
                    "val": "10000.0-100000.0",
                    "count": 10812
                },
                {
                    "val": "100000.0-500000.0",
                    "count": 1998
                },
                {
                    "val": "500000.0-*",
                    "count": 378
                }
            ]
        }
    ]
}