{
    "paging": {
        "pageIndex": 956,
        "pageSize": 10,
        "total": 32071
    },
    "organizations": [
        {
            "key": "halcyonshift-bitbucket",
            "name": "HalcyonShift"
        },
        {
            "key": "ylz",
            "name": "ylz"
        },
        {
            "key": "asappresearch",
            "name": "ASAPP Research"
        },
        {
            "key": "sdellarosa-github",
            "name": "sdellarosa"
        },
        {
            "key": "flamingo-geocms",
            "name": "flamingo-geocms"
        },
        {
            "key": "grayjack-github",
            "name": "GrayJack"
        },
        {
            "key": "gabicavalcante",
            "name": "Gabriela"
        },
        {
            "key": "vijayeluri-github",
            "name": "VijayEluri"
        },
        {
            "key": "klogg",
            "name": "Artem Mygaiev"
        },
        {
            "key": "cloudzun-github",
            "name": "CloudZun"
        }
    ],
    "components": [
        {
            "organization": "gabicavalcante",
            "key": "gabicavalcante_fizzbuzzbot",
            "name": "fizzbuzzbot",
            "tags": [],
            "visibility": "public",
            "isNew": false
        },
        {
            "organization": "cloudzun-github",
            "key": "fjjsclab-20190619",
            "name": "fjjsclab-20190619",
            "tags": [],
            "visibility": "public",
            "isNew": false
        },
        {
            "organization": "ylz",
            "key": "fjsb",
            "name": "fjsbWX",
            "tags": [],
            "visibility": "public",
            "isNew": false
        },
        {
            "organization": "klogg",
            "key": "klogg_fl2000_drm",
            "name": "fl2000_drm",
            "tags": [],
            "visibility": "public",
            "eligibilityStatus": "COMPLETED",
            "eligible": false,
            "isNew": false
        },
        {
            "organization": "sdellarosa-github",
            "key": "sdellarosa_flair",
            "name": "flair",
            "tags": [],
            "visibility": "public",
            "isNew": false
        },
        {
            "organization": "halcyonshift-bitbucket",
            "key": "HalcyonShift_flake",
            "name": "flake",
            "tags": [],
            "visibility": "public",
            "isNew": false
        },
        {
            "organization": "asappresearch",
            "key": "asappresearch_flambe",
            "name": "flambe",
            "tags": [],
            "visibility": "public",
            "isNew": false
        },
        {
            "organization": "grayjack-github",
            "key": "GrayJack_flameshot",
            "name": "flameshot",
            "tags": [],
            "visibility": "public",
            "isNew": false
        },
        {
            "organization": "flamingo-geocms",
            "key": "flamingo-geocms_flamingo",
            "name": "flamingo-mc",
            "tags": [],
            "visibility": "public",
            "isNew": false
        },
        {
            "organization": "vijayeluri-github",
            "key": "VijayEluri_mongoom.flapdoodle.de",
            "name": "Flapdoodle MongoDB ObjectMapper",
            "tags": [],
            "visibility": "public",
            "isNew": false
        }
    ],
    "facets": [
        {
            "property": "languages",
            "values": [
                {
                    "val": "xml",
                    "count": 14844
                },
                {
                    "val": "web",
                    "count": 13244
                },
                {
                    "val": "java",
                    "count": 13148
                },
                {
                    "val": "css",
                    "count": 11599
                },
                {
                    "val": "js",
                    "count": 11509
                },
                {
                    "val": "cs",
                    "count": 6127
                },
                {
                    "val": "php",
                    "count": 2740
                },
                {
                    "val": "py",
                    "count": 2703
                },
                {
                    "val": "ts",
                    "count": 2054
                },
                {
                    "val": "c",
                    "count": 1733
                }
            ]
        },
        {
            "property": "ncloc",
            "values": [
                {
                    "val": "*-1000.0",
                    "count": 28144
                },
                {
                    "val": "1000.0-10000.0",
                    "count": 18883
                },
                {
                    "val": "10000.0-100000.0",
                    "count": 10812
                },
                {
                    "val": "100000.0-500000.0",
                    "count": 1998
                },
                {
                    "val": "500000.0-*",
                    "count": 378
                }
            ]
        }
    ]
}