{
    "paging": {
        "pageIndex": 740,
        "pageSize": 10,
        "total": 32063
    },
    "organizations": [
        {
            "key": "gafurov0ivan-github",
            "name": "Ivan"
        },
        {
            "key": "educationandskillsfundingagency",
            "name": "Education and Skills Funding Agency"
        },
        {
            "key": "openexr-github",
            "name": "openexr-github"
        },
        {
            "key": "proustibat-github",
            "name": "Jennifer Proust"
        },
        {
            "key": "vasilenkosergey-github",
            "name": "Sergey Vasilenko"
        },
        {
            "key": "thailekha-github",
            "name": "thailekha"
        },
        {
            "key": "folio-org",
            "name": "folio-org"
        },
        {
            "key": "hakan",
            "name": "Hakan Tandogan"
        },
        {
            "key": "xmlet",
            "name": "xmlet"
        },
        {
            "key": "skyyaga-github",
            "name": "skyYaga"
        }
    ],
    "components": [
        {
            "organization": "thailekha-github",
            "key": "dynamic-dockerizer-agent",
            "name": "dynamic-dockerizer-agent",
            "tags": [],
            "visibility": "public",
            "isNew": false
        },
        {
            "organization": "vasilenkosergey-github",
            "key": "io.vasilenko.otus:spring-hw",
            "name": "spring-hw",
            "tags": [],
            "visibility": "public",
            "isNew": false
        },
        {
            "organization": "folio-org",
            "key": "org.folio:mod-inventory-storage",
            "name": "mod-inventory-storage",
            "tags": [
                "inventory",
                "dev-core-functional"
            ],
            "visibility": "public",
            "isNew": false
        },
        {
            "organization": "skyyaga-github",
            "key": "in.skdv:skdvin-api",
            "name": "skdvin-api",
            "tags": [],
            "visibility": "public",
            "isNew": false
        },
        {
            "organization": "xmlet",
            "key": "com.github.xmlet:xsdAsm",
            "name": "com.github.xmlet:xsdAsm",
            "tags": [],
            "visibility": "public",
            "isNew": false
        },
        {
            "organization": "gafurov0ivan-github",
            "key": "com.gafur.mobile.backend:MobileAutorisationApi",
            "name": "MobileAutorisationApi",
            "tags": [],
            "visibility": "public",
            "isNew": false
        },
        {
            "organization": "hakan",
            "key": "hakan42_osm-tools",
            "name": "osm-tools",
            "tags": [],
            "visibility": "public",
            "eligibilityStatus": "COMPLETED",
            "eligible": false,
            "isNew": false
        },
        {
            "organization": "openexr-github",
            "key": "openexr_openexr",
            "name": "OpenEXR",
            "tags": [],
            "visibility": "public",
            "isNew": false
        },
        {
            "organization": "proustibat-github",
            "key": "xebia-xke-testcafe-basics",
            "name": "xebia-xke-testcafe-basics",
            "tags": [],
            "visibility": "public",
            "isNew": false
        },
        {
            "organization": "educationandskillsfundingagency",
            "key": "SonarCloud.SkillsFundingAgency.dfc-app-account",
            "name": "dfc-app-account",
            "tags": [],
            "visibility": "public",
            "isNew": false
        }
    ],
    "facets": [
        {
            "property": "languages",
            "values": [
                {
                    "val": "xml",
                    "count": 14841
                },
                {
                    "val": "web",
                    "count": 13242
                },
                {
                    "val": "java",
                    "count": 13146
                },
                {
                    "val": "css",
                    "count": 11597
                },
                {
                    "val": "js",
                    "count": 11505
                },
                {
                    "val": "cs",
                    "count": 6126
                },
                {
                    "val": "php",
                    "count": 2739
                },
                {
                    "val": "py",
                    "count": 2703
                },
                {
                    "val": "ts",
                    "count": 2053
                },
                {
                    "val": "c",
                    "count": 1733
                }
            ]
        },
        {
            "property": "ncloc",
            "values": [
                {
                    "val": "*-1000.0",
                    "count": 28144
                },
                {
                    "val": "1000.0-10000.0",
                    "count": 18878
                },
                {
                    "val": "10000.0-100000.0",
                    "count": 10810
                },
                {
                    "val": "100000.0-500000.0",
                    "count": 1997
                },
                {
                    "val": "500000.0-*",
                    "count": 378
                }
            ]
        }
    ]
}