{
    "paging": {
        "pageIndex": 363,
        "pageSize": 10,
        "total": 32068
    },
    "organizations": [
        {
            "key": "twerl-github",
            "name": "Twerl"
        },
        {
            "key": "aroundthecode-github",
            "name": "Michele Sacchetti"
        },
        {
            "key": "yearlyprojteamtwo",
            "name": "Team 2"
        },
        {
            "key": "smallrye",
            "name": "SmallRye"
        },
        {
            "key": "gii-is-psg2",
            "name": "Proceso Software y Gesti\u00f3n II"
        },
        {
            "key": "isa-group",
            "name": "ISA Group"
        },
        {
            "key": "phax-github",
            "name": "Philip Helger"
        },
        {
            "key": "connexta-test",
            "name": "Connexta-Test"
        },
        {
            "key": "onap",
            "name": "Open Network Automation Platform (ONAP)"
        }
    ],
    "components": [
        {
            "organization": "twerl-github",
            "key": "sem-project:no-ai-on-leaderboards",
            "name": "sem-project no-ai-on-leaderboards",
            "tags": [],
            "visibility": "public",
            "isNew": false
        },
        {
            "organization": "twerl-github",
            "key": "sem-project:settings-beautification",
            "name": "sem-project settings-beautification",
            "tags": [],
            "visibility": "public",
            "isNew": false
        },
        {
            "organization": "phax-github",
            "key": "at.austriapro:ebinterface-ubl-mapping",
            "name": "ebinterface-ubl-mapping",
            "tags": [],
            "visibility": "public",
            "isNew": false
        },
        {
            "organization": "gii-is-psg2",
            "key": "gii-is-psg_PSG2-1819-G4-42",
            "name": "petclinic",
            "tags": [],
            "visibility": "public",
            "isNew": false
        },
        {
            "organization": "connexta-test",
            "key": "org.codice.ddf.admin.query:admin",
            "name": "DDF :: Admin Console",
            "tags": [],
            "visibility": "public",
            "isNew": false
        },
        {
            "organization": "yearlyprojteamtwo",
            "key": "il.org.spartan:fluent.ly.2",
            "name": "fluent.ly.2",
            "tags": [],
            "visibility": "public",
            "isNew": false
        },
        {
            "organization": "aroundthecode-github",
            "key": "aroundthecode_pathfinder",
            "name": "Pathfinder  - org.aroundthecode.pathfinder:pathfinder:pom",
            "tags": [],
            "visibility": "public",
            "isNew": false
        },
        {
            "organization": "onap",
            "key": "onap_portal-sdk",
            "name": "portal-sdk",
            "tags": [],
            "visibility": "public",
            "isNew": false
        },
        {
            "organization": "isa-group",
            "key": "isa-group_RESTest",
            "name": "RESTest",
            "tags": [],
            "visibility": "public",
            "eligibilityStatus": "COMPLETED",
            "eligible": false,
            "isNew": false
        },
        {
            "organization": "smallrye",
            "key": "smallrye_smallrye-converters",
            "name": "SmallRye Converters",
            "tags": [],
            "visibility": "public",
            "isNew": false
        }
    ],
    "facets": [
        {
            "property": "languages",
            "values": [
                {
                    "val": "xml",
                    "count": 14842
                },
                {
                    "val": "web",
                    "count": 13244
                },
                {
                    "val": "java",
                    "count": 13146
                },
                {
                    "val": "css",
                    "count": 11600
                },
                {
                    "val": "js",
                    "count": 11509
                },
                {
                    "val": "cs",
                    "count": 6127
                },
                {
                    "val": "php",
                    "count": 2740
                },
                {
                    "val": "py",
                    "count": 2703
                },
                {
                    "val": "ts",
                    "count": 2054
                },
                {
                    "val": "c",
                    "count": 1733
                }
            ]
        },
        {
            "property": "ncloc",
            "values": [
                {
                    "val": "*-1000.0",
                    "count": 28145
                },
                {
                    "val": "1000.0-10000.0",
                    "count": 18881
                },
                {
                    "val": "10000.0-100000.0",
                    "count": 10811
                },
                {
                    "val": "100000.0-500000.0",
                    "count": 1998
                },
                {
                    "val": "500000.0-*",
                    "count": 378
                }
            ]
        }
    ]
}