{
    "paging": {
        "pageIndex": 600,
        "pageSize": 10,
        "total": 32075
    },
    "organizations": [
        {
            "key": "30lines",
            "name": "30 Lines"
        },
        {
            "key": "bordertech-github",
            "name": "bordertech"
        },
        {
            "key": "webgoat",
            "name": "webgoat"
        },
        {
            "key": "nwoodr94-github",
            "name": "Nathan Woodruff"
        },
        {
            "key": "lightspeeddevelopment",
            "name": "LightSpeed WordPress Development"
        },
        {
            "key": "unne-sonar-corpus",
            "name": "UNNE Sonar Corpus"
        },
        {
            "key": "givanovwaves-github",
            "name": "Grigory Ivanov"
        },
        {
            "key": "it18013856",
            "name": "IT18013856"
        },
        {
            "key": "gichure-bitbucket",
            "name": "Paul Gichure"
        },
        {
            "key": "shijai34-github",
            "name": "shijai34"
        }
    ],
    "components": [
        {
            "organization": "givanovwaves-github",
            "key": "WavesWallet-android",
            "name": "WavesWallet-android",
            "tags": [],
            "visibility": "public",
            "isNew": false
        },
        {
            "organization": "lightspeeddevelopment",
            "key": "lightspeeddevelopment_wc-gateway-peach-payments",
            "name": "wc-gateway-peach-payments",
            "tags": [],
            "visibility": "public",
            "isNew": false
        },
        {
            "organization": "bordertech-github",
            "key": "bordertech-wcomponents",
            "name": "wcomponents-parent",
            "tags": [],
            "visibility": "public",
            "isNew": false
        },
        {
            "organization": "30lines",
            "key": "wcs_corporate:dev",
            "name": "WCS_Corporate",
            "tags": [],
            "visibility": "public",
            "isNew": false
        },
        {
            "organization": "unne-sonar-corpus",
            "key": "unne.sonar:wct",
            "name": "WCT",
            "tags": [],
            "visibility": "public",
            "isNew": false
        },
        {
            "organization": "shijai34-github",
            "key": "SAP_Weather",
            "name": "weatherapp",
            "tags": [],
            "visibility": "public",
            "isNew": false
        },
        {
            "organization": "it18013856",
            "key": "IT18013856_web",
            "name": "web",
            "tags": [],
            "visibility": "public",
            "eligibilityStatus": "COMPLETED",
            "eligible": true,
            "isNew": false
        },
        {
            "organization": "nwoodr94-github",
            "key": "nwoodr94_CSharp",
            "name": "Web Application",
            "tags": [],
            "visibility": "public",
            "isNew": false
        },
        {
            "organization": "gichure-bitbucket",
            "key": "com.metropol.biz:metropol",
            "name": "Web Application Template",
            "tags": [],
            "visibility": "public",
            "isNew": false
        },
        {
            "organization": "webgoat",
            "key": "webgoat_5",
            "name": "Web Goat 5.4",
            "tags": [],
            "visibility": "public",
            "isNew": false
        }
    ],
    "facets": [
        {
            "property": "languages",
            "values": [
                {
                    "val": "xml",
                    "count": 14846
                },
                {
                    "val": "web",
                    "count": 13246
                },
                {
                    "val": "java",
                    "count": 13149
                },
                {
                    "val": "css",
                    "count": 11600
                },
                {
                    "val": "js",
                    "count": 11511
                },
                {
                    "val": "cs",
                    "count": 6127
                },
                {
                    "val": "php",
                    "count": 2740
                },
                {
                    "val": "py",
                    "count": 2704
                },
                {
                    "val": "ts",
                    "count": 2054
                },
                {
                    "val": "c",
                    "count": 1733
                }
            ]
        },
        {
            "property": "ncloc",
            "values": [
                {
                    "val": "*-1000.0",
                    "count": 28146
                },
                {
                    "val": "1000.0-10000.0",
                    "count": 18886
                },
                {
                    "val": "10000.0-100000.0",
                    "count": 10813
                },
                {
                    "val": "100000.0-500000.0",
                    "count": 1998
                },
                {
                    "val": "500000.0-*",
                    "count": 378
                }
            ]
        }
    ]
}