{
    "paging": {
        "pageIndex": 246,
        "pageSize": 10,
        "total": 32063
    },
    "organizations": [
        {
            "key": "kiran-sonawane71378",
            "name": "Kiran Sonawane"
        },
        {
            "key": "natanfudge-github",
            "name": "Fudge"
        },
        {
            "key": "kedarbhat-github",
            "name": "Kedar R. Bhat"
        },
        {
            "key": "timpeeters",
            "name": "Tim Peeters"
        },
        {
            "key": "lianzap-github",
            "name": "Franco Lianza"
        },
        {
            "key": "autotec",
            "name": "AutoTec"
        },
        {
            "key": "autobump",
            "name": "autobump"
        }
    ],
    "components": [
        {
            "organization": "natanfudge-github",
            "key": "natanfudge_Auto-Using",
            "name": "Auto-Using",
            "tags": [],
            "visibility": "public",
            "isNew": false
        },
        {
            "organization": "kiran-sonawane71378",
            "key": "Auto.Approval.POC.project.by.Teljoy",
            "name": "Auto.Approval.POC.project.by.Teljoy",
            "tags": [],
            "visibility": "public",
            "isNew": false
        },
        {
            "organization": "lianzap-github",
            "key": "autoabono-dev-be",
            "name": "Autoabono-Dev-BE",
            "tags": [],
            "visibility": "public",
            "isNew": false
        },
        {
            "organization": "lianzap-github",
            "key": "autoabono-main-be",
            "name": "Autoabono-Main-BE",
            "tags": [],
            "visibility": "public",
            "isNew": false
        },
        {
            "organization": "lianzap-github",
            "key": "autoabono-prod-be",
            "name": "Autoabono-Prod-BE",
            "tags": [],
            "visibility": "public",
            "isNew": false
        },
        {
            "organization": "autobump",
            "key": "autobump_autobump",
            "name": "autobump",
            "tags": [],
            "visibility": "public",
            "eligibilityStatus": "COMPLETED",
            "eligible": false,
            "isNew": false
        },
        {
            "organization": "timpeeters",
            "key": "io.autobump:autobump.io",
            "name": "autobump.io",
            "tags": [],
            "visibility": "public",
            "isNew": false
        },
        {
            "organization": "autotec",
            "key": "com.autotec.sdk:aca-java",
            "name": "AutoCheck Auctions API Java Client",
            "tags": [],
            "visibility": "public",
            "isNew": false
        },
        {
            "organization": "autotec",
            "key": "com.autotec.sdk:aci-java",
            "name": "AutoCheck Insurance API Java Client",
            "tags": [],
            "visibility": "public",
            "isNew": false
        },
        {
            "organization": "kedarbhat-github",
            "key": "kedarbhat_autodiff",
            "name": "Autodiff",
            "tags": [
                "c++"
            ],
            "visibility": "public",
            "isNew": false
        }
    ],
    "facets": [
        {
            "property": "languages",
            "values": [
                {
                    "val": "xml",
                    "count": 14841
                },
                {
                    "val": "web",
                    "count": 13242
                },
                {
                    "val": "java",
                    "count": 13146
                },
                {
                    "val": "css",
                    "count": 11597
                },
                {
                    "val": "js",
                    "count": 11505
                },
                {
                    "val": "cs",
                    "count": 6126
                },
                {
                    "val": "php",
                    "count": 2739
                },
                {
                    "val": "py",
                    "count": 2703
                },
                {
                    "val": "ts",
                    "count": 2053
                },
                {
                    "val": "c",
                    "count": 1733
                }
            ]
        },
        {
            "property": "ncloc",
            "values": [
                {
                    "val": "*-1000.0",
                    "count": 28144
                },
                {
                    "val": "1000.0-10000.0",
                    "count": 18878
                },
                {
                    "val": "10000.0-100000.0",
                    "count": 10810
                },
                {
                    "val": "100000.0-500000.0",
                    "count": 1997
                },
                {
                    "val": "500000.0-*",
                    "count": 378
                }
            ]
        }
    ]
}