{
    "paging": {
        "pageIndex": 609,
        "pageSize": 10,
        "total": 32071
    },
    "organizations": [
        {
            "key": "alessandroispw",
            "name": "alessandroispw"
        },
        {
            "key": "declanvk-github",
            "name": "Declan Kelly"
        },
        {
            "key": "maphdev-github",
            "name": "Manon Philippot"
        },
        {
            "key": "simonecorazza-github",
            "name": "SimoneCorazza"
        },
        {
            "key": "acguillermo",
            "name": "GuillermoAguilar"
        },
        {
            "key": "slt-programmers",
            "name": "slt-programmers"
        },
        {
            "key": "xmage",
            "name": "xmage"
        },
        {
            "key": "jaydi85-github",
            "name": "Oleg Agafonov - xmage test"
        },
        {
            "key": "paulhuggett-github",
            "name": "Paul Bowen-Huggett"
        },
        {
            "key": "quentin-56",
            "name": "Quentin-56"
        }
    ],
    "components": [
        {
            "organization": "declanvk-github",
            "key": "declanvk_m-u-s-i-c",
            "name": "m-u-s-i-c",
            "tags": [],
            "visibility": "public",
            "isNew": false
        },
        {
            "organization": "maphdev-github",
            "key": "M2:CDP",
            "name": "M2_CDP",
            "tags": [],
            "visibility": "public",
            "isNew": false
        },
        {
            "organization": "acguillermo",
            "key": "ACGuillermo_M8-Servlets",
            "name": "M8-servlet",
            "tags": [],
            "visibility": "public",
            "eligibilityStatus": "COMPLETED",
            "eligible": false,
            "isNew": false
        },
        {
            "organization": "alessandroispw",
            "key": "alessandroispw_MAAL",
            "name": "MAAL",
            "tags": [],
            "visibility": "public",
            "isNew": false
        },
        {
            "organization": "paulhuggett-github",
            "key": "paulhuggett_machowriter",
            "name": "machowriter",
            "tags": [],
            "visibility": "public",
            "isNew": false
        },
        {
            "organization": "simonecorazza-github",
            "key": "com.macrokeys:macro-key-editor",
            "name": "macro-key-editor",
            "tags": [],
            "visibility": "public",
            "isNew": false
        },
        {
            "organization": "slt-programmers",
            "key": "slt-programmers_macrologAndroid",
            "name": "macrologAndroid",
            "tags": [],
            "visibility": "public",
            "isNew": false
        },
        {
            "organization": "quentin-56",
            "key": "Quentin-56_MagasinDeSport",
            "name": "MagasinDeSport",
            "tags": [],
            "visibility": "public",
            "isNew": false
        },
        {
            "organization": "jaydi85-github",
            "key": "JayDi85_mage",
            "name": "Mage Root",
            "tags": [],
            "visibility": "public",
            "isNew": false
        },
        {
            "organization": "xmage",
            "key": "org.mage:mage-root",
            "name": "Mage Root",
            "tags": [],
            "visibility": "public",
            "isNew": false
        }
    ],
    "facets": [
        {
            "property": "languages",
            "values": [
                {
                    "val": "xml",
                    "count": 14844
                },
                {
                    "val": "web",
                    "count": 13244
                },
                {
                    "val": "java",
                    "count": 13148
                },
                {
                    "val": "css",
                    "count": 11599
                },
                {
                    "val": "js",
                    "count": 11509
                },
                {
                    "val": "cs",
                    "count": 6127
                },
                {
                    "val": "php",
                    "count": 2740
                },
                {
                    "val": "py",
                    "count": 2703
                },
                {
                    "val": "ts",
                    "count": 2054
                },
                {
                    "val": "c",
                    "count": 1733
                }
            ]
        },
        {
            "property": "ncloc",
            "values": [
                {
                    "val": "*-1000.0",
                    "count": 28144
                },
                {
                    "val": "1000.0-10000.0",
                    "count": 18883
                },
                {
                    "val": "10000.0-100000.0",
                    "count": 10812
                },
                {
                    "val": "100000.0-500000.0",
                    "count": 1998
                },
                {
                    "val": "500000.0-*",
                    "count": 378
                }
            ]
        }
    ]
}