{
    "paging": {
        "pageIndex": 980,
        "pageSize": 10,
        "total": 32064
    },
    "organizations": [
        {
            "key": "pscm",
            "name": "PSCM"
        },
        {
            "key": "tvillarete-github",
            "name": "Tanner Villarete"
        },
        {
            "key": "iosr-raft",
            "name": "iosr-raft"
        },
        {
            "key": "setecrs",
            "name": "SETEC/RS"
        },
        {
            "key": "usdot-jpo-ode",
            "name": "usdot-jpo-ode"
        },
        {
            "key": "mc313-github",
            "name": "Malcolm Childs"
        },
        {
            "key": "azure-devops-repos",
            "name": "Azure-DevOps-Repos"
        },
        {
            "key": "shohidulhaque-github",
            "name": "shohidulhaque"
        },
        {
            "key": "brampat-github",
            "name": "Bram"
        },
        {
            "key": "second-opinion-api",
            "name": "second-opinion-api"
        }
    ],
    "components": [
        {
            "organization": "brampat-github",
            "key": "brampat_JavaVulnerableLab",
            "name": "Java Vulnerable Lab",
            "tags": [],
            "visibility": "public",
            "isNew": false
        },
        {
            "organization": "usdot-jpo-ode",
            "key": "usdot.jpo.ode:jpo-ode:dev",
            "name": "jpo-ode dev",
            "tags": [],
            "visibility": "public",
            "isNew": false
        },
        {
            "organization": "mc313-github",
            "key": "MC313_ng-sample",
            "name": "Ng Sample",
            "tags": [],
            "visibility": "public",
            "isNew": false
        },
        {
            "organization": "tvillarete-github",
            "key": "playce-frontend",
            "name": "playce-frontend",
            "tags": [],
            "visibility": "public",
            "isNew": false
        },
        {
            "organization": "azure-devops-repos",
            "key": "Portfolio.TimelineCV.Web",
            "name": "Portfolio.TimelineCV.Web",
            "tags": [],
            "visibility": "public",
            "isNew": false
        },
        {
            "organization": "pscm",
            "key": "org.hk.ha.pscm.drug:pscm_drug",
            "name": "pscm_drug Maven Webapp",
            "tags": [],
            "visibility": "public",
            "isNew": false
        },
        {
            "organization": "iosr-raft",
            "key": "iosr-lab:raft-kv:sonar",
            "name": "raft-kv sonar",
            "tags": [],
            "visibility": "public",
            "isNew": false
        },
        {
            "organization": "second-opinion-api",
            "key": "org.jugistanbul.secondopinion:secondopinion",
            "name": "secondopinion-api",
            "tags": [
                "api"
            ],
            "visibility": "public",
            "isNew": false
        },
        {
            "organization": "shohidulhaque-github",
            "key": "com.shohidulhaque:transaction",
            "name": "transaction",
            "tags": [],
            "visibility": "public",
            "isNew": false
        },
        {
            "organization": "setecrs",
            "key": "setecrs_wekan-integration",
            "name": "wekan-integration",
            "tags": [],
            "visibility": "public",
            "eligibilityStatus": "COMPLETED",
            "eligible": true,
            "isNew": false
        }
    ],
    "facets": [
        {
            "property": "languages",
            "values": [
                {
                    "val": "xml",
                    "count": 14841
                },
                {
                    "val": "web",
                    "count": 13243
                },
                {
                    "val": "java",
                    "count": 13146
                },
                {
                    "val": "css",
                    "count": 11598
                },
                {
                    "val": "js",
                    "count": 11506
                },
                {
                    "val": "cs",
                    "count": 6126
                },
                {
                    "val": "php",
                    "count": 2739
                },
                {
                    "val": "py",
                    "count": 2703
                },
                {
                    "val": "ts",
                    "count": 2054
                },
                {
                    "val": "c",
                    "count": 1733
                }
            ]
        },
        {
            "property": "ncloc",
            "values": [
                {
                    "val": "*-1000.0",
                    "count": 28144
                },
                {
                    "val": "1000.0-10000.0",
                    "count": 18879
                },
                {
                    "val": "10000.0-100000.0",
                    "count": 10810
                },
                {
                    "val": "100000.0-500000.0",
                    "count": 1997
                },
                {
                    "val": "500000.0-*",
                    "count": 378
                }
            ]
        }
    ]
}