{
    "paging": {
        "pageIndex": 354,
        "pageSize": 10,
        "total": 32063
    },
    "organizations": [
        {
            "key": "bfh59",
            "name": "BFH59"
        },
        {
            "key": "dkocich-github",
            "name": "David Kocich"
        },
        {
            "key": "travcav",
            "name": "TravCav"
        },
        {
            "key": "xd00258-github",
            "name": "Victor Vuong"
        },
        {
            "key": "hoaronal-github",
            "name": "\u0110oa\u0300n Quang Ho\u0300a"
        },
        {
            "key": "kaiserahmed-isu-github",
            "name": "Md Kaiser Ahmed"
        },
        {
            "key": "java-brave-warriors",
            "name": "Java Brave Warriors"
        },
        {
            "key": "vtraineau-github",
            "name": "vtraineau"
        },
        {
            "key": "wesleygeneroso-bitbucket",
            "name": "Wesley Generoso"
        }
    ],
    "components": [
        {
            "organization": "hoaronal-github",
            "key": "hoaronal_bloglaptrinh",
            "name": "bloglaptrinh",
            "tags": [],
            "visibility": "public",
            "isNew": false
        },
        {
            "organization": "wesleygeneroso-bitbucket",
            "key": "WesleyGeneroso_bloglaravel",
            "name": "BlogLaravel",
            "tags": [],
            "visibility": "public",
            "isNew": false
        },
        {
            "organization": "kaiserahmed-isu-github",
            "key": "blogmeproject2",
            "name": "blogmeproject2",
            "tags": [],
            "visibility": "public",
            "isNew": false
        },
        {
            "organization": "bfh59",
            "key": "BFH59_blogMVC",
            "name": "blogMVC",
            "tags": [],
            "visibility": "public",
            "isNew": false
        },
        {
            "organization": "java-brave-warriors",
            "key": "JavaBraveWarriors_BlogRest",
            "name": "BlogRest",
            "tags": [],
            "visibility": "public",
            "isNew": false
        },
        {
            "organization": "travcav",
            "key": "TravCav_blogs",
            "name": "blogs",
            "tags": [],
            "visibility": "public",
            "eligibilityStatus": "COMPLETED",
            "eligible": true,
            "isNew": false
        },
        {
            "organization": "dkocich-github",
            "key": "dkocich_blokada",
            "name": "blokada",
            "tags": [],
            "visibility": "public",
            "isNew": false
        },
        {
            "organization": "xd00258-github",
            "key": "blokish-team8",
            "name": "blokish",
            "tags": [],
            "visibility": "public",
            "isNew": false
        },
        {
            "organization": "xd00258-github",
            "key": "org.scoutant.blokish:blokish",
            "name": "blokish",
            "tags": [],
            "visibility": "public",
            "isNew": false
        },
        {
            "organization": "vtraineau-github",
            "key": "vtraineau_blokish-testing-travis",
            "name": "blokish-testing-travis",
            "tags": [],
            "visibility": "public",
            "isNew": false
        }
    ],
    "facets": [
        {
            "property": "languages",
            "values": [
                {
                    "val": "xml",
                    "count": 14841
                },
                {
                    "val": "web",
                    "count": 13242
                },
                {
                    "val": "java",
                    "count": 13146
                },
                {
                    "val": "css",
                    "count": 11597
                },
                {
                    "val": "js",
                    "count": 11505
                },
                {
                    "val": "cs",
                    "count": 6126
                },
                {
                    "val": "php",
                    "count": 2739
                },
                {
                    "val": "py",
                    "count": 2703
                },
                {
                    "val": "ts",
                    "count": 2053
                },
                {
                    "val": "c",
                    "count": 1733
                }
            ]
        },
        {
            "property": "ncloc",
            "values": [
                {
                    "val": "*-1000.0",
                    "count": 28143
                },
                {
                    "val": "1000.0-10000.0",
                    "count": 18878
                },
                {
                    "val": "10000.0-100000.0",
                    "count": 10810
                },
                {
                    "val": "100000.0-500000.0",
                    "count": 1997
                },
                {
                    "val": "500000.0-*",
                    "count": 378
                }
            ]
        }
    ]
}