{
    "paging": {
        "pageIndex": 433,
        "pageSize": 10,
        "total": 32064
    },
    "organizations": [
        {
            "key": "capralifecycle",
            "name": "Capra Active Lifecycle Service"
        },
        {
            "key": "julianmangut",
            "name": "Juli\u00e1n Cu\u00e9llar Mangut"
        },
        {
            "key": "lonami",
            "name": "Lonami"
        },
        {
            "key": "hiiamp",
            "name": "hiiamp"
        },
        {
            "key": "sit-kmutt",
            "name": "SIT KMUTT"
        },
        {
            "key": "aaaldega-github",
            "name": "AAaldega"
        }
    ],
    "components": [
        {
            "organization": "lonami",
            "key": "Lonami_ta01project",
            "name": "Calnex",
            "tags": [],
            "visibility": "public",
            "isNew": false
        },
        {
            "organization": "julianmangut",
            "key": "julianmangut_ta01project_personalcopy",
            "name": "Calnex",
            "tags": [],
            "visibility": "public",
            "isNew": false
        },
        {
            "organization": "aaaldega-github",
            "key": "ru.javawebinar:topjava",
            "name": "Calories Management",
            "tags": [],
            "visibility": "public",
            "isNew": false
        },
        {
            "organization": "aaaldega-github",
            "key": "ru.javawebinar:topjava:before_HW5",
            "name": "Calories Management before_HW5",
            "tags": [],
            "visibility": "public",
            "isNew": false
        },
        {
            "organization": "aaaldega-github",
            "key": "ru.javawebinar:topjava:before_HW_3",
            "name": "Calories Management before_HW_3",
            "tags": [],
            "visibility": "public",
            "isNew": false
        },
        {
            "organization": "aaaldega-github",
            "key": "ru.javawebinar:topjava:before_HW_4",
            "name": "Calories Management before_HW_4",
            "tags": [],
            "visibility": "public",
            "isNew": false
        },
        {
            "organization": "aaaldega-github",
            "key": "ru.javawebinar:topjava:kislin_update_HW3",
            "name": "Calories Management kislin_update_HW3",
            "tags": [],
            "visibility": "public",
            "isNew": false
        },
        {
            "organization": "sit-kmutt",
            "key": "sit:int206:CaloriesDiary",
            "name": "CaloriesDiary",
            "tags": [],
            "visibility": "public",
            "isNew": false
        },
        {
            "organization": "capralifecycle",
            "key": "capralifecycle_cals-cli",
            "name": "cals-cli",
            "tags": [],
            "visibility": "public",
            "isNew": false
        },
        {
            "organization": "hiiamp",
            "key": "hiiamp_caltimes",
            "name": "caltimes",
            "tags": [],
            "visibility": "public",
            "isNew": false
        }
    ],
    "facets": [
        {
            "property": "languages",
            "values": [
                {
                    "val": "xml",
                    "count": 14841
                },
                {
                    "val": "web",
                    "count": 13242
                },
                {
                    "val": "java",
                    "count": 13146
                },
                {
                    "val": "css",
                    "count": 11597
                },
                {
                    "val": "js",
                    "count": 11505
                },
                {
                    "val": "cs",
                    "count": 6126
                },
                {
                    "val": "php",
                    "count": 2740
                },
                {
                    "val": "py",
                    "count": 2703
                },
                {
                    "val": "ts",
                    "count": 2053
                },
                {
                    "val": "c",
                    "count": 1733
                }
            ]
        },
        {
            "property": "ncloc",
            "values": [
                {
                    "val": "*-1000.0",
                    "count": 28144
                },
                {
                    "val": "1000.0-10000.0",
                    "count": 18879
                },
                {
                    "val": "10000.0-100000.0",
                    "count": 10810
                },
                {
                    "val": "100000.0-500000.0",
                    "count": 1997
                },
                {
                    "val": "500000.0-*",
                    "count": 378
                }
            ]
        }
    ]
}