{
    "paging": {
        "pageIndex": 447,
        "pageSize": 10,
        "total": 32065
    },
    "organizations": [
        {
            "key": "jeromepin",
            "name": "Jerome Pin"
        },
        {
            "key": "achie72-github",
            "name": "Achie72"
        },
        {
            "key": "bu1der-github",
            "name": "bu1der"
        },
        {
            "key": "esfak47",
            "name": "esfak47"
        },
        {
            "key": "holzhey",
            "name": "Alexandre Lehmann Holzhey"
        },
        {
            "key": "arfost-github",
            "name": "clement chevalier"
        },
        {
            "key": "moaxcp",
            "name": "moaxcp"
        },
        {
            "key": "eserial-github",
            "name": "Eserial"
        },
        {
            "key": "escommons",
            "name": "escommons"
        }
    ],
    "components": [
        {
            "organization": "arfost-github",
            "key": "arfost_escape-from-space",
            "name": "escape-from-space",
            "tags": [],
            "visibility": "public",
            "isNew": false
        },
        {
            "organization": "achie72-github",
            "key": "Achie72_escargot",
            "name": "escargot",
            "tags": [],
            "visibility": "public",
            "isNew": false
        },
        {
            "organization": "moaxcp",
            "key": "com.github.moaxcp:escher",
            "name": "escher",
            "tags": [],
            "visibility": "public",
            "isNew": false
        },
        {
            "organization": "bu1der-github",
            "key": "bu1der_eSchool",
            "name": "eschool",
            "tags": [],
            "visibility": "public",
            "isNew": false
        },
        {
            "organization": "holzhey",
            "key": "holzhey_escola",
            "name": "escola",
            "tags": [],
            "visibility": "public",
            "eligibilityStatus": "COMPLETED",
            "eligible": true,
            "isNew": false
        },
        {
            "organization": "escommons",
            "key": "escommons",
            "name": "escommons",
            "tags": [],
            "visibility": "public",
            "isNew": false
        },
        {
            "organization": "escommons",
            "key": "org.biacode.escommons",
            "name": "escommons",
            "tags": [],
            "visibility": "public",
            "isNew": false
        },
        {
            "organization": "jeromepin",
            "key": "jeromepin_esctl",
            "name": "esctl",
            "tags": [],
            "visibility": "public",
            "eligibilityStatus": "COMPLETED",
            "eligible": true,
            "isNew": false
        },
        {
            "organization": "eserial-github",
            "key": "hu.elte.eserial:eserial",
            "name": "eserial",
            "tags": [],
            "visibility": "public",
            "isNew": false
        },
        {
            "organization": "esfak47",
            "key": "com.github.esfak47:esfak47-common",
            "name": "esfak47-common",
            "tags": [],
            "visibility": "public",
            "isNew": false
        }
    ],
    "facets": [
        {
            "property": "languages",
            "values": [
                {
                    "val": "xml",
                    "count": 14841
                },
                {
                    "val": "web",
                    "count": 13243
                },
                {
                    "val": "java",
                    "count": 13146
                },
                {
                    "val": "css",
                    "count": 11598
                },
                {
                    "val": "js",
                    "count": 11507
                },
                {
                    "val": "cs",
                    "count": 6126
                },
                {
                    "val": "php",
                    "count": 2739
                },
                {
                    "val": "py",
                    "count": 2703
                },
                {
                    "val": "ts",
                    "count": 2054
                },
                {
                    "val": "c",
                    "count": 1733
                }
            ]
        },
        {
            "property": "ncloc",
            "values": [
                {
                    "val": "*-1000.0",
                    "count": 28145
                },
                {
                    "val": "1000.0-10000.0",
                    "count": 18880
                },
                {
                    "val": "10000.0-100000.0",
                    "count": 10810
                },
                {
                    "val": "100000.0-500000.0",
                    "count": 1997
                },
                {
                    "val": "500000.0-*",
                    "count": 378
                }
            ]
        }
    ]
}