{
    "paging": {
        "pageIndex": 712,
        "pageSize": 10,
        "total": 32075
    },
    "organizations": [
        {
            "key": "gulsahcoskun-github",
            "name": "G\u00fcl\u015fah Co\u015fkun"
        },
        {
            "key": "kashtabinoitworx-github",
            "name": "kashtabinoITWorx"
        },
        {
            "key": "mattygleeson-github",
            "name": "MattyGleeson"
        },
        {
            "key": "mirkos96-github",
            "name": "mirkos96"
        },
        {
            "key": "redbeardcode-github",
            "name": "Stefan Farmbauer"
        },
        {
            "key": "sonarquebekey",
            "name": "py3ir"
        },
        {
            "key": "mrblur-github",
            "name": "Kamil Kami\u0144ski"
        },
        {
            "key": "sit-kmutt",
            "name": "SIT KMUTT"
        },
        {
            "key": "tester7632",
            "name": "tester7632"
        }
    ],
    "components": [
        {
            "organization": "tester7632",
            "key": "FreeRDP_unix_withServer",
            "name": "FreeRDP_unix_withServer",
            "tags": [],
            "visibility": "public",
            "isNew": false
        },
        {
            "organization": "tester7632",
            "key": "FreeRDP_withServer",
            "name": "FreeRDP_withServer",
            "tags": [],
            "visibility": "public",
            "isNew": false
        },
        {
            "organization": "redbeardcode-github",
            "key": "FreeTimeLance",
            "name": "FreeTimeLance",
            "tags": [],
            "visibility": "public",
            "isNew": false
        },
        {
            "organization": "sonarquebekey",
            "key": "teamProject:friendsTracker",
            "name": "friendsTracker Maven Webapp",
            "tags": [],
            "visibility": "public",
            "isNew": false
        },
        {
            "organization": "mrblur-github",
            "key": "fuelio-test",
            "name": "fuelio-test",
            "tags": [],
            "visibility": "public",
            "isNew": false
        },
        {
            "organization": "mirkos96-github",
            "key": "mirkos96_esame-modelli",
            "name": "FXCashFood",
            "tags": [],
            "visibility": "public",
            "isNew": false
        },
        {
            "organization": "kashtabinoitworx-github",
            "key": "FXRILR-14.0",
            "name": "FXRILR-14.0",
            "tags": [],
            "visibility": "public",
            "isNew": false
        },
        {
            "organization": "mattygleeson-github",
            "key": "FYP-Restaurant-Booking-System",
            "name": "FYP-Restaurant-Booking-System",
            "tags": [],
            "visibility": "public",
            "isNew": false
        },
        {
            "organization": "gulsahcoskun-github",
            "key": "com.boun:glearn",
            "name": "g-learn",
            "tags": [],
            "visibility": "public",
            "isNew": false
        },
        {
            "organization": "sit-kmutt",
            "key": "sit:int206:DecisionMaker_test",
            "name": "G23_Decision_Maker",
            "tags": [],
            "visibility": "public",
            "isNew": false
        }
    ],
    "facets": [
        {
            "property": "languages",
            "values": [
                {
                    "val": "xml",
                    "count": 14846
                },
                {
                    "val": "web",
                    "count": 13246
                },
                {
                    "val": "java",
                    "count": 13149
                },
                {
                    "val": "css",
                    "count": 11600
                },
                {
                    "val": "js",
                    "count": 11511
                },
                {
                    "val": "cs",
                    "count": 6127
                },
                {
                    "val": "php",
                    "count": 2740
                },
                {
                    "val": "py",
                    "count": 2704
                },
                {
                    "val": "ts",
                    "count": 2054
                },
                {
                    "val": "c",
                    "count": 1733
                }
            ]
        },
        {
            "property": "ncloc",
            "values": [
                {
                    "val": "*-1000.0",
                    "count": 28146
                },
                {
                    "val": "1000.0-10000.0",
                    "count": 18886
                },
                {
                    "val": "10000.0-100000.0",
                    "count": 10813
                },
                {
                    "val": "100000.0-500000.0",
                    "count": 1998
                },
                {
                    "val": "500000.0-*",
                    "count": 378
                }
            ]
        }
    ]
}