{
    "paging": {
        "pageIndex": 303,
        "pageSize": 10,
        "total": 32063
    },
    "organizations": [
        {
            "key": "baralga",
            "name": "Baralga Time Tracker"
        },
        {
            "key": "amarok79-github",
            "name": "Olaf Kober"
        },
        {
            "key": "hmcts",
            "name": "HMCTS"
        },
        {
            "key": "towerism-github",
            "name": "Martin Fracker, Jr."
        },
        {
            "key": "projectbarbel",
            "name": "project barbel"
        },
        {
            "key": "barber-shop",
            "name": "barber-shop"
        },
        {
            "key": "pierrenoronha-github",
            "name": "pierrenoronha"
        },
        {
            "key": "barberapi",
            "name": "barberapi"
        },
        {
            "key": "mostrovoi-github",
            "name": "Oscar Perez"
        }
    ],
    "components": [
        {
            "organization": "amarok79-github",
            "key": "Amarok79_Bar",
            "name": "Bar",
            "tags": [],
            "visibility": "public",
            "isNew": false
        },
        {
            "organization": "hmcts",
            "key": "uk.gov.hmcts.reform.bar:bar-app",
            "name": "bar-app",
            "tags": [],
            "visibility": "public",
            "isNew": false
        },
        {
            "organization": "hmcts",
            "key": "BAR-WEB",
            "name": "BAR-Frontend-2",
            "tags": [],
            "visibility": "public",
            "isNew": false
        },
        {
            "organization": "baralga",
            "key": "baralga",
            "name": "Baralga Parent",
            "tags": [],
            "visibility": "public",
            "isNew": false
        },
        {
            "organization": "projectbarbel",
            "key": "org.projectbarbel:barbelhisto",
            "name": "BarbelHisto java library",
            "tags": [],
            "visibility": "public",
            "isNew": false
        },
        {
            "organization": "towerism-github",
            "key": "Towerism_BarbellHero",
            "name": "Barbell Hero",
            "tags": [],
            "visibility": "public",
            "isNew": false
        },
        {
            "organization": "barberapi",
            "key": "barber",
            "name": "barber",
            "tags": [],
            "visibility": "public",
            "isNew": false
        },
        {
            "organization": "barber-shop",
            "key": "BarberAPI",
            "name": "BarberAPI",
            "tags": [],
            "visibility": "public",
            "isNew": false
        },
        {
            "organization": "pierrenoronha-github",
            "key": "dc831c969bef05ae82c2233d03f921abce02344d",
            "name": "Barbershop",
            "tags": [],
            "visibility": "public",
            "isNew": false
        },
        {
            "organization": "mostrovoi-github",
            "key": "com.schibsted.server:test-web-application",
            "name": "Bare Httpserver",
            "tags": [],
            "visibility": "public",
            "isNew": false
        }
    ],
    "facets": [
        {
            "property": "languages",
            "values": [
                {
                    "val": "xml",
                    "count": 14841
                },
                {
                    "val": "web",
                    "count": 13242
                },
                {
                    "val": "java",
                    "count": 13146
                },
                {
                    "val": "css",
                    "count": 11597
                },
                {
                    "val": "js",
                    "count": 11505
                },
                {
                    "val": "cs",
                    "count": 6126
                },
                {
                    "val": "php",
                    "count": 2739
                },
                {
                    "val": "py",
                    "count": 2703
                },
                {
                    "val": "ts",
                    "count": 2053
                },
                {
                    "val": "c",
                    "count": 1733
                }
            ]
        },
        {
            "property": "ncloc",
            "values": [
                {
                    "val": "*-1000.0",
                    "count": 28144
                },
                {
                    "val": "1000.0-10000.0",
                    "count": 18878
                },
                {
                    "val": "10000.0-100000.0",
                    "count": 10810
                },
                {
                    "val": "100000.0-500000.0",
                    "count": 1997
                },
                {
                    "val": "500000.0-*",
                    "count": 378
                }
            ]
        }
    ]
}