{
    "paging": {
        "pageIndex": 591,
        "pageSize": 10,
        "total": 32075
    },
    "organizations": [
        {
            "key": "kuldeepdocker-bitbucket",
            "name": "kuldeep docker"
        },
        {
            "key": "martincoronado",
            "name": "Martin Coronado"
        },
        {
            "key": "k-lakpriya123",
            "name": "Kanchana Lakpriya"
        },
        {
            "key": "amedeo",
            "name": "AmedeoD96"
        },
        {
            "key": "virtocommerce",
            "name": "virtocommerce"
        },
        {
            "key": "farrinp-github",
            "name": "farrinp"
        },
        {
            "key": "unne-sonar-corpus",
            "name": "UNNE Sonar Corpus"
        },
        {
            "key": "7matheus-github",
            "name": "7matheuslino"
        },
        {
            "key": "rcarbone17-github",
            "name": "rcarbone17"
        }
    ],
    "components": [
        {
            "organization": "virtocommerce",
            "key": "vc-storefront:dev-totals-calc",
            "name": "vc-storefront dev-totals-calc",
            "tags": [],
            "visibility": "public",
            "isNew": false
        },
        {
            "organization": "virtocommerce",
            "key": "vc-storefront:liquidFilter",
            "name": "vc-storefront liquidFilter",
            "tags": [],
            "visibility": "public",
            "isNew": false
        },
        {
            "organization": "k-lakpriya123",
            "key": "K-Lakpriya_VehicleServicesAndFuelManagement-System",
            "name": "VehicleServicesAndFuelManagement-System",
            "tags": [],
            "visibility": "public",
            "eligibilityStatus": "COMPLETED",
            "eligible": false,
            "isNew": false
        },
        {
            "organization": "unne-sonar-corpus",
            "key": "unne.sonar:velocity",
            "name": "Velocity",
            "tags": [],
            "visibility": "public",
            "isNew": false
        },
        {
            "organization": "martincoronado",
            "key": "martincoronado_velos_src",
            "name": "velos_src",
            "tags": [],
            "visibility": "public",
            "isNew": false
        },
        {
            "organization": "7matheus-github",
            "key": "7matheus_vendas-service",
            "name": "vendas-service",
            "tags": [],
            "visibility": "public",
            "isNew": false
        },
        {
            "organization": "kuldeepdocker-bitbucket",
            "key": "ec.vendor:Vendor",
            "name": "Vendor Maven Webapp",
            "tags": [],
            "visibility": "public",
            "isNew": false
        },
        {
            "organization": "farrinp-github",
            "key": "farrinp_verademo",
            "name": "verademo Maven Webapp",
            "tags": [],
            "visibility": "public",
            "isNew": false
        },
        {
            "organization": "amedeo",
            "key": "sakay",
            "name": "verademo Maven Webapp",
            "tags": [],
            "visibility": "public",
            "isNew": false
        },
        {
            "organization": "rcarbone17-github",
            "key": "VeraPdf",
            "name": "veraPDF PDF/A Validation Library",
            "tags": [],
            "visibility": "public",
            "isNew": false
        }
    ],
    "facets": [
        {
            "property": "languages",
            "values": [
                {
                    "val": "xml",
                    "count": 14846
                },
                {
                    "val": "web",
                    "count": 13246
                },
                {
                    "val": "java",
                    "count": 13149
                },
                {
                    "val": "css",
                    "count": 11600
                },
                {
                    "val": "js",
                    "count": 11511
                },
                {
                    "val": "cs",
                    "count": 6127
                },
                {
                    "val": "php",
                    "count": 2740
                },
                {
                    "val": "py",
                    "count": 2704
                },
                {
                    "val": "ts",
                    "count": 2054
                },
                {
                    "val": "c",
                    "count": 1733
                }
            ]
        },
        {
            "property": "ncloc",
            "values": [
                {
                    "val": "*-1000.0",
                    "count": 28146
                },
                {
                    "val": "1000.0-10000.0",
                    "count": 18886
                },
                {
                    "val": "10000.0-100000.0",
                    "count": 10813
                },
                {
                    "val": "100000.0-500000.0",
                    "count": 1998
                },
                {
                    "val": "500000.0-*",
                    "count": 378
                }
            ]
        }
    ]
}