{
    "paging": {
        "pageIndex": 465,
        "pageSize": 10,
        "total": 32071
    },
    "organizations": [
        {
            "key": "dita-ot-plugins",
            "name": "dita-ot-plugins"
        },
        {
            "key": "metamug",
            "name": "Metamug"
        },
        {
            "key": "marius-keuck25676",
            "name": "Marius Keuck"
        },
        {
            "key": "demo-niveus",
            "name": "demo-niveus"
        },
        {
            "key": "josecxsta-github",
            "name": "Jos\u00e9 da Costa"
        },
        {
            "key": "gusguma-github",
            "name": "Gustavo Gutierrez"
        },
        {
            "key": "rahulkql-github",
            "name": "Rahul Kesharwani"
        },
        {
            "key": "newtonjose-github",
            "name": "Josenilton S. J."
        },
        {
            "key": "jaac-github",
            "name": "jaac"
        },
        {
            "key": "manywho",
            "name": "Boomi Flow"
        }
    ],
    "components": [
        {
            "organization": "josecxsta-github",
            "key": "josecxsta_cs-2019-01",
            "name": "com.github.josecxsta:cs-2019-01",
            "tags": [],
            "visibility": "public",
            "isNew": false
        },
        {
            "organization": "newtonjose-github",
            "key": "aula09_projeto",
            "name": "com.github.newtonjose:aula09",
            "tags": [],
            "visibility": "public",
            "isNew": false
        },
        {
            "organization": "rahulkql-github",
            "key": "rahulKQL_cloud-bigtable-client",
            "name": "com.google.cloud.bigtable:bigtable-client-parent",
            "tags": [],
            "visibility": "public",
            "isNew": false
        },
        {
            "organization": "dita-ot-plugins",
            "key": "com.here.validate.svrl",
            "name": "com.here.validate.svrl",
            "tags": [],
            "visibility": "public",
            "isNew": false
        },
        {
            "organization": "jaac-github",
            "key": "com.jaaccorp:LostPetApp",
            "name": "com.jaaccorp.LostPetApp",
            "tags": [],
            "visibility": "public",
            "isNew": false
        },
        {
            "organization": "manywho",
            "key": "sdk-java",
            "name": "com.manywho.sdk:project",
            "tags": [],
            "visibility": "public",
            "isNew": false
        },
        {
            "organization": "marius-keuck25676",
            "key": "com.merloxx.evolve.sharp",
            "name": "com.merloxx.evolve.sharp",
            "tags": [],
            "visibility": "public",
            "isNew": false
        },
        {
            "organization": "metamug",
            "key": "metamug_mason",
            "name": "com.metamug:mason",
            "tags": [],
            "visibility": "public",
            "isNew": false
        },
        {
            "organization": "gusguma-github",
            "key": "com.movetto:api",
            "name": "com.movetto.api",
            "tags": [],
            "visibility": "public",
            "isNew": false
        },
        {
            "organization": "demo-niveus",
            "key": "comment",
            "name": "comment",
            "tags": [],
            "visibility": "public",
            "isNew": false
        }
    ],
    "facets": [
        {
            "property": "languages",
            "values": [
                {
                    "val": "xml",
                    "count": 14844
                },
                {
                    "val": "web",
                    "count": 13244
                },
                {
                    "val": "java",
                    "count": 13148
                },
                {
                    "val": "css",
                    "count": 11599
                },
                {
                    "val": "js",
                    "count": 11509
                },
                {
                    "val": "cs",
                    "count": 6127
                },
                {
                    "val": "php",
                    "count": 2740
                },
                {
                    "val": "py",
                    "count": 2703
                },
                {
                    "val": "ts",
                    "count": 2054
                },
                {
                    "val": "c",
                    "count": 1733
                }
            ]
        },
        {
            "property": "ncloc",
            "values": [
                {
                    "val": "*-1000.0",
                    "count": 28144
                },
                {
                    "val": "1000.0-10000.0",
                    "count": 18883
                },
                {
                    "val": "10000.0-100000.0",
                    "count": 10812
                },
                {
                    "val": "100000.0-500000.0",
                    "count": 1998
                },
                {
                    "val": "500000.0-*",
                    "count": 378
                }
            ]
        }
    ]
}