{
    "paging": {
        "pageIndex": 498,
        "pageSize": 10,
        "total": 32069
    },
    "organizations": [
        {
            "key": "danonno",
            "name": "danonno"
        },
        {
            "key": "tailspin-spacegame-web",
            "name": "tailspin-spacegame-web"
        },
        {
            "key": "mscsa",
            "name": "mscsa"
        },
        {
            "key": "dsorathia",
            "name": "dsorathia"
        },
        {
            "key": "codiaz90",
            "name": "codiaz90"
        },
        {
            "key": "cfe",
            "name": "cfe"
        },
        {
            "key": "space-game-web-dm",
            "name": "space-game-web-dm"
        },
        {
            "key": "dmartellgh",
            "name": "Dan Martell"
        },
        {
            "key": "dparki2",
            "name": "dparki2"
        },
        {
            "key": "detredwings02",
            "name": "Andrew Hamilton"
        }
    ],
    "components": [
        {
            "organization": "mscsa",
            "key": "space-game-web-dw",
            "name": "space-game-web-dw",
            "tags": [],
            "visibility": "public",
            "isNew": false
        },
        {
            "organization": "dsorathia",
            "key": "space-game-web-DSS",
            "name": "space-game-web-DSS",
            "tags": [],
            "visibility": "public",
            "isNew": false
        },
        {
            "organization": "dparki2",
            "key": "space-game-web-dparki2",
            "name": "space-game-web-dparki2",
            "tags": [],
            "visibility": "public",
            "isNew": false
        },
        {
            "organization": "danonno",
            "key": "space-game-web-DN",
            "name": "space-game-web-DN",
            "tags": [],
            "visibility": "public",
            "isNew": false
        },
        {
            "organization": "dmartellgh",
            "key": "space-game-web-dmartellgh",
            "name": "space-game-web-dmartellgh",
            "tags": [],
            "visibility": "public",
            "isNew": false
        },
        {
            "organization": "space-game-web-dm",
            "key": "space-game-web-dm",
            "name": "space-game-web-dm",
            "tags": [],
            "visibility": "public",
            "isNew": false
        },
        {
            "organization": "detredwings02",
            "key": "space-game-web-detredwings02",
            "name": "space-game-web-detredwings02",
            "tags": [],
            "visibility": "public",
            "isNew": false
        },
        {
            "organization": "tailspin-spacegame-web",
            "key": "space-game-web-demo",
            "name": "space-game-web-demo",
            "tags": [],
            "visibility": "public",
            "isNew": false
        },
        {
            "organization": "codiaz90",
            "key": "space-game-web-codiaz90",
            "name": "space-game-web-codiaz90",
            "tags": [],
            "visibility": "public",
            "isNew": false
        },
        {
            "organization": "cfe",
            "key": "space-game-web-cfe",
            "name": "space-game-web-cfe",
            "tags": [],
            "visibility": "public",
            "isNew": false
        }
    ],
    "facets": [
        {
            "property": "languages",
            "values": [
                {
                    "val": "xml",
                    "count": 14843
                },
                {
                    "val": "web",
                    "count": 13244
                },
                {
                    "val": "java",
                    "count": 13147
                },
                {
                    "val": "css",
                    "count": 11600
                },
                {
                    "val": "js",
                    "count": 11509
                },
                {
                    "val": "cs",
                    "count": 6127
                },
                {
                    "val": "php",
                    "count": 2740
                },
                {
                    "val": "py",
                    "count": 2703
                },
                {
                    "val": "ts",
                    "count": 2054
                },
                {
                    "val": "c",
                    "count": 1733
                }
            ]
        },
        {
            "property": "ncloc",
            "values": [
                {
                    "val": "*-1000.0",
                    "count": 28145
                },
                {
                    "val": "1000.0-10000.0",
                    "count": 18881
                },
                {
                    "val": "10000.0-100000.0",
                    "count": 10812
                },
                {
                    "val": "100000.0-500000.0",
                    "count": 1998
                },
                {
                    "val": "500000.0-*",
                    "count": 378
                }
            ]
        }
    ]
}