{
    "paging": {
        "pageIndex": 602,
        "pageSize": 10,
        "total": 32066
    },
    "organizations": [
        {
            "key": "tbdev711",
            "name": "TB  Dev"
        },
        {
            "key": "dimsavoskin",
            "name": "\u0421\u0430\u0432\u043e\u0441\u044c\u043a\u0438\u043d \u0414\u043c\u0438\u0442\u0440\u0438\u0439"
        },
        {
            "key": "silentwolf8979",
            "name": "Neil Doebler"
        },
        {
            "key": "don",
            "name": "don"
        },
        {
            "key": "investigacionunad",
            "name": "investigacionUNAD"
        },
        {
            "key": "xmskf",
            "name": "xmskf"
        },
        {
            "key": "revaturejavasparkbatch",
            "name": "revaturejavasparkbatch"
        },
        {
            "key": "dennisblokland-github",
            "name": "dennisblokland"
        },
        {
            "key": "coronasafe",
            "name": "Corona Safe"
        },
        {
            "key": "jthomas999",
            "name": "jthomas999"
        }
    ],
    "components": [
        {
            "organization": "investigacionunad",
            "key": "investigacionUNAD_Probar",
            "name": "Probar",
            "tags": [],
            "visibility": "public",
            "eligibilityStatus": "COMPLETED",
            "eligible": true,
            "isNew": false
        },
        {
            "organization": "don",
            "key": "don",
            "name": "don",
            "tags": [],
            "visibility": "public",
            "isNew": false
        },
        {
            "organization": "dimsavoskin",
            "key": "Dimsavoskin_SeaWorldKotlin",
            "name": "SeaWorldKotlin",
            "tags": [],
            "visibility": "public",
            "eligibilityStatus": "COMPLETED",
            "eligible": true,
            "isNew": false
        },
        {
            "organization": "tbdev711",
            "key": "tbdev711_weather-app",
            "name": "Weather App",
            "tags": [],
            "visibility": "public",
            "isNew": false
        },
        {
            "organization": "coronasafe",
            "key": "coronasafe_coronaRM",
            "name": "coronaRM",
            "tags": [],
            "visibility": "public",
            "eligibilityStatus": "COMPLETED",
            "eligible": true,
            "isNew": false
        },
        {
            "organization": "revaturejavasparkbatch",
            "key": "revaturejavasparkbatch_RevProject2Front",
            "name": "RevProject2Front",
            "tags": [],
            "visibility": "public",
            "isNew": false
        },
        {
            "organization": "xmskf",
            "key": "xmskf_goreportcard",
            "name": "goreportcard",
            "tags": [],
            "visibility": "public",
            "eligibilityStatus": "COMPLETED",
            "eligible": true,
            "isNew": false
        },
        {
            "organization": "dennisblokland-github",
            "key": "dennisblokland_ModDownloads",
            "name": "ModDownloads",
            "tags": [],
            "visibility": "public",
            "isNew": false
        },
        {
            "organization": "jthomas999",
            "key": "jthomas999_photo-gallery",
            "name": "photo-gallery",
            "tags": [],
            "visibility": "public",
            "eligibilityStatus": "COMPLETED",
            "eligible": true,
            "isNew": false
        },
        {
            "organization": "silentwolf8979",
            "key": "SilentWolf8979_Pack239LakeGeneva",
            "name": "Pack239LakeGeneva",
            "tags": [],
            "visibility": "public",
            "isNew": false
        }
    ],
    "facets": [
        {
            "property": "languages",
            "values": [
                {
                    "val": "xml",
                    "count": 14842
                },
                {
                    "val": "web",
                    "count": 13243
                },
                {
                    "val": "java",
                    "count": 13146
                },
                {
                    "val": "css",
                    "count": 11599
                },
                {
                    "val": "js",
                    "count": 11508
                },
                {
                    "val": "cs",
                    "count": 6126
                },
                {
                    "val": "php",
                    "count": 2740
                },
                {
                    "val": "py",
                    "count": 2703
                },
                {
                    "val": "ts",
                    "count": 2054
                },
                {
                    "val": "c",
                    "count": 1733
                }
            ]
        },
        {
            "property": "ncloc",
            "values": [
                {
                    "val": "*-1000.0",
                    "count": 28145
                },
                {
                    "val": "1000.0-10000.0",
                    "count": 18880
                },
                {
                    "val": "10000.0-100000.0",
                    "count": 10810
                },
                {
                    "val": "100000.0-500000.0",
                    "count": 1998
                },
                {
                    "val": "500000.0-*",
                    "count": 378
                }
            ]
        }
    ]
}