{
    "paging": {
        "pageIndex": 308,
        "pageSize": 10,
        "total": 32075
    },
    "organizations": [
        {
            "key": "aweframework",
            "name": "Almis Open Souce"
        },
        {
            "key": "tsovak-github",
            "name": "Tsovak Sahakyan"
        },
        {
            "key": "almiselus-github",
            "name": "AlmiSelus"
        },
        {
            "key": "awdware",
            "name": "awdware"
        },
        {
            "key": "gvansickle-github",
            "name": "Gary R. Van Sickle"
        },
        {
            "key": "naresh-ede",
            "name": "Naresh Ede"
        },
        {
            "key": "danywalls-github",
            "name": "Dany Paredes"
        },
        {
            "key": "clivern-github",
            "name": "Clivern"
        }
    ],
    "components": [
        {
            "organization": "awdware",
            "key": "awdware:ledcontroller",
            "name": "awdware:ledcontroller",
            "tags": [],
            "visibility": "public",
            "isNew": false
        },
        {
            "organization": "awdware",
            "key": "awdware:presentation",
            "name": "awdware:presentation",
            "tags": [],
            "visibility": "public",
            "isNew": false
        },
        {
            "organization": "awdware",
            "key": "awdware:webapi",
            "name": "awdware:webapi",
            "tags": [],
            "visibility": "public",
            "isNew": false
        },
        {
            "organization": "aweframework",
            "key": "aweframework_awe",
            "name": "AWE (V4.2.4-SNAPSHOT)",
            "tags": [
                "spring-boot",
                "javascript",
                "xml"
            ],
            "visibility": "public",
            "isNew": false
        },
        {
            "organization": "tsovak-github",
            "key": "Tsovak_insolar",
            "name": "Awesome CI",
            "tags": [],
            "visibility": "public",
            "isNew": false
        },
        {
            "organization": "clivern-github",
            "key": "Clivern_awesome-go",
            "name": "awesome-go",
            "tags": [],
            "visibility": "public",
            "eligibilityStatus": "COMPLETED",
            "eligible": true,
            "isNew": false
        },
        {
            "organization": "naresh-ede",
            "key": "naresh.ede_awesome-project",
            "name": "awesome-project",
            "tags": [],
            "visibility": "public",
            "isNew": false
        },
        {
            "organization": "danywalls-github",
            "key": "danywalls_awesome-uses",
            "name": "awesome-uses",
            "tags": [],
            "visibility": "public",
            "isNew": false
        },
        {
            "organization": "gvansickle-github",
            "key": "gvansickle_AwesomeMediaLibraryManager",
            "name": "AwesomeMediaLibraryManager",
            "tags": [],
            "visibility": "public",
            "isNew": false
        },
        {
            "organization": "almiselus-github",
            "key": "com.awesomegroup.AwesomeProject",
            "name": "AwesomeProject SonarQube integration",
            "tags": [],
            "visibility": "public",
            "isNew": false
        }
    ],
    "facets": [
        {
            "property": "languages",
            "values": [
                {
                    "val": "xml",
                    "count": 14846
                },
                {
                    "val": "web",
                    "count": 13246
                },
                {
                    "val": "java",
                    "count": 13149
                },
                {
                    "val": "css",
                    "count": 11600
                },
                {
                    "val": "js",
                    "count": 11511
                },
                {
                    "val": "cs",
                    "count": 6127
                },
                {
                    "val": "php",
                    "count": 2740
                },
                {
                    "val": "py",
                    "count": 2704
                },
                {
                    "val": "ts",
                    "count": 2054
                },
                {
                    "val": "c",
                    "count": 1733
                }
            ]
        },
        {
            "property": "ncloc",
            "values": [
                {
                    "val": "*-1000.0",
                    "count": 28146
                },
                {
                    "val": "1000.0-10000.0",
                    "count": 18886
                },
                {
                    "val": "10000.0-100000.0",
                    "count": 10813
                },
                {
                    "val": "100000.0-500000.0",
                    "count": 1998
                },
                {
                    "val": "500000.0-*",
                    "count": 378
                }
            ]
        }
    ]
}