{
    "paging": {
        "pageIndex": 406,
        "pageSize": 10,
        "total": 32063
    },
    "organizations": [
        {
            "key": "schnatterer-github",
            "name": "schnatterer"
        },
        {
            "key": "steklopod-github",
            "name": "steklopod-github"
        },
        {
            "key": "lachmanfrantisek-github",
            "name": "lachmanfrantisek"
        },
        {
            "key": "kosnet2",
            "name": "Karlen"
        },
        {
            "key": "xmiloxp",
            "name": "xmiloxp"
        },
        {
            "key": "beokbeok",
            "name": "Ryan"
        },
        {
            "key": "philips-software",
            "name": "Philips Software"
        },
        {
            "key": "beamop",
            "name": "Marw\u00e2ne Chahed"
        },
        {
            "key": "marcinczenko-github",
            "name": "Marcin Czenko"
        },
        {
            "key": "brunoszczuk-github",
            "name": "Bruno Henrique Pereira Szczuk"
        }
    ],
    "components": [
        {
            "organization": "kosnet2",
            "key": "kosnet2_coffeeSM",
            "name": "coffeeSM",
            "tags": [],
            "visibility": "public",
            "isNew": false
        },
        {
            "organization": "philips-software",
            "key": "philips-software.cogito",
            "name": "cogito",
            "tags": [],
            "visibility": "public",
            "isNew": false
        },
        {
            "organization": "marcinczenko-github",
            "key": "marcinczenko.cogito-test",
            "name": "cogito-test",
            "tags": [],
            "visibility": "public",
            "isNew": false
        },
        {
            "organization": "beokbeok",
            "key": "BeokBeok_CoinHelper",
            "name": "CoinHelper",
            "tags": [],
            "visibility": "public",
            "eligibilityStatus": "COMPLETED",
            "eligible": true,
            "isNew": false
        },
        {
            "organization": "beamop",
            "key": "beamop_coinmarkt",
            "name": "coinmarkt",
            "tags": [],
            "visibility": "public",
            "eligibilityStatus": "COMPLETED",
            "eligible": true,
            "isNew": false
        },
        {
            "organization": "steklopod-github",
            "key": "steklopod-colaba",
            "name": "colaba",
            "tags": [],
            "visibility": "public",
            "isNew": false
        },
        {
            "organization": "schnatterer-github",
            "key": "info.schnatterer.colander:colander-parent",
            "name": "colander-parent",
            "tags": [],
            "visibility": "public",
            "isNew": false
        },
        {
            "organization": "xmiloxp",
            "key": "xmiloxp_colegio",
            "name": "colegio",
            "tags": [],
            "visibility": "public",
            "isNew": false
        },
        {
            "organization": "brunoszczuk-github",
            "key": "BrunoSzczuk_ApontaHidrometro",
            "name": "Coletrometro",
            "tags": [],
            "visibility": "public",
            "isNew": false
        },
        {
            "organization": "lachmanfrantisek-github",
            "key": "colin",
            "name": "colin",
            "tags": [],
            "visibility": "public",
            "isNew": false
        }
    ],
    "facets": [
        {
            "property": "languages",
            "values": [
                {
                    "val": "xml",
                    "count": 14840
                },
                {
                    "val": "web",
                    "count": 13241
                },
                {
                    "val": "java",
                    "count": 13146
                },
                {
                    "val": "css",
                    "count": 11596
                },
                {
                    "val": "js",
                    "count": 11504
                },
                {
                    "val": "cs",
                    "count": 6126
                },
                {
                    "val": "php",
                    "count": 2739
                },
                {
                    "val": "py",
                    "count": 2703
                },
                {
                    "val": "ts",
                    "count": 2053
                },
                {
                    "val": "c",
                    "count": 1733
                }
            ]
        },
        {
            "property": "ncloc",
            "values": [
                {
                    "val": "*-1000.0",
                    "count": 28143
                },
                {
                    "val": "1000.0-10000.0",
                    "count": 18880
                },
                {
                    "val": "10000.0-100000.0",
                    "count": 10809
                },
                {
                    "val": "100000.0-500000.0",
                    "count": 1996
                },
                {
                    "val": "500000.0-*",
                    "count": 378
                }
            ]
        }
    ]
}