{
    "paging": {
        "pageIndex": 129,
        "pageSize": 10,
        "total": 32063
    },
    "organizations": [
        {
            "key": "sergio-de-anda",
            "name": "Sergio De Anda"
        },
        {
            "key": "devops-workshop",
            "name": "devops-workshop"
        },
        {
            "key": "doriyoutse-github",
            "name": "doriyoutse"
        },
        {
            "key": "jdbrouwer3-github",
            "name": "John"
        },
        {
            "key": "mythiligayu1997",
            "name": "mythiligayu1997"
        },
        {
            "key": "simar-pannu",
            "name": "Simar Pannu"
        },
        {
            "key": "ggsimmons1992-github",
            "name": "Gary Simmons"
        },
        {
            "key": "hemant-kumar-rathi-mas30778",
            "name": "Hemant Kumar Rathi (MAS)"
        },
        {
            "key": "test0111",
            "name": "test0111"
        },
        {
            "key": "rlguzman",
            "name": "rlguzman"
        }
    ],
    "components": [
        {
            "organization": "rlguzman",
            "key": "devops-rlguzman",
            "name": "devops-rlguzman",
            "tags": [],
            "visibility": "public",
            "isNew": false
        },
        {
            "organization": "sergio-de-anda",
            "key": "devops-sergio",
            "name": "devops-sergio",
            "tags": [],
            "visibility": "public",
            "isNew": false
        },
        {
            "organization": "ggsimmons1992-github",
            "key": "90955c5e3fa10d8152e71d8ba04bb4d2d4711ab3",
            "name": "devops-today",
            "tags": [],
            "visibility": "public",
            "isNew": false
        },
        {
            "organization": "doriyoutse-github",
            "key": "devops-today-2019",
            "name": "devops-today",
            "tags": [],
            "visibility": "public",
            "isNew": false
        },
        {
            "organization": "jdbrouwer3-github",
            "key": "devops-today-2019-john",
            "name": "devops-today",
            "tags": [],
            "visibility": "public",
            "isNew": false
        },
        {
            "organization": "simar-pannu",
            "key": "Devops-Training",
            "name": "Devops-Training",
            "tags": [],
            "visibility": "public",
            "isNew": false
        },
        {
            "organization": "devops-workshop",
            "key": "devops-workshop",
            "name": "devops-workshop",
            "tags": [],
            "visibility": "public",
            "isNew": false
        },
        {
            "organization": "mythiligayu1997",
            "key": "Devops.mythu",
            "name": "Devops.mythu",
            "tags": [],
            "visibility": "public",
            "isNew": false
        },
        {
            "organization": "test0111",
            "key": "Devops01",
            "name": "Devops01",
            "tags": [],
            "visibility": "public",
            "isNew": false
        },
        {
            "organization": "hemant-kumar-rathi-mas30778",
            "key": "DevOps_Demo",
            "name": "DevOps_Demo",
            "tags": [],
            "visibility": "public",
            "isNew": false
        }
    ],
    "facets": [
        {
            "property": "languages",
            "values": [
                {
                    "val": "xml",
                    "count": 14841
                },
                {
                    "val": "web",
                    "count": 13242
                },
                {
                    "val": "java",
                    "count": 13146
                },
                {
                    "val": "css",
                    "count": 11597
                },
                {
                    "val": "js",
                    "count": 11505
                },
                {
                    "val": "cs",
                    "count": 6126
                },
                {
                    "val": "php",
                    "count": 2739
                },
                {
                    "val": "py",
                    "count": 2703
                },
                {
                    "val": "ts",
                    "count": 2053
                },
                {
                    "val": "c",
                    "count": 1733
                }
            ]
        },
        {
            "property": "ncloc",
            "values": [
                {
                    "val": "*-1000.0",
                    "count": 28145
                },
                {
                    "val": "1000.0-10000.0",
                    "count": 18878
                },
                {
                    "val": "10000.0-100000.0",
                    "count": 10810
                },
                {
                    "val": "100000.0-500000.0",
                    "count": 1997
                },
                {
                    "val": "500000.0-*",
                    "count": 378
                }
            ]
        }
    ]
}