{
    "paging": {
        "pageIndex": 922,
        "pageSize": 10,
        "total": 32071
    },
    "organizations": [
        {
            "key": "consileo",
            "name": "Consileo"
        },
        {
            "key": "clukombo-bitbucket",
            "name": "Christopher LUKOMBO"
        },
        {
            "key": "azure-devops-repos",
            "name": "Azure-DevOps-Repos"
        },
        {
            "key": "spe-potato",
            "name": "spe-potato"
        },
        {
            "key": "kaklakariada-github",
            "name": "ch\u03c0"
        },
        {
            "key": "cpollet-github",
            "name": "Christophe Pollet"
        },
        {
            "key": "igorbrehm-github",
            "name": "IgorBrehm"
        },
        {
            "key": "ffroliva-github",
            "name": "Flavio Oliva"
        },
        {
            "key": "alexismtr-github",
            "name": "AlexisMtr"
        }
    ],
    "components": [
        {
            "organization": "clukombo-bitbucket",
            "key": "journey",
            "name": "portfolio",
            "tags": [],
            "visibility": "public",
            "isNew": false
        },
        {
            "organization": "ffroliva-github",
            "key": "ffroliva_portfolio-backend",
            "name": "portfolio-backend",
            "tags": [],
            "visibility": "public",
            "isNew": false
        },
        {
            "organization": "azure-devops-repos",
            "key": "Portfolio.TimelineCV.Core",
            "name": "Portfolio.TimelineCV.Core",
            "tags": [],
            "visibility": "public",
            "isNew": false
        },
        {
            "organization": "azure-devops-repos",
            "key": "Portfolio.TimelineCV.Web",
            "name": "Portfolio.TimelineCV.Web",
            "tags": [],
            "visibility": "public",
            "isNew": false
        },
        {
            "organization": "kaklakariada-github",
            "key": "com.github.kaklakariada:portmapper",
            "name": "portmapper",
            "tags": [],
            "visibility": "public",
            "isNew": false
        },
        {
            "organization": "alexismtr-github",
            "key": "poseidon-api",
            "name": "poseidon-api",
            "tags": [],
            "visibility": "public",
            "isNew": false
        },
        {
            "organization": "consileo",
            "key": "debeka-postfach",
            "name": "postfach",
            "tags": [],
            "visibility": "public",
            "isNew": false
        },
        {
            "organization": "cpollet-github",
            "key": "net.cpollet.maven.plugins:postman-maven-plugin",
            "name": "Postman Maven Plugin :: Plugin",
            "tags": [
                "maven",
                "plugin",
                "jax-rs",
                "jaxrs"
            ],
            "visibility": "public",
            "isNew": false
        },
        {
            "organization": "igorbrehm-github",
            "key": "IgorBrehm_POTATO",
            "name": "POTATO",
            "tags": [],
            "visibility": "public",
            "isNew": false
        },
        {
            "organization": "spe-potato",
            "key": "uk.ac.cs.bristol:potato-library",
            "name": "Potato Library",
            "tags": [],
            "visibility": "public",
            "isNew": false
        }
    ],
    "facets": [
        {
            "property": "languages",
            "values": [
                {
                    "val": "xml",
                    "count": 14844
                },
                {
                    "val": "web",
                    "count": 13244
                },
                {
                    "val": "java",
                    "count": 13148
                },
                {
                    "val": "css",
                    "count": 11599
                },
                {
                    "val": "js",
                    "count": 11509
                },
                {
                    "val": "cs",
                    "count": 6127
                },
                {
                    "val": "php",
                    "count": 2740
                },
                {
                    "val": "py",
                    "count": 2703
                },
                {
                    "val": "ts",
                    "count": 2054
                },
                {
                    "val": "c",
                    "count": 1733
                }
            ]
        },
        {
            "property": "ncloc",
            "values": [
                {
                    "val": "*-1000.0",
                    "count": 28144
                },
                {
                    "val": "1000.0-10000.0",
                    "count": 18883
                },
                {
                    "val": "10000.0-100000.0",
                    "count": 10812
                },
                {
                    "val": "100000.0-500000.0",
                    "count": 1998
                },
                {
                    "val": "500000.0-*",
                    "count": 378
                }
            ]
        }
    ]
}