{
    "paging": {
        "pageIndex": 386,
        "pageSize": 10,
        "total": 32066
    },
    "organizations": [
        {
            "key": "uchan3",
            "name": "uchan3"
        },
        {
            "key": "vishnuorg",
            "name": "vishnuorg"
        },
        {
            "key": "kt202002",
            "name": "kt202002"
        },
        {
            "key": "devops7amdemo",
            "name": "devops7amdemo"
        },
        {
            "key": "smith-justin",
            "name": "Smith-Justin"
        },
        {
            "key": "chandramohang-github",
            "name": "Chandramohan Ganesan [Mohan]"
        },
        {
            "key": "ogponce",
            "name": "ogponce"
        },
        {
            "key": "orgdemosonar",
            "name": "orgdemosonar"
        },
        {
            "key": "daniela-duduleanu61846",
            "name": "Daniela Duduleanu"
        },
        {
            "key": "immanuelv",
            "name": "Immanuel Vattakunnel"
        }
    ],
    "components": [
        {
            "organization": "vishnuorg",
            "key": "vishnutestorg.visualstudio.com.devops-CI",
            "name": "devopsci",
            "tags": [],
            "visibility": "public",
            "isNew": false
        },
        {
            "organization": "chandramohang-github",
            "key": "ChandramohanG_DevOpsDemo",
            "name": "DevOpsDemo",
            "tags": [],
            "visibility": "public",
            "isNew": false
        },
        {
            "organization": "orgdemosonar",
            "key": "DemoSonarKey",
            "name": "devopsdemo",
            "tags": [],
            "visibility": "public",
            "isNew": false
        },
        {
            "organization": "uchan3",
            "key": "DevOpsWorld",
            "name": "DevOpsDemo",
            "tags": [],
            "visibility": "public",
            "isNew": false
        },
        {
            "organization": "smith-justin",
            "key": "devopsdemo2020",
            "name": "DevopsDemo",
            "tags": [],
            "visibility": "public",
            "isNew": false
        },
        {
            "organization": "ogponce",
            "key": "devopsworld2019",
            "name": "devopsdemo",
            "tags": [],
            "visibility": "public",
            "isNew": false
        },
        {
            "organization": "kt202002",
            "key": "DevOpsDemo1",
            "name": "DevOpsDemo1",
            "tags": [],
            "visibility": "public",
            "isNew": false
        },
        {
            "organization": "immanuelv",
            "key": "DevopsDemo2019",
            "name": "DevopsDemo2019",
            "tags": [],
            "visibility": "public",
            "isNew": false
        },
        {
            "organization": "devops7amdemo",
            "key": "devops7amdemo",
            "name": "DevOpsDemo7AM",
            "tags": [],
            "visibility": "public",
            "isNew": false
        },
        {
            "organization": "daniela-duduleanu61846",
            "key": "DevOpsDemo_Sonar",
            "name": "DevOpsDemo_Sonar",
            "tags": [],
            "visibility": "public",
            "isNew": false
        }
    ],
    "facets": [
        {
            "property": "languages",
            "values": [
                {
                    "val": "xml",
                    "count": 14842
                },
                {
                    "val": "web",
                    "count": 13243
                },
                {
                    "val": "java",
                    "count": 13146
                },
                {
                    "val": "css",
                    "count": 11599
                },
                {
                    "val": "js",
                    "count": 11508
                },
                {
                    "val": "cs",
                    "count": 6126
                },
                {
                    "val": "php",
                    "count": 2740
                },
                {
                    "val": "py",
                    "count": 2703
                },
                {
                    "val": "ts",
                    "count": 2054
                },
                {
                    "val": "c",
                    "count": 1733
                }
            ]
        },
        {
            "property": "ncloc",
            "values": [
                {
                    "val": "*-1000.0",
                    "count": 28145
                },
                {
                    "val": "1000.0-10000.0",
                    "count": 18880
                },
                {
                    "val": "10000.0-100000.0",
                    "count": 10810
                },
                {
                    "val": "100000.0-500000.0",
                    "count": 1998
                },
                {
                    "val": "500000.0-*",
                    "count": 378
                }
            ]
        }
    ]
}