{
    "paging": {
        "pageIndex": 452,
        "pageSize": 10,
        "total": 32071
    },
    "organizations": [
        {
            "key": "intellecteu",
            "name": "intellecteu-bitbucket"
        },
        {
            "key": "schmid",
            "name": "andreschmid"
        },
        {
            "key": "vijayvani-github",
            "name": "vijayvani"
        },
        {
            "key": "cata",
            "name": "cata"
        },
        {
            "key": "symball-github",
            "name": "Simon"
        },
        {
            "key": "teste_rhs",
            "name": "teste_rhs"
        },
        {
            "key": "modelli1819-github",
            "name": "modelli1819"
        },
        {
            "key": "martinfrank-github",
            "name": "Martin Frank"
        },
        {
            "key": "catrenelle-github",
            "name": "Catherine Renelle"
        },
        {
            "key": "sai-pullabhotla-github",
            "name": "Sai Pullabhotla"
        }
    ],
    "components": [
        {
            "organization": "cata",
            "key": "cata",
            "name": "cata",
            "tags": [],
            "visibility": "public",
            "isNew": false
        },
        {
            "organization": "vijayvani-github",
            "key": "vijayvani_fenix-commons",
            "name": "Catalog",
            "tags": [],
            "visibility": "public",
            "isNew": false
        },
        {
            "organization": "schmid",
            "key": "org.openecomp.sdc:catalog-ui",
            "name": "catalog-ui",
            "tags": [],
            "visibility": "public",
            "isNew": false
        },
        {
            "organization": "intellecteu",
            "key": "com.intellecteu.catalyst:catalyst",
            "name": "Catalyst Initializr",
            "tags": [],
            "visibility": "public",
            "isNew": false
        },
        {
            "organization": "modelli1819-github",
            "key": "catalysta",
            "name": "Catalyst Parent Pom",
            "tags": [],
            "visibility": "public",
            "isNew": false
        },
        {
            "organization": "martinfrank-github",
            "key": "martinFrank_catansettler",
            "name": "catansettler",
            "tags": [],
            "visibility": "public",
            "isNew": false
        },
        {
            "organization": "symball-github",
            "key": "symball_catapult-server",
            "name": "Catapult Server",
            "tags": [],
            "visibility": "public",
            "isNew": false
        },
        {
            "organization": "teste_rhs",
            "key": "catarina",
            "name": "catarina",
            "tags": [],
            "visibility": "public",
            "isNew": false
        },
        {
            "organization": "sai-pullabhotla-github",
            "key": "com.jmethods:catatumbo",
            "name": "Catatumbo",
            "tags": [],
            "visibility": "public",
            "isNew": false
        },
        {
            "organization": "catrenelle-github",
            "key": "CatBot",
            "name": "CatBot",
            "tags": [],
            "visibility": "public",
            "isNew": false
        }
    ],
    "facets": [
        {
            "property": "languages",
            "values": [
                {
                    "val": "xml",
                    "count": 14844
                },
                {
                    "val": "web",
                    "count": 13244
                },
                {
                    "val": "java",
                    "count": 13148
                },
                {
                    "val": "css",
                    "count": 11599
                },
                {
                    "val": "js",
                    "count": 11509
                },
                {
                    "val": "cs",
                    "count": 6127
                },
                {
                    "val": "php",
                    "count": 2740
                },
                {
                    "val": "py",
                    "count": 2703
                },
                {
                    "val": "ts",
                    "count": 2054
                },
                {
                    "val": "c",
                    "count": 1733
                }
            ]
        },
        {
            "property": "ncloc",
            "values": [
                {
                    "val": "*-1000.0",
                    "count": 28144
                },
                {
                    "val": "1000.0-10000.0",
                    "count": 18883
                },
                {
                    "val": "10000.0-100000.0",
                    "count": 10812
                },
                {
                    "val": "100000.0-500000.0",
                    "count": 1998
                },
                {
                    "val": "500000.0-*",
                    "count": 378
                }
            ]
        }
    ]
}