{
    "paging": {
        "pageIndex": 661,
        "pageSize": 10,
        "total": 32065
    },
    "organizations": [
        {
            "key": "dylan-carey92395",
            "name": "Dylan Carey"
        },
        {
            "key": "stin91-github",
            "name": "stin91"
        },
        {
            "key": "sri2580",
            "name": "sri2580"
        },
        {
            "key": "sese-xp3-ws2017",
            "name": "SeSe XP3 WS2017"
        },
        {
            "key": "ernoma-github",
            "name": "Erno M\u00e4kinen"
        },
        {
            "key": "fcusmai1-github",
            "name": "fcusmai1"
        },
        {
            "key": "nsi2019",
            "name": "nsi2019"
        },
        {
            "key": "mahernajar",
            "name": "Maher NAJAR"
        },
        {
            "key": "frank96c-github",
            "name": "frank96c"
        },
        {
            "key": "sonyareznikova-github",
            "name": "Sonya"
        }
    ],
    "components": [
        {
            "organization": "mahernajar",
            "key": "MaherNajar_hotel",
            "name": "hotel",
            "tags": [],
            "visibility": "public",
            "eligibilityStatus": "COMPLETED",
            "eligible": true,
            "isNew": false
        },
        {
            "organization": "sri2580",
            "key": "aspcore2580",
            "name": "Hotel",
            "tags": [],
            "visibility": "public",
            "isNew": false
        },
        {
            "organization": "nsi2019",
            "key": "Hotel.InvoicingPayment",
            "name": "Hotel.InvoicingPayment",
            "tags": [],
            "visibility": "public",
            "isNew": false
        },
        {
            "organization": "dylan-carey92395",
            "key": "Hotel_Sys",
            "name": "Hotel_Sys",
            "tags": [],
            "visibility": "public",
            "isNew": false
        },
        {
            "organization": "sese-xp3-ws2017",
            "key": "at.ac.tuwien.student.sese2017.xp:hotelmanagement",
            "name": "hotelmanagement",
            "tags": [],
            "visibility": "public",
            "isNew": false
        },
        {
            "organization": "sonyareznikova-github",
            "key": "ru.innopolis:HotelManagerSystem",
            "name": "HotelManagerSystem Maven Webapp",
            "tags": [],
            "visibility": "public",
            "isNew": false
        },
        {
            "organization": "stin91-github",
            "key": "ale",
            "name": "HotelPropertiesManagementSystem",
            "tags": [],
            "visibility": "public",
            "isNew": false
        },
        {
            "organization": "fcusmai1-github",
            "key": "fproject1",
            "name": "HotelPropertiesManagementSystem",
            "tags": [],
            "visibility": "public",
            "isNew": false
        },
        {
            "organization": "frank96c-github",
            "key": "testper",
            "name": "HotelPropertiesManagementSystem",
            "tags": [],
            "visibility": "public",
            "isNew": false
        },
        {
            "organization": "ernoma-github",
            "key": "ernoma_HOTMapathonStats",
            "name": "HOTMapathonStats",
            "tags": [],
            "visibility": "public",
            "isNew": false
        }
    ],
    "facets": [
        {
            "property": "languages",
            "values": [
                {
                    "val": "xml",
                    "count": 14842
                },
                {
                    "val": "web",
                    "count": 13243
                },
                {
                    "val": "java",
                    "count": 13146
                },
                {
                    "val": "css",
                    "count": 11599
                },
                {
                    "val": "js",
                    "count": 11507
                },
                {
                    "val": "cs",
                    "count": 6126
                },
                {
                    "val": "php",
                    "count": 2740
                },
                {
                    "val": "py",
                    "count": 2703
                },
                {
                    "val": "ts",
                    "count": 2054
                },
                {
                    "val": "c",
                    "count": 1733
                }
            ]
        },
        {
            "property": "ncloc",
            "values": [
                {
                    "val": "*-1000.0",
                    "count": 28145
                },
                {
                    "val": "1000.0-10000.0",
                    "count": 18879
                },
                {
                    "val": "10000.0-100000.0",
                    "count": 10810
                },
                {
                    "val": "100000.0-500000.0",
                    "count": 1998
                },
                {
                    "val": "500000.0-*",
                    "count": 378
                }
            ]
        }
    ]
}