{
    "paging": {
        "pageIndex": 410,
        "pageSize": 10,
        "total": 32066
    },
    "organizations": [
        {
            "key": "docwhat",
            "name": "Christian H\u00f6ltje"
        },
        {
            "key": "nopearx-github",
            "name": "Gregory"
        },
        {
            "key": "htshiang-bitbucket",
            "name": "\u5411\u7693\u7530"
        },
        {
            "key": "kyanha-github",
            "name": "Kyle H"
        },
        {
            "key": "vijayvani-github",
            "name": "vijayvani"
        },
        {
            "key": "citation-file-format",
            "name": "citation-file-format"
        },
        {
            "key": "grindrodbank",
            "name": "Grindrod Bank Limited"
        },
        {
            "key": "dokan-dev",
            "name": "dokan-dev"
        },
        {
            "key": "gabrywu",
            "name": "gabry.wu"
        }
    ],
    "components": [
        {
            "organization": "nopearx-github",
            "key": "DocumentumTC",
            "name": "DocumentumTC",
            "tags": [],
            "visibility": "public",
            "isNew": false
        },
        {
            "organization": "vijayvani-github",
            "key": "vijayvani_docusign-java-client",
            "name": "docusign-esign-java",
            "tags": [],
            "visibility": "public",
            "isNew": false
        },
        {
            "organization": "docwhat",
            "key": "docwhat_docwhat",
            "name": "docwhat",
            "tags": [],
            "visibility": "public",
            "isNew": false
        },
        {
            "organization": "citation-file-format",
            "key": "doi2cff",
            "name": "doi2cff",
            "tags": [],
            "visibility": "public",
            "isNew": false
        },
        {
            "organization": "kyanha-github",
            "key": "kyanha-dokan-dotnet",
            "name": "Dokan.Net",
            "tags": [],
            "visibility": "public",
            "isNew": false
        },
        {
            "organization": "dokan-dev",
            "key": "dokany",
            "name": "dokany",
            "tags": [],
            "visibility": "public",
            "isNew": false
        },
        {
            "organization": "dokan-dev",
            "key": "dokany-dev-sys",
            "name": "dokany-sys",
            "tags": [],
            "visibility": "public",
            "isNew": false
        },
        {
            "organization": "grindrodbank",
            "key": "GrindrodBank_dokuti",
            "name": "dokuti",
            "tags": [],
            "visibility": "public",
            "isNew": false
        },
        {
            "organization": "htshiang-bitbucket",
            "key": "htshiang_dolphin-js5",
            "name": "dolphin-js5",
            "tags": [],
            "visibility": "public",
            "isNew": false
        },
        {
            "organization": "gabrywu",
            "key": "gabrywu_incubator-dolphinscheduler",
            "name": "dolphinscheduler",
            "tags": [
                "dev"
            ],
            "visibility": "public",
            "eligibilityStatus": "COMPLETED",
            "eligible": false,
            "isNew": false
        }
    ],
    "facets": [
        {
            "property": "languages",
            "values": [
                {
                    "val": "xml",
                    "count": 14842
                },
                {
                    "val": "web",
                    "count": 13243
                },
                {
                    "val": "java",
                    "count": 13146
                },
                {
                    "val": "css",
                    "count": 11599
                },
                {
                    "val": "js",
                    "count": 11508
                },
                {
                    "val": "cs",
                    "count": 6126
                },
                {
                    "val": "php",
                    "count": 2740
                },
                {
                    "val": "py",
                    "count": 2703
                },
                {
                    "val": "ts",
                    "count": 2054
                },
                {
                    "val": "c",
                    "count": 1733
                }
            ]
        },
        {
            "property": "ncloc",
            "values": [
                {
                    "val": "*-1000.0",
                    "count": 28145
                },
                {
                    "val": "1000.0-10000.0",
                    "count": 18880
                },
                {
                    "val": "10000.0-100000.0",
                    "count": 10810
                },
                {
                    "val": "100000.0-500000.0",
                    "count": 1998
                },
                {
                    "val": "500000.0-*",
                    "count": 378
                }
            ]
        }
    ]
}