{
    "paging": {
        "pageIndex": 937,
        "pageSize": 10,
        "total": 32064
    },
    "organizations": [
        {
            "key": "billbeavanade",
            "name": "billbeavanade"
        },
        {
            "key": "sogetrel-bitbucket",
            "name": "Sogetrel"
        },
        {
            "key": "vibioh",
            "name": "vibioh"
        },
        {
            "key": "bitgrip",
            "name": "bitgrip GmbH"
        },
        {
            "key": "volschin-github",
            "name": "volschin"
        },
        {
            "key": "savelascod-bitbucket",
            "name": "Alejandro Velasco"
        },
        {
            "key": "lucav76",
            "name": "Luca Venturi"
        },
        {
            "key": "dawis-thanio-neves-teixeira37737",
            "name": "DAWIS THANIO NEVES TEIXEIRA"
        },
        {
            "key": "ihhub",
            "name": "Ihar Hubchyk"
        },
        {
            "key": "onap",
            "name": "Open Network Automation Platform (ONAP)"
        }
    ],
    "components": [
        {
            "organization": "sogetrel-bitbucket",
            "key": "1563456n",
            "name": "FFTH",
            "tags": [],
            "visibility": "public",
            "isNew": false
        },
        {
            "organization": "onap",
            "key": "onap_optf-fgps",
            "name": "fgps",
            "tags": [],
            "visibility": "public",
            "isNew": false
        },
        {
            "organization": "savelascod-bitbucket",
            "key": "unal:fgthunter",
            "name": "fgthunter",
            "tags": [],
            "visibility": "public",
            "isNew": false
        },
        {
            "organization": "volschin-github",
            "key": "volschin_fhem-mirror",
            "name": "fhem-mirror",
            "tags": [],
            "visibility": "public",
            "eligibilityStatus": "COMPLETED",
            "eligible": false,
            "isNew": false
        },
        {
            "organization": "ihhub",
            "key": "ihhub_fheroes2",
            "name": "fheroes2",
            "tags": [],
            "visibility": "public",
            "eligibilityStatus": "COMPLETED",
            "eligible": false,
            "isNew": false
        },
        {
            "organization": "billbeavanade",
            "key": "fhpoc",
            "name": "fhpoc",
            "tags": [],
            "visibility": "public",
            "isNew": false
        },
        {
            "organization": "dawis-thanio-neves-teixeira37737",
            "key": "fiap-dawis",
            "name": "fiap dawis",
            "tags": [],
            "visibility": "public",
            "isNew": false
        },
        {
            "organization": "vibioh",
            "key": "ViBiOh_fibr",
            "name": "fibr",
            "tags": [],
            "visibility": "public",
            "isNew": false
        },
        {
            "organization": "lucav76",
            "key": "lucav76_Fibry",
            "name": "fibry",
            "tags": [],
            "visibility": "public",
            "isNew": false
        },
        {
            "organization": "bitgrip",
            "key": "de.bitgrip.ficum:ficum",
            "name": "FICUM - Dynamic Filters",
            "tags": [],
            "visibility": "public",
            "isNew": false
        }
    ],
    "facets": [
        {
            "property": "languages",
            "values": [
                {
                    "val": "xml",
                    "count": 14841
                },
                {
                    "val": "web",
                    "count": 13242
                },
                {
                    "val": "java",
                    "count": 13146
                },
                {
                    "val": "css",
                    "count": 11597
                },
                {
                    "val": "js",
                    "count": 11505
                },
                {
                    "val": "cs",
                    "count": 6126
                },
                {
                    "val": "php",
                    "count": 2740
                },
                {
                    "val": "py",
                    "count": 2703
                },
                {
                    "val": "ts",
                    "count": 2053
                },
                {
                    "val": "c",
                    "count": 1733
                }
            ]
        },
        {
            "property": "ncloc",
            "values": [
                {
                    "val": "*-1000.0",
                    "count": 28144
                },
                {
                    "val": "1000.0-10000.0",
                    "count": 18879
                },
                {
                    "val": "10000.0-100000.0",
                    "count": 10810
                },
                {
                    "val": "100000.0-500000.0",
                    "count": 1997
                },
                {
                    "val": "500000.0-*",
                    "count": 378
                }
            ]
        }
    ]
}