{
    "paging": {
        "pageIndex": 634,
        "pageSize": 10,
        "total": 32068
    },
    "organizations": [
        {
            "key": "java_1804",
            "name": "java"
        },
        {
            "key": "zhuangyu0411001-github",
            "name": "zhuangyu0411001"
        },
        {
            "key": "andes",
            "name": "ANDES: Aplicaciones Neuquinas De Salud"
        },
        {
            "key": "yogskarma",
            "name": "yogskarma"
        },
        {
            "key": "andrasmarkus-github",
            "name": "Andras Markus"
        },
        {
            "key": "crowsofwar-github",
            "name": "Crows Of War"
        },
        {
            "key": "luanpereira-github",
            "name": "LUAN"
        },
        {
            "key": "2ndrei-github",
            "name": "Andrei"
        },
        {
            "key": "neha07mishra-github",
            "name": "neha07mishra"
        },
        {
            "key": "accionadevs",
            "name": "AccionaDevs"
        }
    ],
    "components": [
        {
            "organization": "neha07mishra-github",
            "key": "neha07mishra_ProductMaster",
            "name": "ProductMaster",
            "tags": [],
            "visibility": "public",
            "isNew": false
        },
        {
            "organization": "crowsofwar-github",
            "key": "com.crowsofwar.avatarmod:AvatarMod:backgrounds",
            "name": "AvatarMod backgrounds",
            "tags": [],
            "visibility": "public",
            "isNew": false
        },
        {
            "organization": "accionadevs",
            "key": "accionadevs_ng",
            "name": "Sistema de Solicitudes de Bienes",
            "tags": [],
            "visibility": "public",
            "isNew": false
        },
        {
            "organization": "andrasmarkus-github",
            "key": "myifogsim",
            "name": "myifogsim",
            "tags": [],
            "visibility": "public",
            "isNew": false
        },
        {
            "organization": "zhuangyu0411001-github",
            "key": "com.hqyj:mymana",
            "name": "mymana",
            "tags": [],
            "visibility": "public",
            "isNew": false
        },
        {
            "organization": "yogskarma",
            "key": "yogskarma_peatio",
            "name": "peatio",
            "tags": [],
            "visibility": "public",
            "eligibilityStatus": "COMPLETED",
            "eligible": true,
            "isNew": true
        },
        {
            "organization": "2ndrei-github",
            "key": "ASP_Chat",
            "name": "ASP_Chat",
            "tags": [],
            "visibility": "public",
            "isNew": false
        },
        {
            "organization": "java_1804",
            "key": "avro_180410",
            "name": "avro",
            "tags": [],
            "visibility": "public",
            "isNew": false
        },
        {
            "organization": "luanpereira-github",
            "key": "br.gov.ma.sefaz.nfae:nfae",
            "name": "NFA-e",
            "tags": [],
            "visibility": "public",
            "isNew": false
        },
        {
            "organization": "andes",
            "key": "andes_api",
            "name": "api",
            "tags": [],
            "visibility": "public",
            "isNew": false
        }
    ],
    "facets": [
        {
            "property": "languages",
            "values": [
                {
                    "val": "xml",
                    "count": 14842
                },
                {
                    "val": "web",
                    "count": 13244
                },
                {
                    "val": "java",
                    "count": 13146
                },
                {
                    "val": "css",
                    "count": 11600
                },
                {
                    "val": "js",
                    "count": 11509
                },
                {
                    "val": "cs",
                    "count": 6127
                },
                {
                    "val": "php",
                    "count": 2740
                },
                {
                    "val": "py",
                    "count": 2703
                },
                {
                    "val": "ts",
                    "count": 2054
                },
                {
                    "val": "c",
                    "count": 1733
                }
            ]
        },
        {
            "property": "ncloc",
            "values": [
                {
                    "val": "*-1000.0",
                    "count": 28145
                },
                {
                    "val": "1000.0-10000.0",
                    "count": 18881
                },
                {
                    "val": "10000.0-100000.0",
                    "count": 10811
                },
                {
                    "val": "100000.0-500000.0",
                    "count": 1998
                },
                {
                    "val": "500000.0-*",
                    "count": 378
                }
            ]
        }
    ]
}