{
    "paging": {
        "pageIndex": 764,
        "pageSize": 10,
        "total": 32068
    },
    "organizations": [
        {
            "key": "navit",
            "name": "NAV"
        },
        {
            "key": "dean",
            "name": "dean"
        },
        {
            "key": "makeitfine-org",
            "name": "Makeitfine-org"
        },
        {
            "key": "lucaserlacher-github",
            "name": "Lucas Erlacher Rodrigues"
        },
        {
            "key": "virtocommerce",
            "name": "virtocommerce"
        },
        {
            "key": "defano-github",
            "name": "Matt DeFano"
        },
        {
            "key": "kavya-vardhaman29206",
            "name": "Kavya Vardhaman"
        },
        {
            "key": "supertasball",
            "name": "supertasball"
        },
        {
            "key": "cuisineideale-github",
            "name": "CuisineIdeale"
        },
        {
            "key": "saiaku-gaming",
            "name": "saiaku-gaming"
        }
    ],
    "components": [
        {
            "organization": "navit",
            "key": "navikt_testnorge",
            "name": "testnorge",
            "tags": [],
            "visibility": "public",
            "eligibilityStatus": "COMPLETED",
            "eligible": false,
            "isNew": false
        },
        {
            "organization": "lucaserlacher-github",
            "key": "br.com.amawebinterface:AMAWEBInterface",
            "name": "AMAWEBInterface",
            "tags": [],
            "visibility": "public",
            "isNew": false
        },
        {
            "organization": "kavya-vardhaman29206",
            "key": "feds",
            "name": "FED-POC-Nikhil",
            "tags": [],
            "visibility": "public",
            "isNew": false
        },
        {
            "organization": "saiaku-gaming",
            "key": "com.valhallagame.valhalla:instance-service-server",
            "name": "Instance Service Server",
            "tags": [],
            "visibility": "public",
            "isNew": false
        },
        {
            "organization": "makeitfine-org",
            "key": "com.stingion:makeitfine",
            "name": "makeitfine",
            "tags": [],
            "visibility": "public",
            "isNew": false
        },
        {
            "organization": "cuisineideale-github",
            "key": "MoniA",
            "name": "MoniA",
            "tags": [],
            "visibility": "public",
            "isNew": false
        },
        {
            "organization": "supertasball",
            "key": "supertasball",
            "name": "supertasball",
            "tags": [],
            "visibility": "public",
            "isNew": false
        },
        {
            "organization": "virtocommerce",
            "key": "vc-module-marketing:dev",
            "name": "vc-module-marketing dev",
            "tags": [],
            "visibility": "public",
            "isNew": false
        },
        {
            "organization": "defano-github",
            "key": "wyldcard",
            "name": "wyldcard",
            "tags": [],
            "visibility": "public",
            "isNew": false
        },
        {
            "organization": "dean",
            "key": "Angular_Tour_of_Heroes",
            "name": "Angular_Tour_of_Heroes",
            "tags": [],
            "visibility": "public",
            "isNew": false
        }
    ],
    "facets": [
        {
            "property": "languages",
            "values": [
                {
                    "val": "xml",
                    "count": 14842
                },
                {
                    "val": "web",
                    "count": 13244
                },
                {
                    "val": "java",
                    "count": 13146
                },
                {
                    "val": "css",
                    "count": 11600
                },
                {
                    "val": "js",
                    "count": 11509
                },
                {
                    "val": "cs",
                    "count": 6127
                },
                {
                    "val": "php",
                    "count": 2740
                },
                {
                    "val": "py",
                    "count": 2703
                },
                {
                    "val": "ts",
                    "count": 2054
                },
                {
                    "val": "c",
                    "count": 1733
                }
            ]
        },
        {
            "property": "ncloc",
            "values": [
                {
                    "val": "*-1000.0",
                    "count": 28145
                },
                {
                    "val": "1000.0-10000.0",
                    "count": 18881
                },
                {
                    "val": "10000.0-100000.0",
                    "count": 10811
                },
                {
                    "val": "100000.0-500000.0",
                    "count": 1998
                },
                {
                    "val": "500000.0-*",
                    "count": 378
                }
            ]
        }
    ]
}