{
    "paging": {
        "pageIndex": 747,
        "pageSize": 10,
        "total": 32066
    },
    "organizations": [
        {
            "key": "masuhr-dev",
            "name": "masuhr-dev"
        },
        {
            "key": "au-re",
            "name": "Aur\u00e9lien Franky"
        },
        {
            "key": "wikenbrant",
            "name": "Wikenbrant"
        },
        {
            "key": "brunosco",
            "name": "brunosco"
        },
        {
            "key": "rand0mdev",
            "name": "Bechir Ba"
        },
        {
            "key": "shopkubernetesspringboot",
            "name": "shopKubernetesSpringboot"
        },
        {
            "key": "arunko34-34",
            "name": "arunko34-34"
        },
        {
            "key": "msft-spacegame-coderbn",
            "name": "msft-spacegame-coderbn"
        },
        {
            "key": "daily-star",
            "name": "Daily-Star"
        }
    ],
    "components": [
        {
            "organization": "arunko34-34",
            "key": "arunko34_mslearn-tailspin-spacegame-web",
            "name": "mslearn-tailspin-spacegame-web",
            "tags": [],
            "visibility": "public",
            "eligibilityStatus": "COMPLETED",
            "eligible": false,
            "isNew": false
        },
        {
            "organization": "daily-star",
            "key": "net.thedailystar.app:flyaway",
            "name": "FlyAway",
            "tags": [],
            "visibility": "public",
            "isNew": false
        },
        {
            "organization": "rand0mdev",
            "key": "rand0mdev_rim-edu",
            "name": "courat",
            "tags": [],
            "visibility": "public",
            "eligibilityStatus": "COMPLETED",
            "eligible": true,
            "isNew": false
        },
        {
            "organization": "au-re",
            "key": "au-re_ramen",
            "name": "ramen",
            "tags": [],
            "visibility": "public",
            "isNew": false
        },
        {
            "organization": "wikenbrant",
            "key": "Wikenbrant_TopStyle-Webbshop",
            "name": "TopStyle-Webbshop",
            "tags": [],
            "visibility": "public",
            "eligibilityStatus": "COMPLETED",
            "eligible": true,
            "isNew": false
        },
        {
            "organization": "wikenbrant",
            "key": "Wikenbrant_SwedenWeatherApplication",
            "name": "SwedenWeatherApplication",
            "tags": [],
            "visibility": "public",
            "eligibilityStatus": "COMPLETED",
            "eligible": true,
            "isNew": false
        },
        {
            "organization": "brunosco",
            "key": "brunosco_mehari",
            "name": "mehari",
            "tags": [],
            "visibility": "public",
            "eligibilityStatus": "COMPLETED",
            "eligible": false,
            "isNew": false
        },
        {
            "organization": "msft-spacegame-coderbn",
            "key": "coderbn_mslearn-tailspin-spacegame-web",
            "name": "mslearn-tailspin-spacegame-web",
            "tags": [],
            "visibility": "public",
            "eligibilityStatus": "COMPLETED",
            "eligible": false,
            "isNew": false
        },
        {
            "organization": "masuhr-dev",
            "key": "pl.masuhr.avocado.backend",
            "name": "av-backend",
            "tags": [],
            "visibility": "public",
            "isNew": false
        },
        {
            "organization": "shopkubernetesspringboot",
            "key": "shopKubernetesSpringboot_frontEnd-React",
            "name": "frontEnd-React",
            "tags": [],
            "visibility": "public",
            "eligibilityStatus": "COMPLETED",
            "eligible": true,
            "isNew": false
        }
    ],
    "facets": [
        {
            "property": "languages",
            "values": [
                {
                    "val": "xml",
                    "count": 14842
                },
                {
                    "val": "web",
                    "count": 13243
                },
                {
                    "val": "java",
                    "count": 13146
                },
                {
                    "val": "css",
                    "count": 11599
                },
                {
                    "val": "js",
                    "count": 11508
                },
                {
                    "val": "cs",
                    "count": 6126
                },
                {
                    "val": "php",
                    "count": 2740
                },
                {
                    "val": "py",
                    "count": 2703
                },
                {
                    "val": "ts",
                    "count": 2054
                },
                {
                    "val": "c",
                    "count": 1733
                }
            ]
        },
        {
            "property": "ncloc",
            "values": [
                {
                    "val": "*-1000.0",
                    "count": 28145
                },
                {
                    "val": "1000.0-10000.0",
                    "count": 18880
                },
                {
                    "val": "10000.0-100000.0",
                    "count": 10810
                },
                {
                    "val": "100000.0-500000.0",
                    "count": 1998
                },
                {
                    "val": "500000.0-*",
                    "count": 378
                }
            ]
        }
    ]
}