{
    "paging": {
        "pageIndex": 210,
        "pageSize": 10,
        "total": 32063
    },
    "organizations": [
        {
            "key": "tkrapp-github",
            "name": "Thomas Krapp"
        },
        {
            "key": "marcouio-github",
            "name": "Marco Molinari"
        }
    ],
    "components": [
        {
            "organization": "tkrapp-github",
            "key": "Nancy-Messung1-Windows",
            "name": "Nancy-Messung1-Windows",
            "tags": [],
            "visibility": "public",
            "isNew": false
        },
        {
            "organization": "marcouio-github",
            "key": "com.molinari:gestionespese",
            "name": "gestionespese",
            "tags": [],
            "visibility": "public",
            "isNew": false
        },
        {
            "organization": "tkrapp-github",
            "key": "Wox-Messung1-Windows",
            "name": "Wox-Messung1-Windows",
            "tags": [],
            "visibility": "public",
            "isNew": false
        },
        {
            "organization": "tkrapp-github",
            "key": "LightBulb-Messung1-Windows",
            "name": "LightBulb-Messung1-Windows",
            "tags": [],
            "visibility": "public",
            "isNew": false
        },
        {
            "organization": "tkrapp-github",
            "key": "jquery-Messung1",
            "name": "jquery-Messung1",
            "tags": [],
            "visibility": "public",
            "isNew": false
        },
        {
            "organization": "tkrapp-github",
            "key": "jquery-Messung2",
            "name": "jquery-Messung2",
            "tags": [],
            "visibility": "public",
            "isNew": false
        },
        {
            "organization": "tkrapp-github",
            "key": "knockout-Messung1",
            "name": "knockout-Messung1",
            "tags": [],
            "visibility": "public",
            "isNew": false
        },
        {
            "organization": "tkrapp-github",
            "key": "knockout-Messung2",
            "name": "knockout-Messung2",
            "tags": [],
            "visibility": "public",
            "isNew": false
        },
        {
            "organization": "tkrapp-github",
            "key": "mpv-Messung1",
            "name": "mpv-Messung1",
            "tags": [],
            "visibility": "public",
            "isNew": false
        },
        {
            "organization": "tkrapp-github",
            "key": "mpv-Messung2",
            "name": "mpv-Messung2",
            "tags": [],
            "visibility": "public",
            "isNew": false
        }
    ],
    "facets": [
        {
            "property": "languages",
            "values": [
                {
                    "val": "xml",
                    "count": 14840
                },
                {
                    "val": "web",
                    "count": 13241
                },
                {
                    "val": "java",
                    "count": 13146
                },
                {
                    "val": "css",
                    "count": 11596
                },
                {
                    "val": "js",
                    "count": 11504
                },
                {
                    "val": "cs",
                    "count": 6126
                },
                {
                    "val": "php",
                    "count": 2739
                },
                {
                    "val": "py",
                    "count": 2703
                },
                {
                    "val": "ts",
                    "count": 2053
                },
                {
                    "val": "c",
                    "count": 1733
                }
            ]
        },
        {
            "property": "ncloc",
            "values": [
                {
                    "val": "*-1000.0",
                    "count": 28140
                },
                {
                    "val": "1000.0-10000.0",
                    "count": 18880
                },
                {
                    "val": "10000.0-100000.0",
                    "count": 10809
                },
                {
                    "val": "100000.0-500000.0",
                    "count": 1996
                },
                {
                    "val": "500000.0-*",
                    "count": 378
                }
            ]
        }
    ]
}