{
    "paging": {
        "pageIndex": 420,
        "pageSize": 10,
        "total": 32068
    },
    "organizations": [
        {
            "key": "asset-fabric",
            "name": "asset-fabric"
        },
        {
            "key": "stop-da-cidadania",
            "name": "Stop da Cidadania"
        },
        {
            "key": "qos2017",
            "name": "QoS"
        },
        {
            "key": "stocktaking",
            "name": "stocktaking"
        },
        {
            "key": "agigleux-github",
            "name": "Alexandre GIGLEUX Manual Scans"
        },
        {
            "key": "scyros-github",
            "name": "Carlos Eduardo Le\u00f3n Franco"
        },
        {
            "key": "leancloud",
            "name": "leancloud"
        },
        {
            "key": "cmdty",
            "name": "cmdty"
        },
        {
            "key": "stocksmanager",
            "name": "StocksManager"
        }
    ],
    "components": [
        {
            "organization": "asset-fabric",
            "key": "org.assetfabric:storage-engine",
            "name": "storage-engine",
            "tags": [],
            "visibility": "public",
            "isNew": false
        },
        {
            "organization": "leancloud",
            "key": "cn.leancloud:storage-core",
            "name": "storage-core",
            "tags": [],
            "visibility": "public",
            "isNew": false
        },
        {
            "organization": "cmdty",
            "key": "storage",
            "name": "storage",
            "tags": [],
            "visibility": "public",
            "isNew": false
        },
        {
            "organization": "qos2017",
            "key": "stoq_1.9:master",
            "name": "stoq_1.9_22 Sep 2015",
            "tags": [],
            "visibility": "public",
            "isNew": false
        },
        {
            "organization": "qos2017",
            "key": "stoq_0.9.11:master",
            "name": "stoq_0.9.11_10 Jul 2013",
            "tags": [],
            "visibility": "public",
            "isNew": false
        },
        {
            "organization": "agigleux-github",
            "key": "stopcovid-blesdk-android",
            "name": "stopcovid-blesdk-android",
            "tags": [],
            "visibility": "public",
            "isNew": false
        },
        {
            "organization": "stop-da-cidadania",
            "key": "stop-da-cidadania-front",
            "name": "stop-cidadania",
            "tags": [],
            "visibility": "public",
            "isNew": false
        },
        {
            "organization": "scyros-github",
            "key": "stones-server",
            "name": "stones-server",
            "tags": [],
            "visibility": "public",
            "isNew": false
        },
        {
            "organization": "stocktaking",
            "key": "stocktaking",
            "name": "stocktaking",
            "tags": [],
            "visibility": "public",
            "isNew": false
        },
        {
            "organization": "stocksmanager",
            "key": "stocksmanager_stocksmanagerapi",
            "name": "StocksManagerAPI",
            "tags": [],
            "visibility": "public",
            "isNew": false
        }
    ],
    "facets": [
        {
            "property": "languages",
            "values": [
                {
                    "val": "xml",
                    "count": 14842
                },
                {
                    "val": "web",
                    "count": 13244
                },
                {
                    "val": "java",
                    "count": 13146
                },
                {
                    "val": "css",
                    "count": 11600
                },
                {
                    "val": "js",
                    "count": 11509
                },
                {
                    "val": "cs",
                    "count": 6127
                },
                {
                    "val": "php",
                    "count": 2740
                },
                {
                    "val": "py",
                    "count": 2703
                },
                {
                    "val": "ts",
                    "count": 2054
                },
                {
                    "val": "c",
                    "count": 1733
                }
            ]
        },
        {
            "property": "ncloc",
            "values": [
                {
                    "val": "*-1000.0",
                    "count": 28145
                },
                {
                    "val": "1000.0-10000.0",
                    "count": 18881
                },
                {
                    "val": "10000.0-100000.0",
                    "count": 10811
                },
                {
                    "val": "100000.0-500000.0",
                    "count": 1998
                },
                {
                    "val": "500000.0-*",
                    "count": 378
                }
            ]
        }
    ]
}