{
    "paging": {
        "pageIndex": 404,
        "pageSize": 10,
        "total": 32072
    },
    "organizations": [
        {
            "key": "flavia-p",
            "name": "flavia-p"
        },
        {
            "key": "dodero-github",
            "name": "Juanma Dodero"
        },
        {
            "key": "cytopia",
            "name": "Cytopia"
        },
        {
            "key": "3aacfe8b5b095d54ca2128a4bc103641",
            "name": "GlaAndry"
        },
        {
            "key": "kinow",
            "name": "Bruno P. Kinoshita"
        },
        {
            "key": "dxviie-github",
            "name": "David Vandenbogaerde"
        },
        {
            "key": "cyzest-github",
            "name": "Minyoung Kim"
        },
        {
            "key": "alexboc10",
            "name": "alexboc10"
        },
        {
            "key": "datadriven",
            "name": "Datadriven"
        }
    ],
    "components": [
        {
            "organization": "kinow",
            "key": "kinow_cylc-ui",
            "name": "cylc-ui",
            "tags": [],
            "visibility": "public",
            "eligibilityStatus": "COMPLETED",
            "eligible": true,
            "isNew": false
        },
        {
            "organization": "cyzest-github",
            "key": "com.cyzest:cyrello",
            "name": "Cyrello",
            "tags": [],
            "visibility": "public",
            "isNew": false
        },
        {
            "organization": "cytopia",
            "key": "cytopia",
            "name": "Cytopia",
            "tags": [],
            "visibility": "public",
            "isNew": false
        },
        {
            "organization": "datadriven",
            "key": "cz.o2.proxima:platform-parent",
            "name": "cz.o2.proxima:platform-parent",
            "tags": [],
            "visibility": "public",
            "isNew": false
        },
        {
            "organization": "dxviie-github",
            "key": "dxviie_d17e",
            "name": "d17e",
            "tags": [],
            "visibility": "public",
            "isNew": false
        },
        {
            "organization": "alexboc10",
            "key": "alexboc10_D2-ISW2",
            "name": "D2-ISW2",
            "tags": [],
            "visibility": "public",
            "eligibilityStatus": "COMPLETED",
            "eligible": false,
            "isNew": false
        },
        {
            "organization": "flavia-p",
            "key": "flavia-p_D2M1",
            "name": "D2M1",
            "tags": [],
            "visibility": "public",
            "isNew": false
        },
        {
            "organization": "3aacfe8b5b095d54ca2128a4bc103641",
            "key": "GlaAndry_D2M2",
            "name": "D2M2",
            "tags": [],
            "visibility": "public",
            "eligibilityStatus": "COMPLETED",
            "eligible": false,
            "isNew": false
        },
        {
            "organization": "flavia-p",
            "key": "flavia-p_D2M2",
            "name": "D2M2",
            "tags": [],
            "visibility": "public",
            "eligibilityStatus": "COMPLETED",
            "eligible": false,
            "isNew": false
        },
        {
            "organization": "dodero-github",
            "key": "org.sonarqube:sonarqube-scanner-ant",
            "name": "D2Rq",
            "tags": [],
            "visibility": "public",
            "isNew": false
        }
    ],
    "facets": [
        {
            "property": "languages",
            "values": [
                {
                    "val": "xml",
                    "count": 14844
                },
                {
                    "val": "web",
                    "count": 13244
                },
                {
                    "val": "java",
                    "count": 13148
                },
                {
                    "val": "css",
                    "count": 11600
                },
                {
                    "val": "js",
                    "count": 11510
                },
                {
                    "val": "cs",
                    "count": 6127
                },
                {
                    "val": "php",
                    "count": 2740
                },
                {
                    "val": "py",
                    "count": 2703
                },
                {
                    "val": "ts",
                    "count": 2054
                },
                {
                    "val": "c",
                    "count": 1733
                }
            ]
        },
        {
            "property": "ncloc",
            "values": [
                {
                    "val": "*-1000.0",
                    "count": 28145
                },
                {
                    "val": "1000.0-10000.0",
                    "count": 18884
                },
                {
                    "val": "10000.0-100000.0",
                    "count": 10812
                },
                {
                    "val": "100000.0-500000.0",
                    "count": 1998
                },
                {
                    "val": "500000.0-*",
                    "count": 378
                }
            ]
        }
    ]
}