{
    "paging": {
        "pageIndex": 532,
        "pageSize": 10,
        "total": 32069
    },
    "organizations": [
        {
            "key": "vodkacoc-bitbucket",
            "name": "Hien Huynh"
        },
        {
            "key": "trongvuong0310",
            "name": "trongvuong0310"
        },
        {
            "key": "anbinhnina",
            "name": "anbinhnina"
        },
        {
            "key": "caris0132",
            "name": "caris0132"
        },
        {
            "key": "kotlin-check",
            "name": "kotlin-check"
        },
        {
            "key": "molivaress-bitbucket",
            "name": "molivaress"
        },
        {
            "key": "smartgrow2018-bitbucket",
            "name": "App Tesis"
        },
        {
            "key": "hoangtuezy",
            "name": "hoangtuezy"
        },
        {
            "key": "tqbu115",
            "name": "tqbu115"
        },
        {
            "key": "khacdienk8",
            "name": "khacdienk8"
        }
    ],
    "components": [
        {
            "organization": "khacdienk8",
            "key": "khacdienk8_source_mau",
            "name": "source_mau",
            "tags": [],
            "visibility": "public",
            "isNew": false
        },
        {
            "organization": "anbinhnina",
            "key": "anbinhnina_source_file",
            "name": "source_file",
            "tags": [],
            "visibility": "public",
            "isNew": false
        },
        {
            "organization": "caris0132",
            "key": "caris0132_source_code_2",
            "name": "source_code_2",
            "tags": [],
            "visibility": "public",
            "isNew": false
        },
        {
            "organization": "vodkacoc-bitbucket",
            "key": "hc_android_key",
            "name": "Source",
            "tags": [],
            "visibility": "public",
            "isNew": false
        },
        {
            "organization": "hoangtuezy",
            "key": "hoangtuezy_source",
            "name": "source",
            "tags": [],
            "visibility": "public",
            "isNew": false
        },
        {
            "organization": "kotlin-check",
            "key": "kotlin-check-duy",
            "name": "Source",
            "tags": [],
            "visibility": "public",
            "isNew": false
        },
        {
            "organization": "molivaress-bitbucket",
            "key": "molivaress_smartgrow",
            "name": "source",
            "tags": [],
            "visibility": "public",
            "isNew": false
        },
        {
            "organization": "smartgrow2018-bitbucket",
            "key": "smartgrow2018_tesis",
            "name": "source",
            "tags": [],
            "visibility": "public",
            "isNew": false
        },
        {
            "organization": "tqbu115",
            "key": "tqbu115_source",
            "name": "source",
            "tags": [],
            "visibility": "public",
            "isNew": false
        },
        {
            "organization": "trongvuong0310",
            "key": "trongvuong0310_source",
            "name": "source",
            "tags": [],
            "visibility": "public",
            "isNew": false
        }
    ],
    "facets": [
        {
            "property": "languages",
            "values": [
                {
                    "val": "xml",
                    "count": 14843
                },
                {
                    "val": "web",
                    "count": 13244
                },
                {
                    "val": "java",
                    "count": 13147
                },
                {
                    "val": "css",
                    "count": 11600
                },
                {
                    "val": "js",
                    "count": 11509
                },
                {
                    "val": "cs",
                    "count": 6127
                },
                {
                    "val": "php",
                    "count": 2740
                },
                {
                    "val": "py",
                    "count": 2703
                },
                {
                    "val": "ts",
                    "count": 2054
                },
                {
                    "val": "c",
                    "count": 1733
                }
            ]
        },
        {
            "property": "ncloc",
            "values": [
                {
                    "val": "*-1000.0",
                    "count": 28145
                },
                {
                    "val": "1000.0-10000.0",
                    "count": 18881
                },
                {
                    "val": "10000.0-100000.0",
                    "count": 10812
                },
                {
                    "val": "100000.0-500000.0",
                    "count": 1998
                },
                {
                    "val": "500000.0-*",
                    "count": 378
                }
            ]
        }
    ]
}