{
    "paging": {
        "pageIndex": 836,
        "pageSize": 10,
        "total": 32066
    },
    "organizations": [
        {
            "key": "vijayvani-github",
            "name": "vijayvani"
        },
        {
            "key": "sunn-e",
            "name": "Sunny Dhoke"
        },
        {
            "key": "embark-framework",
            "name": "Embark Framework (by Status)"
        },
        {
            "key": "nullvoxpopuli-github",
            "name": "L. Preston Sego III"
        },
        {
            "key": "vovimayhem",
            "name": "Roberto Quintanilla"
        },
        {
            "key": "zonky",
            "name": "Zonky"
        },
        {
            "key": "rij12-github",
            "name": "Richard Price-Jones"
        },
        {
            "key": "dunkinbase",
            "name": "DunkinBase"
        },
        {
            "key": "philips-software",
            "name": "Philips Software"
        },
        {
            "key": "alexdiliberto",
            "name": "Alex DiLiberto"
        }
    ],
    "components": [
        {
            "organization": "embark-framework",
            "key": "embark-framework_embark",
            "name": "embark",
            "tags": [],
            "visibility": "public",
            "eligibilityStatus": "COMPLETED",
            "eligible": true,
            "isNew": false
        },
        {
            "organization": "zonky",
            "key": "io.zonky.test:embedded-database-spring-test-root",
            "name": "embedded-database-spring-test-root",
            "tags": [],
            "visibility": "public",
            "isNew": false
        },
        {
            "organization": "vijayvani-github",
            "key": "vijayvani_lib-embedded-rhino-debugger",
            "name": "embedded-rhino-debugger",
            "tags": [],
            "visibility": "public",
            "isNew": false
        },
        {
            "organization": "philips-software",
            "key": "philips-software.embeddedinfralib",
            "name": "embeddedinfralib",
            "tags": [],
            "visibility": "public",
            "isNew": false
        },
        {
            "organization": "dunkinbase",
            "key": "dunkinbase_ember-elements",
            "name": "ember-elements",
            "tags": [],
            "visibility": "public",
            "isNew": false
        },
        {
            "organization": "vovimayhem",
            "key": "vovimayhem_ember-fastboot-demo",
            "name": "ember-fastboot-demo",
            "tags": [],
            "visibility": "public",
            "isNew": false
        },
        {
            "organization": "alexdiliberto",
            "key": "alexdiliberto_ember-transformicons",
            "name": "ember-transformicons",
            "tags": [],
            "visibility": "public",
            "eligibilityStatus": "COMPLETED",
            "eligible": true,
            "isNew": false
        },
        {
            "organization": "nullvoxpopuli-github",
            "key": "NullVoxPopuli_emberclear",
            "name": "emberclear",
            "tags": [],
            "visibility": "public",
            "isNew": false
        },
        {
            "organization": "rij12-github",
            "key": "rij12_emberfire",
            "name": "emberfire",
            "tags": [],
            "visibility": "public",
            "eligibilityStatus": "COMPLETED",
            "eligible": true,
            "isNew": false
        },
        {
            "organization": "sunn-e",
            "key": "sunn-e_embox",
            "name": "embox",
            "tags": [],
            "visibility": "public",
            "isNew": false
        }
    ],
    "facets": [
        {
            "property": "languages",
            "values": [
                {
                    "val": "xml",
                    "count": 14842
                },
                {
                    "val": "web",
                    "count": 13243
                },
                {
                    "val": "java",
                    "count": 13146
                },
                {
                    "val": "css",
                    "count": 11599
                },
                {
                    "val": "js",
                    "count": 11508
                },
                {
                    "val": "cs",
                    "count": 6126
                },
                {
                    "val": "php",
                    "count": 2740
                },
                {
                    "val": "py",
                    "count": 2703
                },
                {
                    "val": "ts",
                    "count": 2054
                },
                {
                    "val": "c",
                    "count": 1733
                }
            ]
        },
        {
            "property": "ncloc",
            "values": [
                {
                    "val": "*-1000.0",
                    "count": 28145
                },
                {
                    "val": "1000.0-10000.0",
                    "count": 18880
                },
                {
                    "val": "10000.0-100000.0",
                    "count": 10810
                },
                {
                    "val": "100000.0-500000.0",
                    "count": 1998
                },
                {
                    "val": "500000.0-*",
                    "count": 378
                }
            ]
        }
    ]
}