{
    "paging": {
        "pageIndex": 165,
        "pageSize": 10,
        "total": 32066
    },
    "organizations": [
        {
            "key": "bwhiting2356",
            "name": "bwhiting2356"
        },
        {
            "key": "thabo5653-github",
            "name": "thabo5653"
        },
        {
            "key": "rbreckenridge",
            "name": "Robb Breckenridge"
        },
        {
            "key": "bpetridis-github",
            "name": "Bill P"
        },
        {
            "key": "bilgesorg",
            "name": "Bilge's Org"
        },
        {
            "key": "dannylekim",
            "name": "Billsnap"
        },
        {
            "key": "fthevenet-github",
            "name": "Frederic Thevenet"
        },
        {
            "key": "timmeey86-github",
            "name": "Timmeey86"
        },
        {
            "key": "trinadu-github",
            "name": "TrinaDu"
        },
        {
            "key": "clivern-github",
            "name": "Clivern"
        }
    ],
    "components": [
        {
            "organization": "bwhiting2356",
            "key": "bike.fiits:bikeshare",
            "name": "bikeshare",
            "tags": [],
            "visibility": "public",
            "isNew": false
        },
        {
            "organization": "bilgesorg",
            "key": "BilgesOrgProject",
            "name": "Bilges Org Project",
            "tags": [],
            "visibility": "public",
            "isNew": false
        },
        {
            "organization": "thabo5653-github",
            "key": "za.co.sb:biller-engine",
            "name": "biller-engine",
            "tags": [],
            "visibility": "public",
            "isNew": false
        },
        {
            "organization": "bpetridis-github",
            "key": "BillPNEO-JScript-SDK",
            "name": "BillPNEO-JScript-SDK",
            "tags": [],
            "visibility": "public",
            "isNew": false
        },
        {
            "organization": "dannylekim",
            "key": "dannylekim_billsnapFront",
            "name": "billsnapFront",
            "tags": [],
            "visibility": "public",
            "eligibilityStatus": "COMPLETED",
            "eligible": true,
            "isNew": false
        },
        {
            "organization": "rbreckenridge",
            "key": "rbreckenridge_bind9",
            "name": "bind9",
            "tags": [],
            "visibility": "public",
            "isNew": false
        },
        {
            "organization": "clivern-github",
            "key": "Clivern_Bingo",
            "name": "Bingo",
            "tags": [],
            "visibility": "public",
            "eligibilityStatus": "COMPLETED",
            "eligible": true,
            "isNew": false
        },
        {
            "organization": "fthevenet-github",
            "key": "eu.fthevenet:binjr",
            "name": "binjr",
            "tags": [],
            "visibility": "public",
            "isNew": false
        },
        {
            "organization": "timmeey86-github",
            "key": "Timmeey86_binokel-deluxe",
            "name": "binokel-deluxe",
            "tags": [],
            "visibility": "public",
            "isNew": false
        },
        {
            "organization": "trinadu-github",
            "key": "binutils-2.28",
            "name": "binutils-2.28",
            "tags": [],
            "visibility": "public",
            "isNew": false
        }
    ],
    "facets": [
        {
            "property": "languages",
            "values": [
                {
                    "val": "xml",
                    "count": 14842
                },
                {
                    "val": "web",
                    "count": 13243
                },
                {
                    "val": "java",
                    "count": 13146
                },
                {
                    "val": "css",
                    "count": 11599
                },
                {
                    "val": "js",
                    "count": 11508
                },
                {
                    "val": "cs",
                    "count": 6126
                },
                {
                    "val": "php",
                    "count": 2740
                },
                {
                    "val": "py",
                    "count": 2703
                },
                {
                    "val": "ts",
                    "count": 2054
                },
                {
                    "val": "c",
                    "count": 1733
                }
            ]
        },
        {
            "property": "ncloc",
            "values": [
                {
                    "val": "*-1000.0",
                    "count": 28146
                },
                {
                    "val": "1000.0-10000.0",
                    "count": 18880
                },
                {
                    "val": "10000.0-100000.0",
                    "count": 10810
                },
                {
                    "val": "100000.0-500000.0",
                    "count": 1998
                },
                {
                    "val": "500000.0-*",
                    "count": 378
                }
            ]
        }
    ]
}