{
    "paging": {
        "pageIndex": 652,
        "pageSize": 10,
        "total": 32063
    },
    "organizations": [
        {
            "key": "lgcrisafulli-github",
            "name": "Lgcrisafulli"
        },
        {
            "key": "angelozerr-github",
            "name": "Angelo"
        },
        {
            "key": "bdomingues-github",
            "name": "Bernardo Domingues"
        },
        {
            "key": "morningstar",
            "name": "Morningstar"
        },
        {
            "key": "zubax",
            "name": "Zubax Robotics"
        },
        {
            "key": "linr211",
            "name": "Colin Lin"
        },
        {
            "key": "chaoq0318",
            "name": "chaoq"
        },
        {
            "key": "unizar-30246-2018-blue-bomb",
            "name": "UNIZAR-30246-2018-BLUE-BOMB"
        },
        {
            "key": "cbornet-github",
            "name": "Christophe Bornet"
        },
        {
            "key": "cjscommonplatform",
            "name": "CJS Common Platform"
        }
    ],
    "components": [
        {
            "organization": "cjscommonplatform",
            "key": "uk.gov.justice:artemis-manager",
            "name": "artemis-manager",
            "tags": [],
            "visibility": "public",
            "isNew": false
        },
        {
            "organization": "zubax",
            "key": "Zubax_kocherga",
            "name": "kocherga",
            "tags": [],
            "visibility": "public",
            "eligibilityStatus": "COMPLETED",
            "eligible": false,
            "isNew": false
        },
        {
            "organization": "unizar-30246-2018-blue-bomb",
            "key": "UNIZAR-30246-2018-BLUE-BOMB_BackEnd",
            "name": "BlueBomb project Backend",
            "tags": [],
            "visibility": "public",
            "isNew": false
        },
        {
            "organization": "bdomingues-github",
            "key": "angularapp",
            "name": "TQS Nutri Project Angular",
            "tags": [],
            "visibility": "public",
            "isNew": false
        },
        {
            "organization": "chaoq0318",
            "key": "chaoq0318-singleton-service-master",
            "name": "chaoq0318-singleton-service-master",
            "tags": [],
            "visibility": "public",
            "isNew": false
        },
        {
            "organization": "cbornet-github",
            "key": "kafka_lag_stats",
            "name": "kafka_lag_stats generated by jhipster",
            "tags": [],
            "visibility": "public",
            "isNew": false
        },
        {
            "organization": "angelozerr-github",
            "key": "angelozerr_lsp4xml",
            "name": "lsp4xml",
            "tags": [],
            "visibility": "public",
            "isNew": false
        },
        {
            "organization": "lgcrisafulli-github",
            "key": "Progetto_Fongo_TEST",
            "name": "fongo",
            "tags": [],
            "visibility": "public",
            "isNew": false
        },
        {
            "organization": "morningstar",
            "key": "morningstar-api",
            "name": "Morningstar API",
            "tags": [],
            "visibility": "public",
            "isNew": false
        },
        {
            "organization": "linr211",
            "key": "linr211-singleton-service-master",
            "name": "linr211-singleton-service-master",
            "tags": [],
            "visibility": "public",
            "isNew": false
        }
    ],
    "facets": [
        {
            "property": "languages",
            "values": [
                {
                    "val": "xml",
                    "count": 14841
                },
                {
                    "val": "web",
                    "count": 13242
                },
                {
                    "val": "java",
                    "count": 13146
                },
                {
                    "val": "css",
                    "count": 11597
                },
                {
                    "val": "js",
                    "count": 11505
                },
                {
                    "val": "cs",
                    "count": 6126
                },
                {
                    "val": "php",
                    "count": 2739
                },
                {
                    "val": "py",
                    "count": 2703
                },
                {
                    "val": "ts",
                    "count": 2053
                },
                {
                    "val": "c",
                    "count": 1733
                }
            ]
        },
        {
            "property": "ncloc",
            "values": [
                {
                    "val": "*-1000.0",
                    "count": 28144
                },
                {
                    "val": "1000.0-10000.0",
                    "count": 18878
                },
                {
                    "val": "10000.0-100000.0",
                    "count": 10810
                },
                {
                    "val": "100000.0-500000.0",
                    "count": 1997
                },
                {
                    "val": "500000.0-*",
                    "count": 378
                }
            ]
        }
    ]
}