{
    "paging": {
        "pageIndex": 758,
        "pageSize": 10,
        "total": 32075
    },
    "organizations": [
        {
            "key": "testfordevops",
            "name": "testfordevops"
        },
        {
            "key": "santiago-xavier-merlo-vega81459",
            "name": "Santiago Xavier Merlo Vega"
        },
        {
            "key": "eflorespalma-github",
            "name": "Edgar Flores"
        },
        {
            "key": "kakumanu-l-12090754033227",
            "name": "KAKUMANU L - 120907540"
        },
        {
            "key": "suits10",
            "name": "DevopsHakathon"
        },
        {
            "key": "devopsmp",
            "name": "devopsmp"
        },
        {
            "key": "strauss2019",
            "name": "Strauss"
        },
        {
            "key": "devopscompusoft",
            "name": "devopscompusoft"
        },
        {
            "key": "collazoj",
            "name": "collazoj"
        },
        {
            "key": "joris-roelofs43041",
            "name": "Joris Roelofs"
        }
    ],
    "components": [
        {
            "organization": "santiago-xavier-merlo-vega81459",
            "key": "Devopse2e",
            "name": "Devopse2e",
            "tags": [],
            "visibility": "public",
            "isNew": false
        },
        {
            "organization": "testfordevops",
            "key": "DevOpsForTest0317",
            "name": "DevOpsForTest0317",
            "tags": [],
            "visibility": "public",
            "isNew": false
        },
        {
            "organization": "suits10",
            "key": "DevOpsHackathon",
            "name": "DevopsHackathon",
            "tags": [],
            "visibility": "public",
            "isNew": false
        },
        {
            "organization": "kakumanu-l-12090754033227",
            "key": "arunkumar.visualstudio.com.sonarexamples.netfx",
            "name": "DevOpsHackathon",
            "tags": [],
            "visibility": "public",
            "isNew": false
        },
        {
            "organization": "joris-roelofs43041",
            "key": "27195085fdd8bbe40cc303b9ca825fe4016c9add",
            "name": "devopshol",
            "tags": [],
            "visibility": "public",
            "isNew": false
        },
        {
            "organization": "collazoj",
            "key": "devopsjimmykey",
            "name": "devopsjimmykey",
            "tags": [],
            "visibility": "public",
            "isNew": false
        },
        {
            "organization": "strauss2019",
            "key": "DevOpsKey",
            "name": "DevOpsKey",
            "tags": [],
            "visibility": "public",
            "isNew": false
        },
        {
            "organization": "eflorespalma-github",
            "key": "DevopsLab.eflorespalma",
            "name": "DevopsLab",
            "tags": [],
            "visibility": "public",
            "isNew": false
        },
        {
            "organization": "devopscompusoft",
            "key": "devopslearning",
            "name": "devopslearning",
            "tags": [],
            "visibility": "public",
            "isNew": false
        },
        {
            "organization": "devopsmp",
            "key": "devopsmp",
            "name": "devopsmp",
            "tags": [],
            "visibility": "public",
            "isNew": false
        }
    ],
    "facets": [
        {
            "property": "languages",
            "values": [
                {
                    "val": "xml",
                    "count": 14846
                },
                {
                    "val": "web",
                    "count": 13246
                },
                {
                    "val": "java",
                    "count": 13149
                },
                {
                    "val": "css",
                    "count": 11600
                },
                {
                    "val": "js",
                    "count": 11511
                },
                {
                    "val": "cs",
                    "count": 6127
                },
                {
                    "val": "php",
                    "count": 2740
                },
                {
                    "val": "py",
                    "count": 2704
                },
                {
                    "val": "ts",
                    "count": 2054
                },
                {
                    "val": "c",
                    "count": 1733
                }
            ]
        },
        {
            "property": "ncloc",
            "values": [
                {
                    "val": "*-1000.0",
                    "count": 28146
                },
                {
                    "val": "1000.0-10000.0",
                    "count": 18886
                },
                {
                    "val": "10000.0-100000.0",
                    "count": 10813
                },
                {
                    "val": "100000.0-500000.0",
                    "count": 1998
                },
                {
                    "val": "500000.0-*",
                    "count": 378
                }
            ]
        }
    ]
}