{
    "paging": {
        "pageIndex": 328,
        "pageSize": 10,
        "total": 32063
    },
    "organizations": [
        {
            "key": "capdev",
            "name": "capdev"
        },
        {
            "key": "narayanan177",
            "name": "narayanan177"
        },
        {
            "key": "blackdread-github",
            "name": "Yoann CAPLAIN"
        },
        {
            "key": "vijayvani-github",
            "name": "vijayvani"
        },
        {
            "key": "eric-gagnon-github",
            "name": "Eric Gagnon"
        },
        {
            "key": "christophe-permentier19320",
            "name": "Christophe PERMENTIER"
        },
        {
            "key": "marcos-garcia-milla",
            "name": "Marcos Garcia"
        },
        {
            "key": "capacitacionesdruida",
            "name": "capacitacionesdruida"
        },
        {
            "key": "ojivalabs-bitbucket",
            "name": "Ojiva Labs"
        },
        {
            "key": "featuretogglestudy",
            "name": "FeatureToggleStudy"
        }
    ],
    "components": [
        {
            "organization": "vijayvani-github",
            "key": "vijayvani_canl-java",
            "name": "canl",
            "tags": [],
            "visibility": "public",
            "isNew": false
        },
        {
            "organization": "blackdread-github",
            "key": "org.blackdread:canon-sdk-java",
            "name": "Canon sdk java parent POM",
            "tags": [],
            "visibility": "public",
            "isNew": false
        },
        {
            "organization": "eric-gagnon-github",
            "key": "eric-gagnon_cantaloupe",
            "name": "Cantaloupe",
            "tags": [],
            "visibility": "public",
            "isNew": false
        },
        {
            "organization": "featuretogglestudy",
            "key": "FeatureToggleStudy_canvas_shim",
            "name": "canvas_shim",
            "tags": [],
            "visibility": "public",
            "isNew": false
        },
        {
            "organization": "capacitacionesdruida",
            "key": "CapacitacionesDruida.partsunlimited",
            "name": "CapacitacionesDruida.partsunlimited",
            "tags": [],
            "visibility": "public",
            "isNew": false
        },
        {
            "organization": "marcos-garcia-milla",
            "key": "Marcos-Garcia-Milla_capacitytool2",
            "name": "capacity-tool",
            "tags": [],
            "visibility": "public",
            "isNew": false
        },
        {
            "organization": "capdev",
            "key": "angular-ui",
            "name": "capdev",
            "tags": [],
            "visibility": "public",
            "isNew": false
        },
        {
            "organization": "christophe-permentier19320",
            "key": "CDOD",
            "name": "CapDevOpsDemo",
            "tags": [],
            "visibility": "public",
            "isNew": false
        },
        {
            "organization": "narayanan177",
            "key": "CAPE-WebApp",
            "name": "CAPE-WebApp",
            "tags": [],
            "visibility": "public",
            "isNew": false
        },
        {
            "organization": "ojivalabs-bitbucket",
            "key": "ojivalabs_capisci-v2",
            "name": "capisci",
            "tags": [],
            "visibility": "public",
            "isNew": false
        }
    ],
    "facets": [
        {
            "property": "languages",
            "values": [
                {
                    "val": "xml",
                    "count": 14840
                },
                {
                    "val": "web",
                    "count": 13241
                },
                {
                    "val": "java",
                    "count": 13146
                },
                {
                    "val": "css",
                    "count": 11596
                },
                {
                    "val": "js",
                    "count": 11504
                },
                {
                    "val": "cs",
                    "count": 6126
                },
                {
                    "val": "php",
                    "count": 2739
                },
                {
                    "val": "py",
                    "count": 2703
                },
                {
                    "val": "ts",
                    "count": 2053
                },
                {
                    "val": "c",
                    "count": 1733
                }
            ]
        },
        {
            "property": "ncloc",
            "values": [
                {
                    "val": "*-1000.0",
                    "count": 28143
                },
                {
                    "val": "1000.0-10000.0",
                    "count": 18880
                },
                {
                    "val": "10000.0-100000.0",
                    "count": 10809
                },
                {
                    "val": "100000.0-500000.0",
                    "count": 1996
                },
                {
                    "val": "500000.0-*",
                    "count": 378
                }
            ]
        }
    ]
}