{
    "paging": {
        "pageIndex": 194,
        "pageSize": 10,
        "total": 32066
    },
    "organizations": [
        {
            "key": "kiegroup",
            "name": "kiegroup"
        },
        {
            "key": "adz21c-github",
            "name": "Adam Burton"
        },
        {
            "key": "entando-k8s",
            "name": "entando-k8s"
        },
        {
            "key": "anjo-hsr",
            "name": "anjo-hsr"
        },
        {
            "key": "alexboc10",
            "name": "alexboc10"
        },
        {
            "key": "bbojilov",
            "name": "bbojilov"
        },
        {
            "key": "f5bkkgf32jkfobwm",
            "name": "JensGe"
        },
        {
            "key": "thomuk",
            "name": "Thom"
        },
        {
            "key": "yildiz-bitbucket",
            "name": "Gr\u00e9gory Van den Borre"
        }
    ],
    "components": [
        {
            "organization": "yildiz-bitbucket",
            "key": "be.yildiz-games:application-engine-sdk",
            "name": "Yildiz Engine SDK",
            "tags": [],
            "visibility": "public",
            "isNew": false
        },
        {
            "organization": "yildiz-bitbucket",
            "key": "be.yildiz-games:module-window-swt",
            "name": "Yildiz-Engine Module Window Swt",
            "tags": [],
            "visibility": "public",
            "isNew": false
        },
        {
            "organization": "f5bkkgf32jkfobwm",
            "key": "JensGe_WebSch",
            "name": "WebSch",
            "tags": [],
            "visibility": "public",
            "eligibilityStatus": "COMPLETED",
            "eligible": true,
            "isNew": false
        },
        {
            "organization": "anjo-hsr",
            "key": "anjo-hsr_Traffic-Analyzer",
            "name": "Traffic_Analyzer",
            "tags": [],
            "visibility": "public",
            "isNew": false
        },
        {
            "organization": "adz21c-github",
            "key": "adz21c_Periturf",
            "name": "Periturf",
            "tags": [],
            "visibility": "public",
            "isNew": false
        },
        {
            "organization": "kiegroup",
            "key": "org.optaweb.vehiclerouting:optaweb-vehicle-routing",
            "name": "OptaWeb Vehicle Routing",
            "tags": [],
            "visibility": "public",
            "eligibilityStatus": "COMPLETED",
            "eligible": false,
            "isNew": false
        },
        {
            "organization": "entando-k8s",
            "key": "entando-k8s_entando-k8s-custom-model",
            "name": "Entando Kubernetes Custom Model",
            "tags": [],
            "visibility": "public",
            "isNew": false
        },
        {
            "organization": "bbojilov",
            "key": "bbojilov_mslearn-tailspin-spacegame-web",
            "name": "mslearn-tailspin-spacegame-web",
            "tags": [],
            "visibility": "public",
            "eligibilityStatus": "COMPLETED",
            "eligible": false,
            "isNew": true
        },
        {
            "organization": "alexboc10",
            "key": "alexboc10_bookkeeper",
            "name": "Apache BookKeeper :: Parent",
            "tags": [],
            "visibility": "public",
            "eligibilityStatus": "COMPLETED",
            "eligible": false,
            "isNew": false
        },
        {
            "organization": "thomuk",
            "key": "ThomUK_DXFighter",
            "name": "DXFighter",
            "tags": [],
            "visibility": "public",
            "eligibilityStatus": "COMPLETED",
            "eligible": true,
            "isNew": true
        }
    ],
    "facets": [
        {
            "property": "languages",
            "values": [
                {
                    "val": "xml",
                    "count": 14842
                },
                {
                    "val": "web",
                    "count": 13243
                },
                {
                    "val": "java",
                    "count": 13146
                },
                {
                    "val": "css",
                    "count": 11599
                },
                {
                    "val": "js",
                    "count": 11508
                },
                {
                    "val": "cs",
                    "count": 6126
                },
                {
                    "val": "php",
                    "count": 2740
                },
                {
                    "val": "py",
                    "count": 2703
                },
                {
                    "val": "ts",
                    "count": 2054
                },
                {
                    "val": "c",
                    "count": 1733
                }
            ]
        },
        {
            "property": "ncloc",
            "values": [
                {
                    "val": "*-1000.0",
                    "count": 28145
                },
                {
                    "val": "1000.0-10000.0",
                    "count": 18880
                },
                {
                    "val": "10000.0-100000.0",
                    "count": 10810
                },
                {
                    "val": "100000.0-500000.0",
                    "count": 1998
                },
                {
                    "val": "500000.0-*",
                    "count": 378
                }
            ]
        }
    ]
}