{
    "paging": {
        "pageIndex": 617,
        "pageSize": 10,
        "total": 32063
    },
    "organizations": [
        {
            "key": "thespongebob-github",
            "name": "TheSpongeBob"
        },
        {
            "key": "apple",
            "name": "apple"
        },
        {
            "key": "movenium",
            "name": "movenium"
        },
        {
            "key": "equinton-github",
            "name": "equinton"
        },
        {
            "key": "yangjihua-github",
            "name": "YangJiHua"
        },
        {
            "key": "middleware",
            "name": "middleware"
        }
    ],
    "components": [
        {
            "organization": "yangjihua-github",
            "key": "test123456789",
            "name": "python-aardvark",
            "tags": [],
            "visibility": "public",
            "isNew": false
        },
        {
            "organization": "apple",
            "key": "apple",
            "name": "Simple Java project analyzed with the SonarQube Runner",
            "tags": [],
            "visibility": "public",
            "isNew": false
        },
        {
            "organization": "equinton-github",
            "key": "otolithe",
            "name": "otolithe",
            "tags": [],
            "visibility": "public",
            "isNew": false
        },
        {
            "organization": "thespongebob-github",
            "key": "wireshark",
            "name": "wireshark",
            "tags": [],
            "visibility": "public",
            "isNew": false
        },
        {
            "organization": "movenium",
            "key": "MoveniumFrontend",
            "name": "MoveniumFrontend",
            "tags": [],
            "visibility": "public",
            "isNew": false
        },
        {
            "organization": "movenium",
            "key": "MoveniumCAPI",
            "name": "MoveniumCAPI",
            "tags": [],
            "visibility": "public",
            "isNew": false
        },
        {
            "organization": "thespongebob-github",
            "key": "binutils1",
            "name": "binutils1",
            "tags": [],
            "visibility": "public",
            "isNew": false
        },
        {
            "organization": "middleware",
            "key": "com.proitzen.api:restapi",
            "name": "Proitzen-middleware",
            "tags": [],
            "visibility": "public",
            "isNew": false
        },
        {
            "organization": "thespongebob-github",
            "key": "libav",
            "name": "libav",
            "tags": [],
            "visibility": "public",
            "isNew": false
        },
        {
            "organization": "thespongebob-github",
            "key": "freetype1",
            "name": "freetype1",
            "tags": [],
            "visibility": "public",
            "isNew": false
        }
    ],
    "facets": [
        {
            "property": "languages",
            "values": [
                {
                    "val": "xml",
                    "count": 14840
                },
                {
                    "val": "web",
                    "count": 13241
                },
                {
                    "val": "java",
                    "count": 13146
                },
                {
                    "val": "css",
                    "count": 11596
                },
                {
                    "val": "js",
                    "count": 11504
                },
                {
                    "val": "cs",
                    "count": 6126
                },
                {
                    "val": "php",
                    "count": 2739
                },
                {
                    "val": "py",
                    "count": 2703
                },
                {
                    "val": "ts",
                    "count": 2053
                },
                {
                    "val": "c",
                    "count": 1733
                }
            ]
        },
        {
            "property": "ncloc",
            "values": [
                {
                    "val": "*-1000.0",
                    "count": 28140
                },
                {
                    "val": "1000.0-10000.0",
                    "count": 18880
                },
                {
                    "val": "10000.0-100000.0",
                    "count": 10809
                },
                {
                    "val": "100000.0-500000.0",
                    "count": 1996
                },
                {
                    "val": "500000.0-*",
                    "count": 378
                }
            ]
        }
    ]
}