{
    "paging": {
        "pageIndex": 877,
        "pageSize": 10,
        "total": 32073
    },
    "organizations": [
        {
            "key": "jdew",
            "name": "JDEW"
        },
        {
            "key": "lorenzobettini-github",
            "name": "Lorenzo Bettini"
        },
        {
            "key": "atomfrede-github",
            "name": "Frederik Hahne"
        },
        {
            "key": "azurelearndevops",
            "name": "AzureDevOpsDev"
        },
        {
            "key": "sumanchatterjee3-github",
            "name": "Suman"
        },
        {
            "key": "finnyb-github",
            "name": "Bill Findeisen"
        },
        {
            "key": "hoijui-github",
            "name": "hoijui"
        },
        {
            "key": "oceanebelle-github",
            "name": "Maribel D"
        },
        {
            "key": "ianmckg-github",
            "name": "Ianmckg"
        }
    ],
    "components": [
        {
            "organization": "lorenzobettini-github",
            "key": "javamm:javamm.releng:sonarcloud",
            "name": "javamm.releng sonarcloud",
            "tags": [],
            "visibility": "public",
            "isNew": false
        },
        {
            "organization": "finnyb-github",
            "key": "net.thejavashop:javampd:origin/develop",
            "name": "JavaMPD origin/develop",
            "tags": [],
            "visibility": "public",
            "isNew": false
        },
        {
            "organization": "hoijui-github",
            "key": "com.illposed.osc:javaosc",
            "name": "JavaOSC-Aggregation",
            "tags": [],
            "visibility": "public",
            "isNew": false
        },
        {
            "organization": "hoijui-github",
            "key": "hoijui_JavaOSC",
            "name": "JavaOSC-Aggregation",
            "tags": [],
            "visibility": "public",
            "isNew": false
        },
        {
            "organization": "jdew",
            "key": "JEDW__JavaPOS",
            "name": "JavaPOS",
            "tags": [],
            "visibility": "public",
            "isNew": false
        },
        {
            "organization": "sumanchatterjee3-github",
            "key": "sumanchatterjee3_CoreJava",
            "name": "JavaPrograms",
            "tags": [],
            "visibility": "public",
            "isNew": false
        },
        {
            "organization": "azurelearndevops",
            "key": "JavaProjectMyShuttle",
            "name": "JavaProjectMyShuttle",
            "tags": [],
            "visibility": "public",
            "isNew": false
        },
        {
            "organization": "atomfrede-github",
            "key": "javaprosample",
            "name": "javaprosample generated by jhipster",
            "tags": [],
            "visibility": "public",
            "isNew": false
        },
        {
            "organization": "oceanebelle-github",
            "key": "com.oceanebelle:javasamplers",
            "name": "javasamplers",
            "tags": [],
            "visibility": "public",
            "isNew": false
        },
        {
            "organization": "ianmckg-github",
            "key": "Ianmckg_TSystemsProject",
            "name": "javaschool",
            "tags": [],
            "visibility": "public",
            "isNew": false
        }
    ],
    "facets": [
        {
            "property": "languages",
            "values": [
                {
                    "val": "xml",
                    "count": 14845
                },
                {
                    "val": "web",
                    "count": 13245
                },
                {
                    "val": "java",
                    "count": 13148
                },
                {
                    "val": "css",
                    "count": 11600
                },
                {
                    "val": "js",
                    "count": 11511
                },
                {
                    "val": "cs",
                    "count": 6127
                },
                {
                    "val": "php",
                    "count": 2740
                },
                {
                    "val": "py",
                    "count": 2703
                },
                {
                    "val": "ts",
                    "count": 2054
                },
                {
                    "val": "c",
                    "count": 1733
                }
            ]
        },
        {
            "property": "ncloc",
            "values": [
                {
                    "val": "*-1000.0",
                    "count": 28145
                },
                {
                    "val": "1000.0-10000.0",
                    "count": 18885
                },
                {
                    "val": "10000.0-100000.0",
                    "count": 10812
                },
                {
                    "val": "100000.0-500000.0",
                    "count": 1998
                },
                {
                    "val": "500000.0-*",
                    "count": 378
                }
            ]
        }
    ]
}