{
    "paging": {
        "pageIndex": 981,
        "pageSize": 10,
        "total": 32063
    },
    "organizations": [
        {
            "key": "omegagraf",
            "name": "OmegaGraf"
        },
        {
            "key": "s63-3",
            "name": "S63-3"
        },
        {
            "key": "bedieber",
            "name": "Bernhard Dieber"
        },
        {
            "key": "valeriocristofori",
            "name": "ValerioCristofori"
        },
        {
            "key": "danielpuente-dpg-github",
            "name": "danielpuente-dpg"
        },
        {
            "key": "incrosnatubogdan-github",
            "name": "incrosnatubogdan"
        },
        {
            "key": "ylgrgyq",
            "name": "Rui Guo"
        },
        {
            "key": "mtransitapps-github",
            "name": "MonTransit Apps"
        },
        {
            "key": "davidhdez98",
            "name": "davidhdez98"
        },
        {
            "key": "leonardxfce-github",
            "name": "Leonardo"
        }
    ],
    "components": [
        {
            "organization": "valeriocristofori",
            "key": "ValerioCristofori_Prova1",
            "name": "Prova1",
            "tags": [],
            "visibility": "public",
            "isNew": false
        },
        {
            "organization": "davidhdez98",
            "key": "davidhdez98_software-quality",
            "name": "software-quality",
            "tags": [],
            "visibility": "public",
            "eligibilityStatus": "COMPLETED",
            "eligible": true,
            "isNew": false
        },
        {
            "organization": "incrosnatubogdan-github",
            "key": "Attendance",
            "name": "Attendance",
            "tags": [],
            "visibility": "public",
            "isNew": false
        },
        {
            "organization": "ylgrgyq",
            "key": "com.github.ylgrgyq:reservoir",
            "name": "com.github.ylgrgyq:reservoir",
            "tags": [],
            "visibility": "public",
            "isNew": false
        },
        {
            "organization": "s63-3",
            "key": "customer-web-client",
            "name": "customer-web-client",
            "tags": [],
            "visibility": "public",
            "isNew": false
        },
        {
            "organization": "bedieber",
            "key": "bedieber_rclcpp",
            "name": "rclcpp",
            "tags": [],
            "visibility": "public",
            "isNew": false
        },
        {
            "organization": "leonardxfce-github",
            "key": "post-eda",
            "name": "post_registration",
            "tags": [],
            "visibility": "public",
            "isNew": false
        },
        {
            "organization": "mtransitapps-github",
            "key": "mtransit-for-android-gradle:app-android",
            "name": "mtransit-for-android",
            "tags": [],
            "visibility": "public",
            "isNew": false
        },
        {
            "organization": "omegagraf",
            "key": "OmegaGraf_compose",
            "name": "OmegaGraf Compose",
            "tags": [],
            "visibility": "public",
            "eligibilityStatus": "COMPLETED",
            "eligible": false,
            "isNew": false
        },
        {
            "organization": "danielpuente-dpg-github",
            "key": "danielpuente-dpg-github",
            "name": "QuickTest_Android",
            "tags": [],
            "visibility": "public",
            "isNew": false
        }
    ],
    "facets": [
        {
            "property": "languages",
            "values": [
                {
                    "val": "xml",
                    "count": 14841
                },
                {
                    "val": "web",
                    "count": 13242
                },
                {
                    "val": "java",
                    "count": 13146
                },
                {
                    "val": "css",
                    "count": 11597
                },
                {
                    "val": "js",
                    "count": 11505
                },
                {
                    "val": "cs",
                    "count": 6126
                },
                {
                    "val": "php",
                    "count": 2739
                },
                {
                    "val": "py",
                    "count": 2703
                },
                {
                    "val": "ts",
                    "count": 2053
                },
                {
                    "val": "c",
                    "count": 1733
                }
            ]
        },
        {
            "property": "ncloc",
            "values": [
                {
                    "val": "*-1000.0",
                    "count": 28145
                },
                {
                    "val": "1000.0-10000.0",
                    "count": 18878
                },
                {
                    "val": "10000.0-100000.0",
                    "count": 10810
                },
                {
                    "val": "100000.0-500000.0",
                    "count": 1997
                },
                {
                    "val": "500000.0-*",
                    "count": 378
                }
            ]
        }
    ]
}