{
    "paging": {
        "pageIndex": 521,
        "pageSize": 10,
        "total": 32064
    },
    "organizations": [
        {
            "key": "kennethtruyers-github",
            "name": "Kenneth Truyers"
        },
        {
            "key": "premex",
            "name": "premex"
        },
        {
            "key": "maulanayusupp",
            "name": "Maulana Yusup Abdullah"
        },
        {
            "key": "ahmedmeid-github",
            "name": "Ahmed Eid"
        },
        {
            "key": "alexjitianu-github",
            "name": "Alex Jitianu"
        },
        {
            "key": "cmpt371-team2",
            "name": "cmpt371-team2"
        },
        {
            "key": "365460-github",
            "name": "Rober"
        },
        {
            "key": "rni-l-github",
            "name": "Lu"
        },
        {
            "key": "felipe-de-senna20",
            "name": "Felipe de Senna"
        },
        {
            "key": "vaibhav911-github",
            "name": "Vaibhav Yadav"
        }
    ],
    "components": [
        {
            "organization": "alexjitianu-github",
            "key": "com.oxygenxml.cmis:cmis.plugins",
            "name": "cmis.plugins",
            "tags": [],
            "visibility": "public",
            "isNew": false
        },
        {
            "organization": "365460-github",
            "key": "365460_CMP",
            "name": "CMP",
            "tags": [],
            "visibility": "public",
            "isNew": false
        },
        {
            "organization": "cmpt371-team2",
            "key": "cmpt371-team2",
            "name": "cmpt371-team2",
            "tags": [],
            "visibility": "public",
            "isNew": false
        },
        {
            "organization": "vaibhav911-github",
            "key": "Vaibhav911_CMS",
            "name": "CMS",
            "tags": [],
            "visibility": "public",
            "isNew": false
        },
        {
            "organization": "kennethtruyers-github",
            "key": "cms",
            "name": "cms",
            "tags": [],
            "visibility": "public",
            "isNew": false
        },
        {
            "organization": "maulanayusupp",
            "key": "maulanayusupp_cms",
            "name": "cms",
            "tags": [],
            "visibility": "public",
            "eligibilityStatus": "COMPLETED",
            "eligible": true,
            "isNew": false
        },
        {
            "organization": "rni-l-github",
            "key": "rni-l_cms",
            "name": "cms",
            "tags": [],
            "visibility": "public",
            "isNew": false
        },
        {
            "organization": "ahmedmeid-github",
            "key": "se.alten.challenge:cms",
            "name": "Cms",
            "tags": [],
            "visibility": "public",
            "isNew": false
        },
        {
            "organization": "premex",
            "key": "sonarcloud.cms",
            "name": "CMS",
            "tags": [],
            "visibility": "public",
            "isNew": false
        },
        {
            "organization": "felipe-de-senna20",
            "key": "felipedesenna_cms-books-frontend",
            "name": "cms-books-frontend",
            "tags": [],
            "visibility": "public",
            "eligibilityStatus": "COMPLETED",
            "eligible": true,
            "isNew": false
        }
    ],
    "facets": [
        {
            "property": "languages",
            "values": [
                {
                    "val": "xml",
                    "count": 14841
                },
                {
                    "val": "web",
                    "count": 13242
                },
                {
                    "val": "java",
                    "count": 13146
                },
                {
                    "val": "css",
                    "count": 11597
                },
                {
                    "val": "js",
                    "count": 11505
                },
                {
                    "val": "cs",
                    "count": 6126
                },
                {
                    "val": "php",
                    "count": 2740
                },
                {
                    "val": "py",
                    "count": 2703
                },
                {
                    "val": "ts",
                    "count": 2053
                },
                {
                    "val": "c",
                    "count": 1733
                }
            ]
        },
        {
            "property": "ncloc",
            "values": [
                {
                    "val": "*-1000.0",
                    "count": 28144
                },
                {
                    "val": "1000.0-10000.0",
                    "count": 18879
                },
                {
                    "val": "10000.0-100000.0",
                    "count": 10810
                },
                {
                    "val": "100000.0-500000.0",
                    "count": 1997
                },
                {
                    "val": "500000.0-*",
                    "count": 378
                }
            ]
        }
    ]
}