{
    "paging": {
        "pageIndex": 470,
        "pageSize": 10,
        "total": 32066
    },
    "organizations": [
        {
            "key": "pando-project",
            "name": "pando-project"
        },
        {
            "key": "achie72-github",
            "name": "Achie72"
        },
        {
            "key": "pedsf1968",
            "name": "DOS SANTOS FACAO"
        },
        {
            "key": "holzhey",
            "name": "Alexandre Lehmann Holzhey"
        },
        {
            "key": "escalonn-github",
            "name": "escalonn"
        },
        {
            "key": "arfost-github",
            "name": "clement chevalier"
        },
        {
            "key": "escommons",
            "name": "escommons"
        },
        {
            "key": "illiptic-github",
            "name": "Jeremy Davis"
        }
    ],
    "components": [
        {
            "organization": "pedsf1968",
            "key": "pedsf1968_escalade-rest",
            "name": "Escalade-rest",
            "tags": [],
            "visibility": "public",
            "eligibilityStatus": "COMPLETED",
            "eligible": false,
            "isNew": false
        },
        {
            "organization": "escalonn-github",
            "key": "escalona1902movies",
            "name": "escalona1902movies",
            "tags": [],
            "visibility": "public",
            "isNew": false
        },
        {
            "organization": "escalonn-github",
            "key": "escalona1904restreviews",
            "name": "escalona1904restreviews",
            "tags": [],
            "visibility": "public",
            "isNew": false
        },
        {
            "organization": "escalonn-github",
            "key": "escalona1907restaurantreviews",
            "name": "escalona1907restaurantreviews",
            "tags": [],
            "visibility": "public",
            "isNew": false
        },
        {
            "organization": "illiptic-github",
            "key": "illiptic:escape-bastets-tomb",
            "name": "Escape Bastet's Tomb",
            "tags": [],
            "visibility": "public",
            "isNew": false
        },
        {
            "organization": "arfost-github",
            "key": "arfost_escape-from-space",
            "name": "escape-from-space",
            "tags": [],
            "visibility": "public",
            "isNew": false
        },
        {
            "organization": "achie72-github",
            "key": "Achie72_escargot",
            "name": "escargot",
            "tags": [],
            "visibility": "public",
            "isNew": false
        },
        {
            "organization": "pando-project",
            "key": "pando-project_escargot",
            "name": "escargot",
            "tags": [],
            "visibility": "public",
            "isNew": false
        },
        {
            "organization": "holzhey",
            "key": "holzhey_escola",
            "name": "escola",
            "tags": [],
            "visibility": "public",
            "eligibilityStatus": "COMPLETED",
            "eligible": true,
            "isNew": false
        },
        {
            "organization": "escommons",
            "key": "escommons",
            "name": "escommons",
            "tags": [],
            "visibility": "public",
            "isNew": false
        }
    ],
    "facets": [
        {
            "property": "languages",
            "values": [
                {
                    "val": "xml",
                    "count": 14842
                },
                {
                    "val": "web",
                    "count": 13243
                },
                {
                    "val": "java",
                    "count": 13146
                },
                {
                    "val": "css",
                    "count": 11599
                },
                {
                    "val": "js",
                    "count": 11508
                },
                {
                    "val": "cs",
                    "count": 6126
                },
                {
                    "val": "php",
                    "count": 2740
                },
                {
                    "val": "py",
                    "count": 2703
                },
                {
                    "val": "ts",
                    "count": 2054
                },
                {
                    "val": "c",
                    "count": 1733
                }
            ]
        },
        {
            "property": "ncloc",
            "values": [
                {
                    "val": "*-1000.0",
                    "count": 28146
                },
                {
                    "val": "1000.0-10000.0",
                    "count": 18880
                },
                {
                    "val": "10000.0-100000.0",
                    "count": 10810
                },
                {
                    "val": "100000.0-500000.0",
                    "count": 1998
                },
                {
                    "val": "500000.0-*",
                    "count": 378
                }
            ]
        }
    ]
}