{
    "paging": {
        "pageIndex": 48,
        "pageSize": 10,
        "total": 32063
    },
    "organizations": [
        {
            "key": "azuredevopsaporganization",
            "name": "azuredevopsaporganization"
        },
        {
            "key": "se11-hss",
            "name": "se11-hss"
        },
        {
            "key": "infinitesoul-github",
            "name": "Pascal Wiedenbeck"
        },
        {
            "key": "devopsmiami",
            "name": "devopsmiami"
        },
        {
            "key": "mmituta-github",
            "name": "mmituta"
        },
        {
            "key": "assafushy-github",
            "name": "assafushy"
        },
        {
            "key": "smartevent360",
            "name": "smartevent360"
        },
        {
            "key": "yasser-barakat1159",
            "name": "Yasser Barakat"
        },
        {
            "key": "acotrez-lab",
            "name": "acotrez-lab"
        },
        {
            "key": "julio-cesar-zepeda-alvarez14203",
            "name": "Julio Cesar Zepeda Alvarez"
        }
    ],
    "components": [
        {
            "organization": "smartevent360",
            "key": "az400.web",
            "name": "az400.web",
            "tags": [],
            "visibility": "public",
            "isNew": false
        },
        {
            "organization": "se11-hss",
            "key": "AzureBlackOps",
            "name": "AzureBlackOps",
            "tags": [],
            "visibility": "public",
            "isNew": false
        },
        {
            "organization": "azuredevopsaporganization",
            "key": "AzureDevopsAP",
            "name": "AzureDevopsAP",
            "tags": [],
            "visibility": "public",
            "isNew": false
        },
        {
            "organization": "assafushy-github",
            "key": "assafushy_azureDevOpsBi",
            "name": "azureDevOpsBi",
            "tags": [],
            "visibility": "public",
            "isNew": false
        },
        {
            "organization": "julio-cesar-zepeda-alvarez14203",
            "key": "unlimiteddemo",
            "name": "azuredevopsdemo",
            "tags": [],
            "visibility": "public",
            "isNew": false
        },
        {
            "organization": "devopsmiami",
            "key": "devopsmiami",
            "name": "AzurePipelines",
            "tags": [],
            "visibility": "public",
            "isNew": false
        },
        {
            "organization": "infinitesoul-github",
            "key": "Azuria",
            "name": "Azuria",
            "tags": [],
            "visibility": "public",
            "isNew": false
        },
        {
            "organization": "yasser-barakat1159",
            "key": "B-Ict-projects-webapi01",
            "name": "B-ICT PROJECTS",
            "tags": [],
            "visibility": "public",
            "isNew": false
        },
        {
            "organization": "mmituta-github",
            "key": "mmituta_bklasa",
            "name": "B-klasa web app",
            "tags": [],
            "visibility": "public",
            "isNew": false
        },
        {
            "organization": "acotrez-lab",
            "key": "bc82b617f3e60982c36d75eda50af17ec4cc80a8",
            "name": "b2b-demo",
            "tags": [],
            "visibility": "public",
            "isNew": false
        }
    ],
    "facets": [
        {
            "property": "languages",
            "values": [
                {
                    "val": "xml",
                    "count": 14841
                },
                {
                    "val": "web",
                    "count": 13242
                },
                {
                    "val": "java",
                    "count": 13146
                },
                {
                    "val": "css",
                    "count": 11597
                },
                {
                    "val": "js",
                    "count": 11505
                },
                {
                    "val": "cs",
                    "count": 6126
                },
                {
                    "val": "php",
                    "count": 2739
                },
                {
                    "val": "py",
                    "count": 2703
                },
                {
                    "val": "ts",
                    "count": 2053
                },
                {
                    "val": "c",
                    "count": 1733
                }
            ]
        },
        {
            "property": "ncloc",
            "values": [
                {
                    "val": "*-1000.0",
                    "count": 28144
                },
                {
                    "val": "1000.0-10000.0",
                    "count": 18878
                },
                {
                    "val": "10000.0-100000.0",
                    "count": 10810
                },
                {
                    "val": "100000.0-500000.0",
                    "count": 1997
                },
                {
                    "val": "500000.0-*",
                    "count": 378
                }
            ]
        }
    ]
}