{
    "paging": {
        "pageIndex": 847,
        "pageSize": 10,
        "total": 32063
    },
    "organizations": [
        {
            "key": "rickwubs",
            "name": "Rick Wubs"
        },
        {
            "key": "maulanayusupp",
            "name": "Maulana Yusup Abdullah"
        },
        {
            "key": "vijayvani-github",
            "name": "vijayvani"
        },
        {
            "key": "brajx",
            "name": "Daniel"
        },
        {
            "key": "marmer-github",
            "name": "marmer"
        },
        {
            "key": "zjklee",
            "name": "zjklee"
        },
        {
            "key": "dylanaubrey-github",
            "name": "dylanaubrey"
        },
        {
            "key": "thannhatttruong",
            "name": "thannhatttruong"
        },
        {
            "key": "clivern-github",
            "name": "Clivern"
        }
    ],
    "components": [
        {
            "organization": "maulanayusupp",
            "key": "maulanayusupp_hamburgers",
            "name": "hamburgers",
            "tags": [],
            "visibility": "public",
            "eligibilityStatus": "COMPLETED",
            "eligible": true,
            "isNew": false
        },
        {
            "organization": "vijayvani-github",
            "key": "vijayvani_hamcrest-date",
            "name": "Hamcrest Date",
            "tags": [],
            "visibility": "public",
            "isNew": false
        },
        {
            "organization": "marmer-github",
            "key": "io.github.marmer.testutils:hamcrest-matcher-generator",
            "name": "hamcrest-matcher-generator",
            "tags": [
                "java"
            ],
            "visibility": "public",
            "isNew": false
        },
        {
            "organization": "vijayvani-github",
            "key": "vijayvani_hamcrest-sql",
            "name": "Hamcrest-style matchers for SQL strings",
            "tags": [],
            "visibility": "public",
            "isNew": false
        },
        {
            "organization": "clivern-github",
            "key": "Clivern_Hamster",
            "name": "Hamster",
            "tags": [],
            "visibility": "public",
            "eligibilityStatus": "COMPLETED",
            "eligible": true,
            "isNew": false
        },
        {
            "organization": "rickwubs",
            "key": "rickwubs_han",
            "name": "han",
            "tags": [],
            "visibility": "public",
            "isNew": false
        },
        {
            "organization": "thannhatttruong",
            "key": "thannhatttruong_HanaShop",
            "name": "HanaShop",
            "tags": [],
            "visibility": "public",
            "eligibilityStatus": "COMPLETED",
            "eligible": false,
            "isNew": false
        },
        {
            "organization": "dylanaubrey-github",
            "key": "sonarqube:handl",
            "name": "handl",
            "tags": [],
            "visibility": "public",
            "isNew": false
        },
        {
            "organization": "zjklee",
            "key": "zjklee_handlebars.csharp",
            "name": "handlebars.csharp",
            "tags": [],
            "visibility": "public",
            "eligibilityStatus": "COMPLETED",
            "eligible": false,
            "isNew": false
        },
        {
            "organization": "brajx",
            "key": "brajx_handrecog",
            "name": "handrecog",
            "tags": [],
            "visibility": "public",
            "isNew": false
        }
    ],
    "facets": [
        {
            "property": "languages",
            "values": [
                {
                    "val": "xml",
                    "count": 14840
                },
                {
                    "val": "web",
                    "count": 13241
                },
                {
                    "val": "java",
                    "count": 13146
                },
                {
                    "val": "css",
                    "count": 11596
                },
                {
                    "val": "js",
                    "count": 11504
                },
                {
                    "val": "cs",
                    "count": 6126
                },
                {
                    "val": "php",
                    "count": 2739
                },
                {
                    "val": "py",
                    "count": 2703
                },
                {
                    "val": "ts",
                    "count": 2053
                },
                {
                    "val": "c",
                    "count": 1733
                }
            ]
        },
        {
            "property": "ncloc",
            "values": [
                {
                    "val": "*-1000.0",
                    "count": 28143
                },
                {
                    "val": "1000.0-10000.0",
                    "count": 18879
                },
                {
                    "val": "10000.0-100000.0",
                    "count": 10810
                },
                {
                    "val": "100000.0-500000.0",
                    "count": 1996
                },
                {
                    "val": "500000.0-*",
                    "count": 378
                }
            ]
        }
    ]
}