{
    "paging": {
        "pageIndex": 536,
        "pageSize": 10,
        "total": 32073
    },
    "organizations": [
        {
            "key": "scalyr",
            "name": "scalyr"
        },
        {
            "key": "sikloidz",
            "name": "Jos\u00e9 Luis Landero Noriega"
        },
        {
            "key": "vijayvani-github",
            "name": "vijayvani"
        },
        {
            "key": "eduardo3517",
            "name": "eduardo3517"
        },
        {
            "key": "kitswdevteam-github",
            "name": "KIT Software Development Team"
        },
        {
            "key": "skillsbundle",
            "name": "SkillsBundle"
        },
        {
            "key": "francescozacc",
            "name": "francescozacc"
        },
        {
            "key": "saravankumarpa",
            "name": "Saravan PA"
        },
        {
            "key": "neueda-blu-corner",
            "name": "blu-corner"
        },
        {
            "key": "davideleoni997",
            "name": "davideleoni997"
        }
    ],
    "components": [
        {
            "organization": "skillsbundle",
            "key": "sb_challenge-test",
            "name": "sb_challenge-test",
            "tags": [],
            "visibility": "public",
            "isNew": false
        },
        {
            "organization": "kitswdevteam-github",
            "key": "com.java:SBBS",
            "name": "SBBS Maven Webapp",
            "tags": [],
            "visibility": "public",
            "isNew": false
        },
        {
            "organization": "saravankumarpa",
            "key": "saravankumarpa_sbc-auth",
            "name": "sbc-auth",
            "tags": [],
            "visibility": "public",
            "isNew": false
        },
        {
            "organization": "neueda-blu-corner",
            "key": "blu-corner_sbf",
            "name": "sbf",
            "tags": [],
            "visibility": "public",
            "isNew": false
        },
        {
            "organization": "eduardo3517",
            "key": "eduardo3517_scaffolder",
            "name": "scaffolder",
            "tags": [],
            "visibility": "public",
            "eligibilityStatus": "COMPLETED",
            "eligible": true,
            "isNew": false
        },
        {
            "organization": "francescozacc",
            "key": "francescozacc_scalable-coffee-shop",
            "name": "scalable-coffee-shop",
            "tags": [],
            "visibility": "public",
            "eligibilityStatus": "COMPLETED",
            "eligible": false,
            "isNew": false
        },
        {
            "organization": "vijayvani-github",
            "key": "vijayvani_Scalyr-Java-Client",
            "name": "Scalyr Client",
            "tags": [],
            "visibility": "public",
            "isNew": false
        },
        {
            "organization": "scalyr",
            "key": "scalyr_scalyr-agent-2",
            "name": "scalyr-agent-2",
            "tags": [],
            "visibility": "public",
            "eligibilityStatus": "COMPLETED",
            "eligible": true,
            "isNew": true
        },
        {
            "organization": "davideleoni997",
            "key": "davideleoni997_ScambioUniversitario",
            "name": "ScambioUniversitario",
            "tags": [],
            "visibility": "public",
            "isNew": false
        },
        {
            "organization": "sikloidz",
            "key": "sikloidz_scan-test",
            "name": "scan-test",
            "tags": [],
            "visibility": "public",
            "isNew": false
        }
    ],
    "facets": [
        {
            "property": "languages",
            "values": [
                {
                    "val": "xml",
                    "count": 14845
                },
                {
                    "val": "web",
                    "count": 13245
                },
                {
                    "val": "java",
                    "count": 13148
                },
                {
                    "val": "css",
                    "count": 11600
                },
                {
                    "val": "js",
                    "count": 11511
                },
                {
                    "val": "cs",
                    "count": 6127
                },
                {
                    "val": "php",
                    "count": 2740
                },
                {
                    "val": "py",
                    "count": 2703
                },
                {
                    "val": "ts",
                    "count": 2054
                },
                {
                    "val": "c",
                    "count": 1733
                }
            ]
        },
        {
            "property": "ncloc",
            "values": [
                {
                    "val": "*-1000.0",
                    "count": 28146
                },
                {
                    "val": "1000.0-10000.0",
                    "count": 18885
                },
                {
                    "val": "10000.0-100000.0",
                    "count": 10812
                },
                {
                    "val": "100000.0-500000.0",
                    "count": 1998
                },
                {
                    "val": "500000.0-*",
                    "count": 378
                }
            ]
        }
    ]
}