{
    "paging": {
        "pageIndex": 991,
        "pageSize": 10,
        "total": 32063
    },
    "organizations": [
        {
            "key": "navit",
            "name": "NAV"
        },
        {
            "key": "comodoro-github",
            "name": "comodoro"
        },
        {
            "key": "mypersonal",
            "name": "mypersonal"
        },
        {
            "key": "cwtechsolutions",
            "name": "cwtechsolutions"
        },
        {
            "key": "donthompson-github",
            "name": "Don Thompson"
        },
        {
            "key": "fbacchella-github",
            "name": "Fabrice Bacchella"
        }
    ],
    "components": [
        {
            "organization": "navit",
            "key": "fpsak-frontend",
            "name": "fpsak-frontend",
            "tags": [
                "react",
                "less",
                "redux"
            ],
            "visibility": "public",
            "isNew": false
        },
        {
            "organization": "navit",
            "key": "fpsoknad-mottak",
            "name": "fpsoknad-mottak",
            "tags": [],
            "visibility": "public",
            "isNew": false
        },
        {
            "organization": "navit",
            "key": "navikt_fpsoknad-mottak",
            "name": "fpsoknad-mottak",
            "tags": [],
            "visibility": "public",
            "isNew": false
        },
        {
            "organization": "navit",
            "key": "navikt_fpsoknad-oppslag",
            "name": "fpsoknad-oppslag",
            "tags": [],
            "visibility": "public",
            "isNew": false
        },
        {
            "organization": "mypersonal",
            "key": "fqg-php",
            "name": "fqg-php",
            "tags": [],
            "visibility": "public",
            "isNew": false
        },
        {
            "organization": "fbacchella-github",
            "key": "fr.jrds:snmpcodec",
            "name": "fr.jrds:snmpcodec",
            "tags": [],
            "visibility": "public",
            "isNew": false
        },
        {
            "organization": "fbacchella-github",
            "key": "fr.loghub:netty-beats",
            "name": "fr.loghub:netty-beats",
            "tags": [],
            "visibility": "public",
            "isNew": false
        },
        {
            "organization": "cwtechsolutions",
            "key": "fractal",
            "name": "fractal",
            "tags": [],
            "visibility": "public",
            "isNew": false
        },
        {
            "organization": "comodoro-github",
            "key": "FractalZoo",
            "name": "FractalZoo",
            "tags": [],
            "visibility": "public",
            "isNew": false
        },
        {
            "organization": "donthompson-github",
            "key": "FradBot",
            "name": "FradBot",
            "tags": [],
            "visibility": "public",
            "isNew": false
        }
    ],
    "facets": [
        {
            "property": "languages",
            "values": [
                {
                    "val": "xml",
                    "count": 14841
                },
                {
                    "val": "web",
                    "count": 13242
                },
                {
                    "val": "java",
                    "count": 13146
                },
                {
                    "val": "css",
                    "count": 11597
                },
                {
                    "val": "js",
                    "count": 11505
                },
                {
                    "val": "cs",
                    "count": 6126
                },
                {
                    "val": "php",
                    "count": 2739
                },
                {
                    "val": "py",
                    "count": 2703
                },
                {
                    "val": "ts",
                    "count": 2053
                },
                {
                    "val": "c",
                    "count": 1733
                }
            ]
        },
        {
            "property": "ncloc",
            "values": [
                {
                    "val": "*-1000.0",
                    "count": 28144
                },
                {
                    "val": "1000.0-10000.0",
                    "count": 18878
                },
                {
                    "val": "10000.0-100000.0",
                    "count": 10810
                },
                {
                    "val": "100000.0-500000.0",
                    "count": 1997
                },
                {
                    "val": "500000.0-*",
                    "count": 378
                }
            ]
        }
    ]
}