{
    "paging": {
        "pageIndex": 432,
        "pageSize": 10,
        "total": 32071
    },
    "organizations": [
        {
            "key": "blazingkin-github",
            "name": "Alex Gravenor"
        },
        {
            "key": "x00067817",
            "name": "x00067817"
        },
        {
            "key": "xd00258-github",
            "name": "Victor Vuong"
        },
        {
            "key": "blueman",
            "name": "blueman-project"
        },
        {
            "key": "j-sh",
            "name": "J Sh"
        },
        {
            "key": "bloodpressure",
            "name": "bloodpressure"
        },
        {
            "key": "joshuaji-github",
            "name": "Xu Ji (Joshua)"
        },
        {
            "key": "paulorenato",
            "name": "Paulo Renato"
        },
        {
            "key": "null-null55469",
            "name": "null null"
        },
        {
            "key": "yan",
            "name": "Teng YANG"
        }
    ],
    "components": [
        {
            "organization": "joshuaji-github",
            "key": "blokish23",
            "name": "Blockish",
            "tags": [],
            "visibility": "public",
            "isNew": false
        },
        {
            "organization": "yan",
            "key": "morenyang_blog",
            "name": "blog",
            "tags": [],
            "visibility": "public",
            "isNew": false
        },
        {
            "organization": "paulorenato",
            "key": "blog.test",
            "name": "blog.test",
            "tags": [],
            "visibility": "public",
            "isNew": false
        },
        {
            "organization": "xd00258-github",
            "key": "org.scoutant.blokish:blokish",
            "name": "blokish",
            "tags": [],
            "visibility": "public",
            "isNew": false
        },
        {
            "organization": "null-null55469",
            "key": "BPC",
            "name": "Blood Pressure Calculator",
            "tags": [],
            "visibility": "public",
            "isNew": false
        },
        {
            "organization": "bloodpressure",
            "key": "projectkeyforbloodpressure_doc",
            "name": "BloodPressureProject",
            "tags": [],
            "visibility": "public",
            "isNew": false
        },
        {
            "organization": "blueman",
            "key": "blueman-project_blueman",
            "name": "blueman",
            "tags": [],
            "visibility": "public",
            "isNew": false
        },
        {
            "organization": "j-sh",
            "key": "J-Sh_blueprint",
            "name": "blueprint",
            "tags": [],
            "visibility": "public",
            "isNew": false
        },
        {
            "organization": "blazingkin-github",
            "key": "blazingkin_blz-ospl",
            "name": "blz-ospl-parent",
            "tags": [],
            "visibility": "public",
            "isNew": false
        },
        {
            "organization": "x00067817",
            "key": "20Nov82",
            "name": "bmi",
            "tags": [],
            "visibility": "public",
            "isNew": false
        }
    ],
    "facets": [
        {
            "property": "languages",
            "values": [
                {
                    "val": "xml",
                    "count": 14844
                },
                {
                    "val": "web",
                    "count": 13244
                },
                {
                    "val": "java",
                    "count": 13148
                },
                {
                    "val": "css",
                    "count": 11599
                },
                {
                    "val": "js",
                    "count": 11509
                },
                {
                    "val": "cs",
                    "count": 6127
                },
                {
                    "val": "php",
                    "count": 2740
                },
                {
                    "val": "py",
                    "count": 2703
                },
                {
                    "val": "ts",
                    "count": 2054
                },
                {
                    "val": "c",
                    "count": 1733
                }
            ]
        },
        {
            "property": "ncloc",
            "values": [
                {
                    "val": "*-1000.0",
                    "count": 28144
                },
                {
                    "val": "1000.0-10000.0",
                    "count": 18883
                },
                {
                    "val": "10000.0-100000.0",
                    "count": 10812
                },
                {
                    "val": "100000.0-500000.0",
                    "count": 1998
                },
                {
                    "val": "500000.0-*",
                    "count": 378
                }
            ]
        }
    ]
}