{
    "paging": {
        "pageIndex": 332,
        "pageSize": 10,
        "total": 32073
    },
    "organizations": [
        {
            "key": "guest363",
            "name": "Oleg Moiseev"
        },
        {
            "key": "shenxianpeng",
            "name": "shenxianpeng"
        },
        {
            "key": "jakeeyturner-github",
            "name": "Jake"
        },
        {
            "key": "beauchef-github",
            "name": "Jean-Fran\u00e7ois Beauchef"
        },
        {
            "key": "guodaxia-code",
            "name": "guodaxia-code"
        },
        {
            "key": "ice94-github",
            "name": "Bratek"
        },
        {
            "key": "ibm-blockchain",
            "name": "IBM Blockchain"
        },
        {
            "key": "joshuaji-github",
            "name": "Xu Ji (Joshua)"
        },
        {
            "key": "proshin-roman-github",
            "name": "Roman Proshin"
        },
        {
            "key": "yan",
            "name": "Teng YANG"
        }
    ],
    "components": [
        {
            "organization": "ibm-blockchain",
            "key": "IBM-Blockchain_blockchain-vscode-extension",
            "name": "blockchain-vscode-extension",
            "tags": [],
            "visibility": "public",
            "isNew": false
        },
        {
            "organization": "jakeeyturner-github",
            "key": "Jakeeyturner_blockchain-vscode-extension",
            "name": "blockchain-vscode-extension",
            "tags": [],
            "visibility": "public",
            "isNew": false
        },
        {
            "organization": "joshuaji-github",
            "key": "blokish23",
            "name": "Blockish",
            "tags": [],
            "visibility": "public",
            "isNew": false
        },
        {
            "organization": "beauchef-github",
            "key": "beauchef_gei-776",
            "name": "blog",
            "tags": [],
            "visibility": "public",
            "isNew": false
        },
        {
            "organization": "ice94-github",
            "key": "com.bratek:blog",
            "name": "blog",
            "tags": [],
            "visibility": "public",
            "isNew": false
        },
        {
            "organization": "guest363",
            "key": "guest363_blog",
            "name": "blog",
            "tags": [],
            "visibility": "public",
            "eligibilityStatus": "COMPLETED",
            "eligible": true,
            "isNew": false
        },
        {
            "organization": "guodaxia-code",
            "key": "guodaxia-code_blog",
            "name": "blog",
            "tags": [],
            "visibility": "public",
            "eligibilityStatus": "COMPLETED",
            "eligible": true,
            "isNew": false
        },
        {
            "organization": "yan",
            "key": "morenyang_blog",
            "name": "blog",
            "tags": [],
            "visibility": "public",
            "isNew": false
        },
        {
            "organization": "proshin-roman-github",
            "key": "org.proshin:blog",
            "name": "blog",
            "tags": [],
            "visibility": "public",
            "isNew": false
        },
        {
            "organization": "shenxianpeng",
            "key": "shenxianpeng_blog",
            "name": "blog",
            "tags": [],
            "visibility": "public",
            "isNew": false
        }
    ],
    "facets": [
        {
            "property": "languages",
            "values": [
                {
                    "val": "xml",
                    "count": 14845
                },
                {
                    "val": "web",
                    "count": 13245
                },
                {
                    "val": "java",
                    "count": 13148
                },
                {
                    "val": "css",
                    "count": 11600
                },
                {
                    "val": "js",
                    "count": 11511
                },
                {
                    "val": "cs",
                    "count": 6127
                },
                {
                    "val": "php",
                    "count": 2740
                },
                {
                    "val": "py",
                    "count": 2703
                },
                {
                    "val": "ts",
                    "count": 2054
                },
                {
                    "val": "c",
                    "count": 1733
                }
            ]
        },
        {
            "property": "ncloc",
            "values": [
                {
                    "val": "*-1000.0",
                    "count": 28146
                },
                {
                    "val": "1000.0-10000.0",
                    "count": 18885
                },
                {
                    "val": "10000.0-100000.0",
                    "count": 10812
                },
                {
                    "val": "100000.0-500000.0",
                    "count": 1998
                },
                {
                    "val": "500000.0-*",
                    "count": 378
                }
            ]
        }
    ]
}