{
    "paging": {
        "pageIndex": 187,
        "pageSize": 10,
        "total": 32068
    },
    "organizations": [
        {
            "key": "kashtabinoitworx-github",
            "name": "kashtabinoITWorx"
        },
        {
            "key": "pnnl",
            "name": "pnnl"
        },
        {
            "key": "victor_gonzales_miranda-bitbucket",
            "name": "Victor Jose Gonzales Miranda"
        },
        {
            "key": "vijayvani-github",
            "name": "vijayvani"
        },
        {
            "key": "gendelphi",
            "name": "Gerardo Garcia"
        },
        {
            "key": "phamtuyennina",
            "name": "phamtuyennina"
        },
        {
            "key": "prax-sepg-github",
            "name": "PRAX-SEPG"
        },
        {
            "key": "andrasmarkus-github",
            "name": "Andras Markus"
        },
        {
            "key": "chrobakwojciech",
            "name": "Wojciech Chrobak"
        },
        {
            "key": "featuretogglestudy",
            "name": "FeatureToggleStudy"
        }
    ],
    "components": [
        {
            "organization": "kashtabinoitworx-github",
            "key": "DRT",
            "name": "DRT",
            "tags": [],
            "visibility": "public",
            "isNew": false
        },
        {
            "organization": "phamtuyennina",
            "key": "phamtuyennina_fixloi",
            "name": "fixloi",
            "tags": [],
            "visibility": "public",
            "isNew": false
        },
        {
            "organization": "pnnl",
            "key": "ga",
            "name": "Global Arrays",
            "tags": [],
            "visibility": "public",
            "isNew": false
        },
        {
            "organization": "victor_gonzales_miranda-bitbucket",
            "key": "pepper-plugin-potlet",
            "name": "pepper-plugin-potlet",
            "tags": [],
            "visibility": "public",
            "isNew": false
        },
        {
            "organization": "andrasmarkus-github",
            "key": "spanedge",
            "name": "StormOnEdge",
            "tags": [],
            "visibility": "public",
            "isNew": false
        },
        {
            "organization": "prax-sepg-github",
            "key": "PRAXCBK",
            "name": "adquirente-cbk",
            "tags": [],
            "visibility": "public",
            "isNew": false
        },
        {
            "organization": "featuretogglestudy",
            "key": "FeatureToggleStudy_docs.particular.net",
            "name": "docs.particular.net",
            "tags": [],
            "visibility": "public",
            "isNew": false
        },
        {
            "organization": "chrobakwojciech",
            "key": "chrobakwojciech_ebiznes_fais",
            "name": "ebiznes_fais",
            "tags": [],
            "visibility": "public",
            "eligibilityStatus": "COMPLETED",
            "eligible": true,
            "isNew": false
        },
        {
            "organization": "vijayvani-github",
            "key": "vijayvani_high-scale-lib",
            "name": "high-scale-lib",
            "tags": [],
            "visibility": "public",
            "isNew": false
        },
        {
            "organization": "gendelphi",
            "key": "gendelphi_practicasaspnetmvc",
            "name": "practicasaspnetmvc",
            "tags": [],
            "visibility": "public",
            "isNew": false
        }
    ],
    "facets": [
        {
            "property": "languages",
            "values": [
                {
                    "val": "xml",
                    "count": 14842
                },
                {
                    "val": "web",
                    "count": 13244
                },
                {
                    "val": "java",
                    "count": 13146
                },
                {
                    "val": "css",
                    "count": 11600
                },
                {
                    "val": "js",
                    "count": 11509
                },
                {
                    "val": "cs",
                    "count": 6127
                },
                {
                    "val": "php",
                    "count": 2740
                },
                {
                    "val": "py",
                    "count": 2703
                },
                {
                    "val": "ts",
                    "count": 2054
                },
                {
                    "val": "c",
                    "count": 1733
                }
            ]
        },
        {
            "property": "ncloc",
            "values": [
                {
                    "val": "*-1000.0",
                    "count": 28145
                },
                {
                    "val": "1000.0-10000.0",
                    "count": 18881
                },
                {
                    "val": "10000.0-100000.0",
                    "count": 10811
                },
                {
                    "val": "100000.0-500000.0",
                    "count": 1998
                },
                {
                    "val": "500000.0-*",
                    "count": 378
                }
            ]
        }
    ]
}