"","X1","projectKey","ncloc_java","files","classes","functions","design_issues","java:S104","java:S107","java:S112","java:S133","java:S1104","java:S1113","java:S1118","java:S1130","java:S1133","java:S1160","java:S1161","java:S1165","java:S1166","java:S1182","java:S1185","java:S1188","java:S1194","java:S1199","java:S1210","java:S1217","java:S1220","java:S1221","java:1311","java:S1444","java:S1598","java:S1609","java:S1610","java:S2059","java:S2062","java:S2134","java:S2157","java:S2166","java:S2221","java:S2222","java:S2236","java:S2273","java:S2276","java:S2386","java:S2638","java:S2693","java:S2696","java:S2885","java:S2975","java:S3389","java:S3422","AVGjava:S107","Kjava:S107","AVGjava:S112","Kjava:S112","AVGjava:S1104","Kjava:S1104","AVGjava:S1113","Kjava:S1113","AVGjava:S1118","Kjava:S1118","AVGjava:S1130","Kjava:S1130","AVGjava:S1133","Kjava:S1133","AVGjava:S1161","Kjava:S1161","AVGjava:S1165","Kjava:S1165","AVGjava:S1182","Kjava:S1182","AVGjava:S1185","Kjava:S1185","AVGjava:S1199","Kjava:S1199","AVGjava:S1210","Kjava:S1210","AVGjava:S1217","Kjava:S1217","AVGjava:S1220","Kjava:S1220","AVGjava:S1221","Kjava:S1221","AVGjava:S1444","Kjava:S1444","AVGjava:S1598","Kjava:S1598","AVGjava:S1610","Kjava:S1610","AVGjava:S2062","Kjava:S2062","AVGjava:S2157","Kjava:S2157","AVGjava:S2166","Kjava:S2166","AVGjava:S2222","Kjava:S2222","AVGjava:S2236","Kjava:S2236","AVGjava:S2273","Kjava:S2273","AVGjava:S2276","Kjava:S2276","AVGjava:S2386","Kjava:S2386","AVGjava:S2638","Kjava:S2638","AVGjava:S2696","Kjava:S2696","AVGjava:S2885","Kjava:S2885","AVGjava:S2975","Kjava:S2975","AVGjava:S3389","Kjava:S3389","AVGjava:S3422","Kjava:S3422","inheritance","exception","vmsmell","interface","threading","complexity","ATDx"
"1",0,"onap_vfc-nfvo-wfengine-wfenginemgrservice",789,29,24,86,7,0,0,0,0,0,0,6,0,0,0,1,0,0,0,0,0,0,0,0,0,0,0,0,0,0,0,0,0,0,0,0,0,0,0,0,0,0,0,0,0,0,0,0,0,0,0,0,0,0,0,0,0,0,250,4,0,0,0,0,11.6279069767442,3,0,0,0,0,0,0,0,0,0,0,0,0,0,0,0,0,0,0,0,0,0,0,0,0,0,0,0,0,0,0,0,0,0,0,0,0,0,0,0,0,0,0,0,0,0,0,0,0,0,0,0.333333333333333,0,0,0.8,0,0,0.188888888888889
"2",1,"onap_dcaegen2-services-bbs-event-processor",2938,53,63,298,0,0,0,0,0,0,0,0,0,0,0,0,0,0,0,0,0,0,0,0,0,0,0,0,0,0,0,0,0,0,0,0,0,0,0,0,0,0,0,0,0,0,0,0,0,0,0,0,0,0,0,0,0,0,0,0,0,0,0,0,0,0,0,0,0,0,0,0,0,0,0,0,0,0,0,0,0,0,0,0,0,0,0,0,0,0,0,0,0,0,0,0,0,0,0,0,0,0,0,0,0,0,0,0,0,0,0,0,0,0,0,0,0,0,0,0,0,0,0
"3",2,"onap_policy-engine",67781,722,480,6688,108,0,11,2,0,6,0,5,25,30,0,2,0,0,3,4,0,0,2,0,0,0,0,0,0,0,0,2,0,0,0,0,0,0,0,0,0,0,0,0,0,13,0,3,0,0,1.64473684210526,0,0.0295067939393045,0,12.5,0,0,0,10.4166666666667,1,0.368834924241307,1,4.48564593301435,1,0.299043062200957,0,0,0,6.25,2.5,0.598086124401914,1,0.0295067939393045,0,0,0,0,0,0,0,0,0,0,0,0,0,4.16666666666667,1.25,0,0,0,0,0,0,0,0,0,0,0,0,0,0,0,0,0,0,0.191794160605479,1.25,0,0,6.25,1.66666666666667,0,0,0,0,0.574074074074074,0.25,0.333333333333333,0.65,0,0.5,0.384567901234568
"4",3,"onap_optf-fgps",4413,53,59,378,23,0,0,1,0,5,0,8,6,0,0,0,0,0,0,0,0,0,0,0,0,0,0,0,0,0,0,0,0,0,0,0,0,0,0,0,0,0,0,0,0,1,2,0,0,0,0,0,0.226603217765692,0,84.7457627118644,1.25,0,0,135.593220338983,3,1.35961930659415,2,0,0,0,0,0,0,0,0,0,0,0,0,0,0,0,0,0,0,0,0,0,0,0,0,0,0,0,0,0,0,0,0,0,0,0,0,0,0,0,0,0,0,0,0,0.226603217765692,1.25,33.8983050847458,3.75,0,0,0,0,0,0,0,0.5,0,0.85,0.75,0,0.35
"5",4,"onap_usecase-ui-server",15014,261,257,1897,42,0,3,5,0,4,0,11,13,0,0,0,0,0,0,0,0,0,0,0,0,0,0,0,3,0,0,0,0,0,0,0,0,0,0,0,0,0,2,0,0,1,0,0,0,0,1.58144438587243,0,0.333022512321833,0,15.5642023346303,0,0,0,42.8015564202335,2,0.865858532036766,1,0,0,0,0,0,0,0,0,0,0,0,0,0,0,0,0,0,0,0,0,11.6731517509728,1,0,0,0,0,0,0,0,0,0,0,0,0,0,0,0,0,0,0,7.78210116731517,1.25,0,0,0.0666045024643666,0,0,0,0,0,0,0,0,0,0,0.25,0,0.4,0,0,0.108333333333333
"6",5,"onap_policy-distribution",2972,78,73,309,0,0,0,0,0,0,0,0,0,0,0,0,0,0,0,0,0,0,0,0,0,0,0,0,0,0,0,0,0,0,0,0,0,0,0,0,0,0,0,0,0,0,0,0,0,0,0,0,0,0,0,0,0,0,0,0,0,0,0,0,0,0,0,0,0,0,0,0,0,0,0,0,0,0,0,0,0,0,0,0,0,0,0,0,0,0,0,0,0,0,0,0,0,0,0,0,0,0,0,0,0,0,0,0,0,0,0,0,0,0,0,0,0,0,0,0,0,0,0
"7",6,"onap_policy-pap",4798,67,73,378,0,0,0,0,0,0,0,0,0,0,0,0,0,0,0,0,0,0,0,0,0,0,0,0,0,0,0,0,0,0,0,0,0,0,0,0,0,0,0,0,0,0,0,0,0,0,0,0,0,0,0,0,0,0,0,0,0,0,0,0,0,0,0,0,0,0,0,0,0,0,0,0,0,0,0,0,0,0,0,0,0,0,0,0,0,0,0,0,0,0,0,0,0,0,0,0,0,0,0,0,0,0,0,0,0,0,0,0,0,0,0,0,0,0,0,0,0,0,0
"8",7,"onap_dcaegen2-analytics-tca",7040,143,140,614,9,0,0,0,0,0,0,1,0,0,0,0,0,0,0,0,0,0,0,0,0,0,0,0,0,0,0,0,0,0,0,0,0,0,0,0,0,0,0,8,0,0,0,0,0,0,0,0,0,0,0,0,0,0,7.14285714285714,0,0,0,0,0,0,0,0,0,0,0,0,0,0,0,0,0,0,0,0,0,0,0,0,0,0,0,0,0,0,0,0,0,0,0,0,0,0,0,0,0,0,0,0,0,13.0293159609121,0,0,0,0,0,0,0,0,0,0,0,0,0,0,0,0,0,0
"9",8,"onap_dcaegen2-analytics-tca-gen2",6993,250,249,565,22,0,2,3,0,0,0,5,0,0,0,1,0,0,0,0,0,0,0,0,0,0,0,0,0,0,0,10,0,0,0,0,0,0,0,0,0,0,1,0,0,0,0,0,0,0,3.53982300884956,1.66666666666667,0.429000429000429,0,0,0,0,0,20.0803212851406,1,0,0,0,0,1.76991150442478,1,0,0,0,0,0,0,0,0,0,0,0,0,0,0,0,0,0,0,0,0,40.1606425702811,5,0,0,0,0,0,0,0,0,0,0,0,0,0,0,4.01606425702811,1.25,0,0,0,0,0,0,0,0,0,0,0,0,0.111111111111111,0,0,1.53333333333333,0,0,0.274074074074074
"10",9,"onap_dcaegen2-collectors-restconf",3679,49,57,335,60,0,0,16,0,32,0,6,0,0,0,0,0,0,0,0,0,0,0,0,0,0,0,0,1,0,0,0,0,0,0,0,0,0,0,0,0,0,1,0,0,4,0,0,0,0,0,0,4.34900788257679,3,561.40350877193,3.75,0,0,105.263157894737,3,0,0,0,0,0,0,0,0,0,0,0,0,0,0,0,0,0,0,0,0,0,0,17.5438596491228,1,0,0,0,0,0,0,0,0,0,0,0,0,0,0,0,0,0,0,17.5438596491228,2.5,0,0,1.0872519706442,2.5,0,0,0,0,0,0,0,0,0,0.75,0,1.35,0,0,0.35
"11",11,"onap_dcaegen2-collectors-ves",2540,47,49,266,6,0,0,0,0,0,0,6,0,0,0,0,0,0,0,0,0,0,0,0,0,0,0,0,0,0,0,0,0,0,0,0,0,0,0,0,0,0,0,0,0,0,0,0,0,0,0,0,0,0,0,0,0,0,122.448979591837,3,0,0,0,0,0,0,0,0,0,0,0,0,0,0,0,0,0,0,0,0,0,0,0,0,0,0,0,0,0,0,0,0,0,0,0,0,0,0,0,0,0,0,0,0,0,0,0,0,0,0,0,0,0,0,0,0,0,0,0,0.6,0,0,0.1
"12",13,"onap_portal-sdk",68223,1290,527,6283,456,0,40,101,0,58,0,21,92,13,0,33,0,0,2,0,0,0,3,1,0,0,0,0,36,0,0,0,0,0,0,1,0,0,0,0,0,0,4,0,0,44,3,4,0,0,6.3663854846411,1.66666666666667,1.48043914808789,1,110.056925996205,1.25,0,0,39.8481973434535,2,1.34851882796124,2,2.06907528250836,1,5.2522680248289,2,0,0,3.79506641366224,2.5,0,0,0.0439734400422145,0,0.159159637116027,0,0,0,0,0,0,0,68.3111954459203,3,0,0,0,0,0,0,1.89753320683112,0,0,0,0,0,0,0,0,0,0,0,7.59013282732448,1.25,0,0,0.644943787285813,2.5,5.69259962049336,1.25,7.59013282732448,1.66666666666667,0,0,0,0,0.685185185185185,0.75,0.333333333333333,1.18333333333333,0.25,0.5,0.616975308641975
"13",14,"onap_policy-api",1937,23,27,116,0,0,0,0,0,0,0,0,0,0,0,0,0,0,0,0,0,0,0,0,0,0,0,0,0,0,0,0,0,0,0,0,0,0,0,0,0,0,0,0,0,0,0,0,0,0,0,0,0,0,0,0,0,0,0,0,0,0,0,0,0,0,0,0,0,0,0,0,0,0,0,0,0,0,0,0,0,0,0,0,0,0,0,0,0,0,0,0,0,0,0,0,0,0,0,0,0,0,0,0,0,0,0,0,0,0,0,0,0,0,0,0,0,0,0,0,0,0,0
"14",15,"onap_aaf-authz",53346,684,782,4071,394,0,6,50,0,205,3,40,36,3,0,20,1,0,0,1,0,0,0,2,0,0,0,0,10,0,0,0,0,0,0,0,0,0,0,0,0,0,11,0,0,6,0,0,0,0,1.47383935151069,0,0.937277396618303,1,262.148337595908,2.5,3.83631713554987,5,51.150895140665,2,0.674839725565178,1,0.736919675755343,0,4.91279783836895,2,1.27877237851662,0,0,0,0.245639891918448,0,0,0,0.491279783836895,2.5,0,0,0,0,0,0,12.7877237851662,1,0,0,0,0,0,0,0,0,0,0,0,0,0,0,0,0,0,0,14.0664961636829,2.5,0,0,0.112473287594196,1.25,0,0,0,0,0,0,0,0,1.05555555555556,0.5,0.5,0.9,0,0,0.492592592592593
"15",17,"onap_policy-drools-pdp",24487,234,313,2427,41,0,0,5,0,0,0,3,6,0,0,0,0,0,0,0,0,0,16,4,0,0,0,0,0,0,0,0,0,0,0,0,0,0,0,0,0,0,1,0,0,6,0,0,0,0,0,0,0.204189978355862,0,0,0,0,0,9.58466453674121,1,0.245027974027035,1,0,0,0,0,0,0,0,0,0,0,0.653407930738759,3,1.64812525751957,5,0,0,0,0,0,0,0,0,0,0,0,0,0,0,0,0,0,0,0,0,0,0,0,0,0,0,3.19488817891374,1.25,0,0,0.245027974027035,1.25,0,0,0,0,0,0,0,0,0.555555555555556,0.25,1,0.2,0,1.5,0.584259259259259
"16",18,"onap_aai-data-router",5486,59,64,532,40,0,1,11,0,0,0,8,17,0,0,0,3,0,0,0,0,0,0,0,0,0,0,0,0,0,0,0,0,0,0,0,0,0,0,0,0,0,0,0,0,0,0,0,0,0,1.8796992481203,0,2.0051039008385,2,0,0,0,0,125,3,3.0987969376595,3,0,0,0,0,46.875,3,0,0,0,0,0,0,0,0,0,0,0,0,0,0,0,0,0,0,0,0,0,0,0,0,0,0,0,0,0,0,0,0,0,0,0,0,0,0,0,0,0,0,0,0,0,0,0,0,0,2,0,0.6,0,0,0.433333333333333
"17",19,"onap_policy-models",23620,444,440,2146,3,0,2,1,0,0,0,0,0,0,0,0,0,0,0,0,0,0,0,0,0,0,0,0,0,0,0,0,0,0,0,0,0,0,0,0,0,0,0,0,0,0,0,0,0,0,0.931966449207828,0,0.0423370025402202,0,0,0,0,0,0,0,0,0,0,0,0,0,0,0,0,0,0,0,0,0,0,0,0,0,0,0,0,0,0,0,0,0,0,0,0,0,0,0,0,0,0,0,0,0,0,0,0,0,0,0,0,0,0,0,0,0,0,0,0,0,0,0,0,0,0,0,0,0,0
"18",20,"onap_aai-validation",5258,78,98,669,1,0,1,0,0,0,0,0,0,0,0,0,0,0,0,0,0,0,0,0,0,0,0,0,0,0,0,0,0,0,0,0,0,0,0,0,0,0,0,0,0,0,0,0,0,0,1.49476831091181,0,0,0,0,0,0,0,0,0,0,0,0,0,0,0,0,0,0,0,0,0,0,0,0,0,0,0,0,0,0,0,0,0,0,0,0,0,0,0,0,0,0,0,0,0,0,0,0,0,0,0,0,0,0,0,0,0,0,0,0,0,0,0,0,0,0,0,0,0,0,0,0
"19",21,"onap_aai-cacher",3848,61,63,293,27,0,0,9,0,12,0,1,4,0,0,0,0,0,0,0,0,0,0,0,0,0,0,0,0,0,0,0,0,0,0,0,0,0,0,0,0,0,0,0,0,0,1,0,0,0,0,0,2.33887733887734,2,190.47619047619,2.5,0,0,15.8730158730159,1,1.03950103950104,2,0,0,0,0,0,0,0,0,0,0,0,0,0,0,0,0,0,0,0,0,0,0,0,0,0,0,0,0,0,0,0,0,0,0,0,0,0,0,0,0,0,0,0,0,0,0,15.8730158730159,2.5,0,0,0,0,0,0,0,1,0,0.7,0.5,0,0.366666666666667
"20",22,"onap_aai-esr-server",4613,84,81,603,6,0,0,0,0,0,0,0,6,0,0,0,0,0,0,0,0,0,0,0,0,0,0,0,0,0,0,0,0,0,0,0,0,0,0,0,0,0,0,0,0,0,0,0,0,0,0,0,0,0,0,0,0,0,0,0,1.30067201387384,2,0,0,0,0,0,0,0,0,0,0,0,0,0,0,0,0,0,0,0,0,0,0,0,0,0,0,0,0,0,0,0,0,0,0,0,0,0,0,0,0,0,0,0,0,0,0,0,0,0,0,0,0,0,0,0,0.5,0,0,0,0,0.0833333333333333
"21",23,"onap_aai-event-client",935,18,18,128,24,0,5,17,0,0,0,1,0,0,0,1,0,0,0,0,0,0,0,0,0,0,0,0,0,0,0,0,0,0,0,0,0,0,0,0,0,0,0,0,0,0,0,0,0,0,39.0625,5,18.1818181818182,5,0,0,0,0,55.5555555555556,2,0,0,0,0,7.8125,2,0,0,0,0,0,0,0,0,0,0,0,0,0,0,0,0,0,0,0,0,0,0,0,0,0,0,0,0,0,0,0,0,0,0,0,0,0,0,0,0,0,0,0,0,0,0,0,0,0,0,0.222222222222222,1.25,0,1.4,0,0,0.478703703703704
"22",24,"onap_aai-gizmo",5489,51,60,471,35,0,8,3,0,4,0,7,8,0,0,0,1,0,0,0,0,0,0,0,0,0,0,0,4,0,0,0,0,0,0,0,0,0,0,0,0,0,0,0,0,0,0,0,0,0,16.9851380042463,3.33333333333333,0.546547640736017,1,66.6666666666667,1.25,0,0,116.666666666667,3,1.45746037529605,2,0,0,0,0,16.6666666666667,1,0,0,0,0,0,0,0,0,0,0,0,0,0,0,66.6666666666667,3,0,0,0,0,0,0,0,0,0,0,0,0,0,0,0,0,0,0,0,0,0,0,0,0,0,0,0,0,0,0,0,0,0,1,0,1.51666666666667,0,0,0.419444444444444
"23",25,"onap_aai-graphadmin",21814,142,157,932,207,0,16,76,0,6,0,1,7,1,0,0,0,0,0,0,0,0,0,0,0,0,0,0,6,0,0,0,0,0,0,0,0,0,0,0,0,0,0,0,0,92,2,0,0,0,17.1673819742489,3.33333333333333,3.48400110021087,2,38.2165605095541,0,0,0,6.36942675159236,0,0.320894838177317,1,1.07296137339056,0,0,0,0,0,0,0,0,0,0,0,0,0,0,0,0,0,0,0,38.2165605095541,2,0,0,0,0,0,0,0,0,0,0,0,0,0,0,0,0,0,0,0,0,0,0,4.21747501604474,5,12.7388535031847,2.5,0,0,0,0,0,0,0,0.75,0,0.666666666666667,0.5,0,0.319444444444444
"24",26,"onap_aai-model-loader",3350,57,61,351,0,0,0,0,0,0,0,0,0,0,0,0,0,0,0,0,0,0,0,0,0,0,0,0,0,0,0,0,0,0,0,0,0,0,0,0,0,0,0,0,0,0,0,0,0,0,0,0,0,0,0,0,0,0,0,0,0,0,0,0,0,0,0,0,0,0,0,0,0,0,0,0,0,0,0,0,0,0,0,0,0,0,0,0,0,0,0,0,0,0,0,0,0,0,0,0,0,0,0,0,0,0,0,0,0,0,0,0,0,0,0,0,0,0,0,0,0,0,0
"25",27,"onap_aai-resources",3752,55,55,218,20,0,2,4,0,1,0,1,9,0,0,0,0,0,0,0,0,0,0,0,0,0,0,0,1,0,0,0,0,0,0,0,0,0,0,0,0,0,0,0,0,1,1,0,0,0,9.1743119266055,1.66666666666667,1.06609808102345,1,18.1818181818182,0,0,0,18.1818181818182,1,2.39872068230277,3,0,0,0,0,0,0,0,0,0,0,0,0,0,0,0,0,0,0,0,0,18.1818181818182,1,0,0,0,0,0,0,0,0,0,0,0,0,0,0,0,0,0,0,0,0,0,0,0.266524520255864,1.25,18.1818181818182,2.5,0,0,0,0,0,0,0,1,0,0.533333333333333,0.5,0,0.338888888888889
"26",28,"onap_aai-router-core",939,19,20,113,4,0,0,3,0,0,0,0,0,0,0,0,0,0,0,1,0,0,0,0,0,0,0,0,0,0,0,0,0,0,0,0,0,0,0,0,0,0,0,0,0,0,0,0,0,0,0,0,3.19488817891374,2,0,0,0,0,0,0,0,0,0,0,0,0,0,0,0,0,8.84955752212389,3,0,0,0,0,0,0,0,0,0,0,0,0,0,0,0,0,0,0,0,0,0,0,0,0,0,0,0,0,0,0,0,0,0,0,0,0,0,0,0,0,0,0,0,0,0.333333333333333,0.5,0,0,0,0,0.138888888888889
"27",29,"onap_appc",60661,1143,983,5024,318,0,5,120,0,4,0,39,95,5,0,3,23,0,1,0,0,0,2,0,0,0,0,0,0,0,0,3,0,0,0,0,0,0,1,3,0,0,1,0,0,6,5,2,0,0,0.995222929936306,0,1.97820675557607,2,4.06917599186165,0,0,0,39.6744659206511,2,1.56608034816439,2,0.995222929936306,0,0.597133757961783,0,23.3977619532045,2,1.01729399796541,0,0,0,0.0329701125929345,0,0,0,0,0,0,0,0,0,0,0,0,0,3.05188199389624,1.25,0,0,0,0,0,0,0.0164850562964673,0,0.0494551688894018,0,0,0,0,0,1.01729399796541,0,0,0,0.0989103377788035,1.25,5.08646998982706,1.25,2.03458799593082,0,0,0,0,0,0,1.5,0,0.65,0.25,0,0.4
"28",30,"onap_sdc-sdc-be-common",5406,86,101,885,35,0,0,0,0,1,0,6,0,21,0,5,0,0,0,1,0,0,0,0,0,0,0,0,1,0,0,0,0,0,0,0,0,0,0,0,0,0,0,0,0,0,0,0,0,0,0,0,0,0,9.9009900990099,0,0,0,59.4059405940594,2,0,0,23.728813559322,4,5.64971751412429,2,0,0,0,0,1.12994350282486,1,0,0,0,0,0,0,0,0,0,0,9.9009900990099,1,0,0,0,0,0,0,0,0,0,0,0,0,0,0,0,0,0,0,0,0,0,0,0,0,0,0,0,0,0,0,0,0,0.333333333333333,0,0,1.2,0,2,0.588888888888889
"29",31,"org.onap.sdc.sdc-be-common:sdc-be-common-parent",5402,86,101,884,35,0,0,0,0,1,0,6,0,21,0,5,0,0,0,1,0,0,0,0,0,0,0,0,1,0,0,0,0,0,0,0,0,0,0,0,0,0,0,0,0,0,0,0,0,0,0,0,0,0,9.9009900990099,0,0,0,59.4059405940594,2,0,0,23.7556561085973,4,5.65610859728507,2,0,0,0,0,1.13122171945701,1,0,0,0,0,0,0,0,0,0,0,9.9009900990099,1,0,0,0,0,0,0,0,0,0,0,0,0,0,0,0,0,0,0,0,0,0,0,0,0,0,0,0,0,0,0,0,0,0.333333333333333,0,0,1.2,0,2,0.588888888888889
"30",32,"onap_optf-cmso",21209,342,381,2103,53,0,2,0,0,0,0,6,4,0,0,1,16,0,0,0,0,0,24,0,0,0,0,0,0,0,0,0,0,0,0,0,0,0,0,0,0,0,0,0,0,0,0,0,0,0,0.951022349025202,0,0,0,0,0,0,0,15.748031496063,1,0.188599179593569,0,0,0,0.475511174512601,0,41.994750656168,3,0,0,0,0,1.13159507756141,4,0,0,0,0,0,0,0,0,0,0,0,0,0,0,0,0,0,0,0,0,0,0,0,0,0,0,0,0,0,0,0,0,0,0,0,0,0,0,0,0,0,0,0,0.75,0,0.2,0,2,0.491666666666667
"31",36,"onap_sdc",239970,3697,3254,21931,625,0,143,65,0,12,0,88,27,28,0,191,6,0,11,4,0,0,11,0,0,0,0,0,2,0,0,12,0,0,0,0,3,0,0,0,0,0,1,0,0,6,0,15,0,0,6.52045050385299,1.66666666666667,0.2708671917323,0,3.68776889981561,0,0,0,27.0436385986478,1,0.112514064258032,0,1.276731567188,0,8.70913319046099,2,1.84388444990781,0,3.38045482483098,2.5,0.182390223884,0,0.0458390632162354,0,0,0,0,0,0,0,0,0,0.614628149969269,0,0,0,3.68776889981561,1.25,0,0,0,0,0.921942224953903,0,0,0,0,0,0,0,0,0,0.307314074984634,0,0,0,0.0250031253906738,0,0,0,4.60971112476951,1.66666666666667,0,0,0,0,0.685185185185185,0,0.333333333333333,0.783333333333333,0,0,0.300308641975309
"32",37,"onap_externalapi-nbi",7036,138,127,827,6,0,0,0,0,0,0,3,3,0,0,0,0,0,0,0,0,0,0,0,0,0,0,0,0,0,0,0,0,0,0,0,0,0,0,0,0,0,0,0,0,0,0,0,0,0,0,0,0,0,0,0,0,0,23.6220472440945,1,0.426378624218306,1,0,0,0,0,0,0,0,0,0,0,0,0,0,0,0,0,0,0,0,0,0,0,0,0,0,0,0,0,0,0,0,0,0,0,0,0,0,0,0,0,0,0,0,0,0,0,0,0,0,0,0,0,0,0,0,0.25,0,0.2,0,0,0.075
"33",39,"onap_aaf-certservice",1758,104,74,209,0,0,0,0,0,0,0,0,0,0,0,0,0,0,0,0,0,0,0,0,0,0,0,0,0,0,0,0,0,0,0,0,0,0,0,0,0,0,0,0,0,0,0,0,0,0,0,0,0,0,0,0,0,0,0,0,0,0,0,0,0,0,0,0,0,0,0,0,0,0,0,0,0,0,0,0,0,0,0,0,0,0,0,0,0,0,0,0,0,0,0,0,0,0,0,0,0,0,0,0,0,0,0,0,0,0,0,0,0,0,0,0,0,0,0,0,0,0,0
"34",40,"onap_aai-aai-common",28862,411,459,2935,156,0,4,32,0,2,0,26,72,2,0,7,2,0,1,0,0,0,1,0,0,0,0,0,0,0,0,0,0,0,0,0,2,0,0,0,0,0,1,0,0,3,0,1,0,0,1.36286201022147,0,1.10872427413208,1,4.35729847494553,0,0,0,56.6448801742919,2,2.49462961679717,3,0.681431005110733,0,2.38500851788756,1,4.35729847494553,0,2.17864923747277,2.5,0,0,0.0346476335666274,0,0,0,0,0,0,0,0,0,0,0,0,0,0,0,0,0,0,0,4.35729847494553,2.5,0,0,0,0,0,0,0,0,2.17864923747277,0,0,0,0.103942900699882,1.25,0,0,2.17864923747277,0,0,0,0,0,0.388888888888889,1.625,0,0.4,0,0,0.402314814814815
"35",41,"onap_aai-babel",2750,53,60,292,0,0,0,0,0,0,0,0,0,0,0,0,0,0,0,0,0,0,0,0,0,0,0,0,0,0,0,0,0,0,0,0,0,0,0,0,0,0,0,0,0,0,0,0,0,0,0,0,0,0,0,0,0,0,0,0,0,0,0,0,0,0,0,0,0,0,0,0,0,0,0,0,0,0,0,0,0,0,0,0,0,0,0,0,0,0,0,0,0,0,0,0,0,0,0,0,0,0,0,0,0,0,0,0,0,0,0,0,0,0,0,0,0,0,0,0,0,0,0
"36",43,"onap_dcaegen2-platform-mod-runtimeapi",940,29,27,128,5,0,0,0,0,5,0,0,0,0,0,0,0,0,0,0,0,0,0,0,0,0,0,0,0,0,0,0,0,0,0,0,0,0,0,0,0,0,0,0,0,0,0,0,0,0,0,0,0,0,185.185185185185,2.5,0,0,0,0,0,0,0,0,0,0,0,0,0,0,0,0,0,0,0,0,0,0,0,0,0,0,0,0,0,0,0,0,0,0,0,0,0,0,0,0,0,0,0,0,0,0,0,0,0,0,0,0,0,0,0,0,0,0,0,0,0,0,0,0.5,0,0,0.0833333333333333
"37",47,"onap_dcaegen2-services-datalake-handler",3472,59,58,209,7,0,0,0,0,0,0,1,6,0,0,0,0,0,0,0,0,0,0,0,0,0,0,0,0,0,0,0,0,0,0,0,0,0,0,0,0,0,0,0,0,0,0,0,0,0,0,0,0,0,0,0,0,0,17.2413793103448,1,1.72811059907834,2,0,0,0,0,0,0,0,0,0,0,0,0,0,0,0,0,0,0,0,0,0,0,0,0,0,0,0,0,0,0,0,0,0,0,0,0,0,0,0,0,0,0,0,0,0,0,0,0,0,0,0,0,0,0,0,0.5,0,0.2,0,0,0.116666666666667
"38",48,"onap_dcaegen2-services-datalake-handler-jess",3472,59,58,209,7,0,0,0,0,0,0,1,6,0,0,0,0,0,0,0,0,0,0,0,0,0,0,0,0,0,0,0,0,0,0,0,0,0,0,0,0,0,0,0,0,0,0,0,0,0,0,0,0,0,0,0,0,0,17.2413793103448,1,1.72811059907834,2,0,0,0,0,0,0,0,0,0,0,0,0,0,0,0,0,0,0,0,0,0,0,0,0,0,0,0,0,0,0,0,0,0,0,0,0,0,0,0,0,0,0,0,0,0,0,0,0,0,0,0,0,0,0,0,0.5,0,0.2,0,0,0.116666666666667
"39",50,"onap_dcaegen2-services-mapper",16342,128,170,2366,14,0,0,0,0,3,0,2,5,0,0,0,0,0,0,0,0,0,0,0,0,0,0,0,3,0,0,0,0,0,0,0,0,0,0,0,0,1,0,0,0,0,0,0,0,0,0,0,0,0,17.6470588235294,0,0,0,11.7647058823529,1,0.305960102802595,1,0,0,0,0,0,0,0,0,0,0,0,0,0,0,0,0,0,0,0,0,17.6470588235294,1,0,0,0,0,0,0,0,0,0,0,0,0,0,0,0,0,0.0611920205605189,0,0,0,0,0,0,0,0,0,0,0,0,0,0,0,0,0.25,0,0.2,0,0,0.075
"40",52,"onap_ccsdk-cds",800,412,700,2326,0,0,0,0,0,0,0,0,0,0,0,0,0,0,0,0,0,0,0,0,0,0,0,0,0,0,0,0,0,0,0,0,0,0,0,0,0,0,0,0,0,0,0,0,0,0,0,0,0,0,0,0,0,0,0,0,0,0,0,0,0,0,0,0,0,0,0,0,0,0,0,0,0,0,0,0,0,0,0,0,0,0,0,0,0,0,0,0,0,0,0,0,0,0,0,0,0,0,0,0,0,0,0,0,0,0,0,0,0,0,0,0,0,0,0,0,0,0,0
"41",53,"onap_policy-common",16608,261,285,1873,0,0,0,0,0,0,0,0,0,0,0,0,0,0,0,0,0,0,0,0,0,0,0,0,0,0,0,0,0,0,0,0,0,0,0,0,0,0,0,0,0,0,0,0,0,0,0,0,0,0,0,0,0,0,0,0,0,0,0,0,0,0,0,0,0,0,0,0,0,0,0,0,0,0,0,0,0,0,0,0,0,0,0,0,0,0,0,0,0,0,0,0,0,0,0,0,0,0,0,0,0,0,0,0,0,0,0,0,0,0,0,0,0,0,0,0,0,0,0
"42",54,"onap_policy-drools-applications",6296,90,83,542,4,0,2,0,0,0,0,1,0,0,0,0,0,0,0,0,0,0,0,0,0,0,0,0,0,0,0,0,0,1,0,0,0,0,0,0,0,0,0,0,0,0,0,0,0,0,3.690036900369,1.66666666666667,0,0,0,0,0,0,12.0481927710843,1,0,0,0,0,0,0,0,0,0,0,0,0,0,0,0,0,0,0,0,0,0,0,0,0,0,0,0,0,12.0481927710843,0,0,0,0,0,0,0,0,0,0,0,0,0,0,0,0,0,0,0,0,0,0,0,0,0,0,0,0,0,0,0.533333333333333,0,0,0.0888888888888889
"43",55,"onap_policy-xacml-pdp",5311,82,76,395,0,0,0,0,0,0,0,0,0,0,0,0,0,0,0,0,0,0,0,0,0,0,0,0,0,0,0,0,0,0,0,0,0,0,0,0,0,0,0,0,0,0,0,0,0,0,0,0,0,0,0,0,0,0,0,0,0,0,0,0,0,0,0,0,0,0,0,0,0,0,0,0,0,0,0,0,0,0,0,0,0,0,0,0,0,0,0,0,0,0,0,0,0,0,0,0,0,0,0,0,0,0,0,0,0,0,0,0,0,0,0,0,0,0,0,0,0,0,0
"44",56,"onap_dmaap-dbcapi",10132,100,117,868,21,0,0,11,0,0,0,0,4,0,0,0,0,0,0,0,0,0,0,0,0,0,0,0,0,0,0,1,0,0,0,0,0,0,0,0,0,0,0,0,0,5,0,0,0,0,0,0,1.08566916699566,1,0,0,0,0,0,0,0.394788787998421,1,0,0,0,0,0,0,0,0,0,0,0,0,0,0,0,0,0,0,0,0,0,0,0,0,8.54700854700855,2.5,0,0,0,0,0,0,0,0,0,0,0,0,0,0,0,0,0,0,0.493485984998026,2.5,0,0,0,0,0,0,0,0,0,0.5,0,0.5,0,0,0.166666666666667
"45",57,"onap_aai-search-data-service",5058,66,72,518,1,0,0,1,0,0,0,0,0,0,0,0,0,0,0,0,0,0,0,0,0,0,0,0,0,0,0,0,0,0,0,0,0,0,0,0,0,0,0,0,0,0,0,0,0,0,0,0,0.197706603400554,0,0,0,0,0,0,0,0,0,0,0,0,0,0,0,0,0,0,0,0,0,0,0,0,0,0,0,0,0,0,0,0,0,0,0,0,0,0,0,0,0,0,0,0,0,0,0,0,0,0,0,0,0,0,0,0,0,0,0,0,0,0,0,0,0,0,0,0,0,0
"46",58,"onap_logging-analytics-pomba-pomba-aai-context-builder",4650,36,35,528,14,0,13,0,0,0,0,0,0,0,0,0,1,0,0,0,0,0,0,0,0,0,0,0,0,0,0,0,0,0,0,0,0,0,0,0,0,0,0,0,0,0,0,0,0,0,24.6212121212121,3.33333333333333,0,0,0,0,0,0,0,0,0,0,0,0,0,0,28.5714285714286,2,0,0,0,0,0,0,0,0,0,0,0,0,0,0,0,0,0,0,0,0,0,0,0,0,0,0,0,0,0,0,0,0,0,0,0,0,0,0,0,0,0,0,0,0,0,0,0,0,0,0.5,0,0.666666666666667,0,0,0.194444444444444
"47",59,"onap_logging-analytics-pomba-pomba-audit-common",1195,19,20,231,0,0,0,0,0,0,0,0,0,0,0,0,0,0,0,0,0,0,0,0,0,0,0,0,0,0,0,0,0,0,0,0,0,0,0,0,0,0,0,0,0,0,0,0,0,0,0,0,0,0,0,0,0,0,0,0,0,0,0,0,0,0,0,0,0,0,0,0,0,0,0,0,0,0,0,0,0,0,0,0,0,0,0,0,0,0,0,0,0,0,0,0,0,0,0,0,0,0,0,0,0,0,0,0,0,0,0,0,0,0,0,0,0,0,0,0,0,0,0
"48",60,"onap_logging-analytics-pomba-pomba-context-aggregator",927,16,18,87,4,0,3,0,0,0,0,0,0,0,0,0,1,0,0,0,0,0,0,0,0,0,0,0,0,0,0,0,0,0,0,0,0,0,0,0,0,0,0,0,0,0,0,0,0,0,34.4827586206897,5,0,0,0,0,0,0,0,0,0,0,0,0,0,0,55.5555555555556,4,0,0,0,0,0,0,0,0,0,0,0,0,0,0,0,0,0,0,0,0,0,0,0,0,0,0,0,0,0,0,0,0,0,0,0,0,0,0,0,0,0,0,0,0,0,0,0,0,0,1,0,1,0,0,0.333333333333333
"49",61,"onap_logging-analytics-pomba-pomba-network-discovery-context-builder",756,15,15,49,1,0,1,0,0,0,0,0,0,0,0,0,0,0,0,0,0,0,0,0,0,0,0,0,0,0,0,0,0,0,0,0,0,0,0,0,0,0,0,0,0,0,0,0,0,0,20.4081632653061,3.33333333333333,0,0,0,0,0,0,0,0,0,0,0,0,0,0,0,0,0,0,0,0,0,0,0,0,0,0,0,0,0,0,0,0,0,0,0,0,0,0,0,0,0,0,0,0,0,0,0,0,0,0,0,0,0,0,0,0,0,0,0,0,0,0,0,0,0,0,0,0.666666666666667,0,0,0.111111111111111
"50",62,"onap_logging-analytics-pomba-pomba-sdc-context-builder",828,18,17,102,4,0,0,0,0,0,0,0,4,0,0,0,0,0,0,0,0,0,0,0,0,0,0,0,0,0,0,0,0,0,0,0,0,0,0,0,0,0,0,0,0,0,0,0,0,0,0,0,0,0,0,0,0,0,0,0,4.83091787439614,4,0,0,0,0,0,0,0,0,0,0,0,0,0,0,0,0,0,0,0,0,0,0,0,0,0,0,0,0,0,0,0,0,0,0,0,0,0,0,0,0,0,0,0,0,0,0,0,0,0,0,0,0,0,0,0,1,0,0,0,0,0.166666666666667
"51",63,"onap_so-libs",12482,278,551,2414,23,0,0,3,0,0,0,0,0,20,0,0,0,0,0,0,0,0,0,0,0,0,0,0,0,0,0,0,0,0,0,0,0,0,0,0,0,0,0,0,0,0,0,0,0,0,0,0,0.24034609838167,0,0,0,0,0,0,0,0,0,8.28500414250207,2,0,0,0,0,0,0,0,0,0,0,0,0,0,0,0,0,0,0,0,0,0,0,0,0,0,0,0,0,0,0,0,0,0,0,0,0,0,0,0,0,0,0,0,0,0,0,0,0,0,0,0,0,0,0,0,0.4,0,1,0.233333333333333
"52",64,"onap_aai-schema-service",7150,87,84,533,68,0,2,5,0,3,0,0,34,0,0,11,0,0,0,8,0,0,0,0,0,0,0,0,3,0,0,0,0,0,0,0,0,0,0,0,0,0,1,0,0,1,0,0,0,0,3.75234521575985,1.66666666666667,0.699300699300699,1,35.7142857142857,0,0,0,0,0,4.75524475524475,4,0,0,20.6378986866792,4,0,0,0,0,15.0093808630394,4,0,0,0,0,0,0,0,0,0,0,35.7142857142857,2,0,0,0,0,0,0,0,0,0,0,0,0,0,0,0,0,0,0,11.9047619047619,2.5,0,0,0.13986013986014,1.25,0,0,0,0,0,0,0,0,0.888888888888889,1.25,0,0.333333333333333,0,0,0.412037037037037
"53",65,"onap_dcaegen2-services-prh",2098,60,58,251,3,0,0,0,0,0,0,1,0,2,0,0,0,0,0,0,0,0,0,0,0,0,0,0,0,0,0,0,0,0,0,0,0,0,0,0,0,0,0,0,0,0,0,0,0,0,0,0,0,0,0,0,0,0,17.2413793103448,1,0,0,7.96812749003984,2,0,0,0,0,0,0,0,0,0,0,0,0,0,0,0,0,0,0,0,0,0,0,0,0,0,0,0,0,0,0,0,0,0,0,0,0,0,0,0,0,0,0,0,0,0,0,0,0,0,0,0,0,0,0,0,0.6,0,1,0.266666666666667
"54",66,"onap_dcaegen2-services-sdk",3786,162,139,521,22,0,0,1,0,0,0,6,1,9,0,0,0,0,0,0,0,0,0,0,0,0,0,0,0,5,0,0,0,0,0,0,0,0,0,0,0,0,0,0,0,0,0,0,0,0,0,0,0.264131008980454,0,0,0,0,0,43.1654676258993,2,0.264131008980454,1,17.274472168906,3,0,0,0,0,0,0,0,0,0,0,0,0,0,0,0,0,0,0,0,0,35.9712230215827,0,0,0,0,0,0,0,0,0,0,0,0,0,0,0,0,0,0,0,0,0,0,0,0,0,0,0,0,0,0,0,0,0.25,0,1,0,1.5,0.458333333333333
"55",67,"onap_dcaegen2-services-son-handler",5951,118,117,756,9,0,2,0,0,0,0,1,1,0,0,0,0,0,0,0,0,0,0,0,0,0,0,0,0,0,0,1,0,0,0,0,0,0,0,0,0,0,0,0,0,4,0,0,0,0,2.64550264550265,0,0,0,0,0,0,0,8.54700854700855,0,0.16803898504453,0,0,0,0,0,0,0,0,0,0,0,0,0,0,0,0,0,0,0,0,0,0,0,0,0,8.54700854700855,2.5,0,0,0,0,0,0,0,0,0,0,0,0,0,0,0,0,0,0,0.672155940178121,2.5,0,0,0,0,0,0,0,0,0,0,0,0.5,0,0,0.0833333333333333
"56",68,"onap_dmaap-datarouter",15505,109,128,1144,23,0,5,0,0,0,0,0,0,0,0,0,0,0,2,0,0,0,0,0,0,0,0,0,0,0,0,0,0,0,0,0,0,0,0,0,0,0,0,0,0,14,0,2,0,0,4.37062937062937,1.66666666666667,0,0,0,0,0,0,0,0,0,0,0,0,0,0,0,0,15.625,5,0,0,0,0,0,0,0,0,0,0,0,0,0,0,0,0,0,0,0,0,0,0,0,0,0,0,0,0,0,0,0,0,0,0,0,0,0.90293453724605,2.5,0,0,15.625,3.33333333333333,0,0,0,0,0.925925925925926,0,0.666666666666667,0.333333333333333,0,0,0.320987654320988
"57",69,"onap_integration-pnf-simulator",2932,88,88,248,2,0,0,0,0,0,0,0,0,2,0,0,0,0,0,0,0,0,0,0,0,0,0,0,0,0,0,0,0,0,0,0,0,0,0,0,0,0,0,0,0,0,0,0,0,0,0,0,0,0,0,0,0,0,0,0,0,0,8.06451612903226,2,0,0,0,0,0,0,0,0,0,0,0,0,0,0,0,0,0,0,0,0,0,0,0,0,0,0,0,0,0,0,0,0,0,0,0,0,0,0,0,0,0,0,0,0,0,0,0,0,0,0,0,0,0,0,0,0.4,0,1,0.233333333333333
"58",70,"onap_integration-simulators-pnf-simulator",2879,86,86,253,3,0,0,1,0,0,0,0,0,2,0,0,0,0,0,0,0,0,0,0,0,0,0,0,0,0,0,0,0,0,0,0,0,0,0,0,0,0,0,0,0,0,0,0,0,0,0,0,0.347342827370615,0,0,0,0,0,0,0,0,0,7.90513833992095,2,0,0,0,0,0,0,0,0,0,0,0,0,0,0,0,0,0,0,0,0,0,0,0,0,0,0,0,0,0,0,0,0,0,0,0,0,0,0,0,0,0,0,0,0,0,0,0,0,0,0,0,0,0,0,0,0.4,0,1,0.233333333333333
"59",71,"onap_aai-sparky-be",16562,205,213,1670,155,0,8,23,0,28,0,12,22,3,0,0,0,0,0,0,0,0,35,0,0,0,0,0,23,0,0,0,0,0,0,0,0,0,0,0,0,0,1,0,0,0,0,0,0,0,4.79041916167665,1.66666666666667,1.38872116894095,1,131.455399061033,1.25,0,0,56.3380281690141,2,1.32834198768265,2,1.79640718562874,0,0,0,0,0,0,0,0,0,2.11327134404057,5,0,0,0,0,0,0,0,0,107.981220657277,4,0,0,0,0,0,0,0,0,0,0,0,0,0,0,0,0,0,0,4.69483568075117,1.25,0,0,0,0,0,0,0,0,0,0,0,0,0,0.75,0,0.983333333333333,0,2.5,0.705555555555556
"60",72,"onap_dcaegen2-services-pm-mapper",2102,53,76,142,0,0,0,0,0,0,0,0,0,0,0,0,0,0,0,0,0,0,0,0,0,0,0,0,0,0,0,0,0,0,0,0,0,0,0,0,0,0,0,0,0,0,0,0,0,0,0,0,0,0,0,0,0,0,0,0,0,0,0,0,0,0,0,0,0,0,0,0,0,0,0,0,0,0,0,0,0,0,0,0,0,0,0,0,0,0,0,0,0,0,0,0,0,0,0,0,0,0,0,0,0,0,0,0,0,0,0,0,0,0,0,0,0,0,0,0,0,0,0
"61",73,"onap_clamp",9624,195,173,1634,15,0,1,1,0,0,0,6,4,0,0,0,0,0,0,0,0,0,1,1,0,0,0,0,0,0,0,1,0,0,0,0,0,0,0,0,0,0,0,0,0,0,0,0,0,0,0.611995104039168,0,0.103906899418121,0,0,0,0,0,34.6820809248555,2,0.415627597672485,1,0,0,0,0,0,0,0,0,0,0,0.103906899418121,1,0.611995104039168,2.5,0,0,0,0,0,0,0,0,0,0,5.78034682080925,2.5,0,0,0,0,0,0,0,0,0,0,0,0,0,0,0,0,0,0,0,0,0,0,0,0,0,0,0,0,0.277777777777778,0.25,0.5,0.9,0,0.5,0.40462962962963
"62",74,"onap_portal",40871,743,416,3604,385,0,4,197,0,76,0,12,53,1,0,22,1,0,0,3,0,0,3,0,0,0,0,0,3,0,0,1,0,0,0,0,0,0,0,0,0,0,1,0,0,7,1,0,0,0,1.10987791342952,0,4.82004355166255,3,182.692307692308,2.5,0,0,28.8461538461538,1,1.29676298598028,2,0.277469478357381,0,6.10432852386238,2,2.40384615384615,0,0,0,0.832408435072142,1,0.0734016784517139,0,0,0,0,0,0,0,0,0,7.21153846153846,1,0,0,2.40384615384615,1.25,0,0,0,0,0,0,0,0,0,0,0,0,0,0,2.40384615384615,0,0,0,0.171270583053999,1.25,2.40384615384615,0,0,0,0,0,0,0,0.333333333333333,1.25,0,0.95,0,0,0.422222222222222
"63",75,"onap_multicloud-framework-artifactbroker",2800,67,64,366,1,0,0,0,0,0,0,1,0,0,0,0,0,0,0,0,0,0,0,0,0,0,0,0,0,0,0,0,0,0,0,0,0,0,0,0,0,0,0,0,0,0,0,0,0,0,0,0,0,0,0,0,0,0,15.625,1,0,0,0,0,0,0,0,0,0,0,0,0,0,0,0,0,0,0,0,0,0,0,0,0,0,0,0,0,0,0,0,0,0,0,0,0,0,0,0,0,0,0,0,0,0,0,0,0,0,0,0,0,0,0,0,0,0,0,0,0.2,0,0,0.0333333333333333
"64",76,"onap_logging-analytics",2267,79,70,261,13,0,0,1,0,0,0,4,3,0,0,4,1,0,0,0,0,0,0,0,0,0,0,0,0,0,0,0,0,0,0,0,0,0,0,0,0,0,0,0,0,0,0,0,0,0,0,0,0.441111601235112,0,0,0,0,0,57.1428571428571,2,1.32333480370534,2,0,0,15.3256704980843,3,14.2857142857143,1,0,0,0,0,0,0,0,0,0,0,0,0,0,0,0,0,0,0,0,0,0,0,0,0,0,0,0,0,0,0,0,0,0,0,0,0,0,0,0,0,0,0,0,0,0,0,0,0,0.333333333333333,0.75,0,0.4,0,0,0.247222222222222
"65",77,"onap_ccsdk-apps",5297,94,95,667,41,0,0,32,0,0,0,1,8,0,0,0,0,0,0,0,0,0,0,0,0,0,0,0,0,0,0,0,0,0,0,0,0,0,0,0,0,0,0,0,0,0,0,0,0,0,0,0,6.0411553709647,3,0,0,0,0,10.5263157894737,1,1.51028884274117,2,0,0,0,0,0,0,0,0,0,0,0,0,0,0,0,0,0,0,0,0,0,0,0,0,0,0,0,0,0,0,0,0,0,0,0,0,0,0,0,0,0,0,0,0,0,0,0,0,0,0,0,0,0,0,0,1.25,0,0.2,0,0,0.241666666666667
"66",78,"onap_ccsdk-dashboard",7646,201,159,611,165,0,3,73,0,69,0,0,1,0,0,1,0,0,0,4,0,0,0,0,0,0,0,0,0,0,0,0,0,0,0,0,0,0,0,0,0,0,0,0,0,13,1,0,0,0,4.90998363338789,1.66666666666667,9.54747580434214,4,433.962264150943,3.75,0,0,0,0,0.130787339785509,0,0,0,1.6366612111293,1,0,0,0,0,6.54664484451719,3,0,0,0,0,0,0,0,0,0,0,0,0,0,0,0,0,0,0,0,0,0,0,0,0,0,0,0,0,0,0,0,0,0,0,1.70023541721161,3.75,6.28930817610063,1.25,0,0,0,0,0,0,0.444444444444444,1,0,1.08333333333333,0.25,0,0.462962962962963
"67",79,"onap_vfc-nfvo-wfengine-activiti-extension",753,17,16,67,11,0,0,1,0,0,0,8,2,0,0,0,0,0,0,0,0,0,0,0,0,0,0,0,0,0,0,0,0,0,0,0,0,0,0,0,0,0,0,0,0,0,0,0,0,0,0,0,1.32802124833997,1,0,0,0,0,500,5,2.65604249667995,3,0,0,0,0,0,0,0,0,0,0,0,0,0,0,0,0,0,0,0,0,0,0,0,0,0,0,0,0,0,0,0,0,0,0,0,0,0,0,0,0,0,0,0,0,0,0,0,0,0,0,0,0,0,0,0,1,0,1,0,0,0.333333333333333
"68",80,"onap_ccsdk-features",26997,503,435,2586,277,0,4,73,0,19,2,26,31,2,0,0,3,0,0,103,0,0,7,0,0,0,0,0,1,0,0,0,0,0,0,0,0,0,0,0,0,0,1,0,0,5,0,0,0,0,1.54679040989946,0,2.7040041486091,2,43.6781609195402,0,4.59770114942529,5,59.7701149425287,2,1.14827573434085,2,0.773395204949729,0,0,0,6.89655172413793,1,0,0,39.8298530549111,5,0.259288069044709,2,0,0,0,0,0,0,0,0,2.29885057471264,0,0,0,0,0,0,0,0,0,0,0,0,0,0,0,0,0,0,0,2.29885057471264,0,0,0,0.185205763603363,1.25,0,0,0,0,0,0,0,0,1.11111111111111,1.25,0,0.4,0,1,0.626851851851852
"69",81,"onap_dcaegen2-platform-inventory-api",1959,32,41,227,4,0,2,0,0,0,0,0,1,0,0,0,0,0,0,0,0,0,0,0,0,0,0,0,0,0,0,1,0,0,0,0,0,0,0,0,0,0,0,0,0,0,0,0,0,0,8.81057268722467,1.66666666666667,0,0,0,0,0,0,0,0,0.510464522715671,1,0,0,0,0,0,0,0,0,0,0,0,0,0,0,0,0,0,0,0,0,0,0,0,0,24.390243902439,3.75,0,0,0,0,0,0,0,0,0,0,0,0,0,0,0,0,0,0,0,0,0,0,0,0,0,0,0,0,0,0.25,0,1.08333333333333,0,0,0.222222222222222
"70",82,"onap_sdnc-apps",972,16,13,122,4,0,3,0,0,0,0,0,1,0,0,0,0,0,0,0,0,0,0,0,0,0,0,0,0,0,0,0,0,0,0,0,0,0,0,0,0,0,0,0,0,0,0,0,0,0,24.5901639344262,3.33333333333333,0,0,0,0,0,0,0,0,1.02880658436214,2,0,0,0,0,0,0,0,0,0,0,0,0,0,0,0,0,0,0,0,0,0,0,0,0,0,0,0,0,0,0,0,0,0,0,0,0,0,0,0,0,0,0,0,0,0,0,0,0,0,0,0,0,0,0,0,0.5,0,0.666666666666667,0,0,0.194444444444444
"71",83,"onap_cli",8887,167,144,766,27,0,0,5,0,0,0,7,12,0,0,1,2,0,0,0,0,0,0,0,0,0,0,0,0,0,0,0,0,0,0,0,0,0,0,0,0,0,0,0,0,0,0,0,0,0,0,0,0.562619556655789,1,0,0,0,0,48.6111111111111,2,1.35028693597389,2,0,0,1.30548302872063,1,13.8888888888889,1,0,0,0,0,0,0,0,0,0,0,0,0,0,0,0,0,0,0,0,0,0,0,0,0,0,0,0,0,0,0,0,0,0,0,0,0,0,0,0,0,0,0,0,0,0,0,0,0,0.111111111111111,1,0,0.4,0,0,0.251851851851852
"72",84,"onap_ccsdk-sli-adaptors",14810,228,186,1083,239,0,3,8,0,186,0,7,24,0,0,5,0,0,0,0,0,0,4,0,0,0,0,0,0,0,0,0,0,0,0,0,0,0,0,0,1,0,1,0,0,0,0,0,0,0,2.77008310249307,0,0.540175557056043,1,1000,5,0,0,37.6344086021505,2,1.62052667116813,2,0,0,4.61680517082179,2,0,0,0,0,0,0,0.270087778528022,2,0,0,0,0,0,0,0,0,0,0,0,0,0,0,0,0,0,0,0,0,0,0,0,0,0.0675219446320054,0,0,0,5.37634408602151,1.25,0,0,0,0,0,0,0,0,0,0,0,0,0.222222222222222,0.75,0,1.4,0,1,0.562037037037037
"73",85,"onap_ccsdk-sli-core",12029,151,132,766,58,0,0,6,0,3,0,9,17,16,0,1,0,0,0,0,0,0,0,0,0,0,0,0,2,0,0,0,0,0,0,0,0,0,0,0,0,0,2,0,0,1,1,0,0,0,0,0,0.498794579765567,1,22.7272727272727,0,0,0,68.1818181818182,2,1.41325130933577,2,20.88772845953,4,1.30548302872063,1,0,0,0,0,0,0,0,0,0,0,0,0,0,0,0,0,15.1515151515152,1,0,0,0,0,0,0,0,0,0,0,0,0,0,0,0,0,0,0,15.1515151515152,2.5,0,0,0.0831324299609278,0,7.57575757575758,1.25,0,0,0,0,0,0,0.111111111111111,0.75,0,1.2,0.25,2,0.718518518518518
"74",86,"onap_ccsdk-sli-northbound",4025,68,36,251,12,0,0,0,0,0,0,0,2,0,0,0,2,0,0,0,0,0,0,0,0,0,0,0,0,0,0,0,0,0,0,0,0,0,0,0,0,0,0,0,0,8,0,0,0,0,0,0,0,0,0,0,0,0,0,0,0.496894409937888,1,0,0,0,0,55.5555555555556,4,0,0,0,0,0,0,0,0,0,0,0,0,0,0,0,0,0,0,0,0,0,0,0,0,0,0,0,0,0,0,0,0,0,0,0,0,0,0,1.98757763975155,3.75,0,0,0,0,0,0,0,0,0,1.25,0,0,0,0,0.208333333333333
"75",87,"onap_dcaegen2-collectors-datafile",2392,41,43,264,0,0,0,0,0,0,0,0,0,0,0,0,0,0,0,0,0,0,0,0,0,0,0,0,0,0,0,0,0,0,0,0,0,0,0,0,0,0,0,0,0,0,0,0,0,0,0,0,0,0,0,0,0,0,0,0,0,0,0,0,0,0,0,0,0,0,0,0,0,0,0,0,0,0,0,0,0,0,0,0,0,0,0,0,0,0,0,0,0,0,0,0,0,0,0,0,0,0,0,0,0,0,0,0,0,0,0,0,0,0,0,0,0,0,0,0,0,0,0
"76",89,"onap_aai-spike",1862,30,35,193,11,0,0,1,0,1,0,5,4,0,0,0,0,0,0,0,0,0,0,0,0,0,0,0,0,0,0,0,0,0,0,0,0,0,0,0,0,0,0,0,0,0,0,0,0,0,0,0,0.537056928034372,1,28.5714285714286,0,0,0,142.857142857143,3,2.14822771213749,3,0,0,0,0,0,0,0,0,0,0,0,0,0,0,0,0,0,0,0,0,0,0,0,0,0,0,0,0,0,0,0,0,0,0,0,0,0,0,0,0,0,0,0,0,0,0,0,0,0,0,0,0,0,0,0,1,0,0.6,0,0,0.266666666666667
"77",90,"onap_aai-traversal",9382,91,93,621,26,0,11,5,0,1,0,2,3,0,0,2,0,0,0,0,0,0,0,0,0,0,0,0,0,0,0,0,0,0,0,0,0,0,0,0,0,0,0,0,0,2,0,0,0,0,17.7133655394525,3.33333333333333,0.532935408228523,1,10.752688172043,0,0,0,21.505376344086,1,0.319761244937114,1,0,0,3.22061191626409,1,0,0,0,0,0,0,0,0,0,0,0,0,0,0,0,0,0,0,0,0,0,0,0,0,0,0,0,0,0,0,0,0,0,0,0,0,0,0,0,0,0.213174163291409,1.25,0,0,0,0,0,0,0,0,0.111111111111111,0.5,0,0.866666666666667,0,0,0.246296296296296
"78",91,"onap_vid",25570,654,602,8459,132,0,15,5,0,86,0,10,5,0,0,0,0,0,0,0,0,0,5,0,0,0,0,0,0,0,0,1,0,0,0,0,1,0,0,0,0,0,2,0,0,0,2,0,0,0,1.77325925050242,0,0.195541650371529,0,142.857142857143,1.25,0,0,16.6112956810631,1,0.195541650371529,0,0,0,0,0,0,0,0,0,0,0,0.195541650371529,1,0,0,0,0,0,0,0,0,0,0,0,0,1.66112956810631,1.25,0,0,0,0,1.66112956810631,2.5,0,0,0,0,0,0,0,0,3.32225913621262,1.25,0,0,0,0,3.32225913621262,1.25,0,0,0,0,0,0,0,0.625,0,0.7,0.25,0.5,0.345833333333333
"79",92,"onap_dmaap-messagerouter-messageservice",3599,28,39,186,16,0,0,3,0,5,0,2,6,0,0,0,0,0,0,0,0,0,0,0,0,0,0,0,0,0,0,0,0,0,0,0,0,0,0,0,0,0,0,0,0,0,0,0,0,0,0,0,0.833564879133093,1,128.205128205128,1.25,0,0,51.2820512820513,2,1.66712975826619,2,0,0,0,0,0,0,0,0,0,0,0,0,0,0,0,0,0,0,0,0,0,0,0,0,0,0,0,0,0,0,0,0,0,0,0,0,0,0,0,0,0,0,0,0,0,0,0,0,0,0,0,0,0,0,0,0.75,0,0.65,0,0,0.233333333333333
"80",94,"onap_vnfsdk-functest",1711,29,27,171,1,0,1,0,0,0,0,0,0,0,0,0,0,0,0,0,0,0,0,0,0,0,0,0,0,0,0,0,0,0,0,0,0,0,0,0,0,0,0,0,0,0,0,0,0,0,5.84795321637427,1.66666666666667,0,0,0,0,0,0,0,0,0,0,0,0,0,0,0,0,0,0,0,0,0,0,0,0,0,0,0,0,0,0,0,0,0,0,0,0,0,0,0,0,0,0,0,0,0,0,0,0,0,0,0,0,0,0,0,0,0,0,0,0,0,0,0,0,0,0,0,0.333333333333333,0,0,0.0555555555555556
"81",95,"onap_ccsdk-sli-plugins",7929,129,108,595,81,0,0,0,0,75,0,0,3,3,0,0,0,0,0,0,0,0,0,0,0,0,0,0,0,0,0,0,0,0,0,0,0,0,0,0,0,0,0,0,0,0,0,0,0,0,0,0,0,0,694.444444444444,3.75,0,0,0,0,0.378357926598562,1,5.04201680672269,1,0,0,0,0,0,0,0,0,0,0,0,0,0,0,0,0,0,0,0,0,0,0,0,0,0,0,0,0,0,0,0,0,0,0,0,0,0,0,0,0,0,0,0,0,0,0,0,0,0,0,0,0,0,0.25,0,0.95,0,0.5,0.283333333333333
"82",96,"onap_holmes-engine-management",1233,24,22,73,4,0,0,1,0,0,0,0,2,0,0,0,0,0,0,0,0,0,0,0,0,0,0,0,0,0,0,1,0,0,0,0,0,0,0,0,0,0,0,0,0,0,0,0,0,0,0,0,0.8110300081103,1,0,0,0,0,0,0,1.6220600162206,2,0,0,0,0,0,0,0,0,0,0,0,0,0,0,0,0,0,0,0,0,0,0,0,0,45.4545454545455,5,0,0,0,0,0,0,0,0,0,0,0,0,0,0,0,0,0,0,0,0,0,0,0,0,0,0,0,0,0,0.75,0,1,0,0,0.291666666666667
"83",97,"onap_holmes-rule-management",1101,31,23,64,11,0,0,6,0,0,0,0,5,0,0,0,0,0,0,0,0,0,0,0,0,0,0,0,0,0,0,0,0,0,0,0,0,0,0,0,0,0,0,0,0,0,0,0,0,0,0,0,5.44959128065395,3,0,0,0,0,0,0,4.54132606721163,4,0,0,0,0,0,0,0,0,0,0,0,0,0,0,0,0,0,0,0,0,0,0,0,0,0,0,0,0,0,0,0,0,0,0,0,0,0,0,0,0,0,0,0,0,0,0,0,0,0,0,0,0,0,0,0,1.75,0,0,0,0,0.291666666666667
"84",98,"onap_msb-apigateway",7181,99,105,589,79,0,0,42,0,2,0,15,10,0,0,0,0,0,0,2,0,0,0,0,0,0,0,0,2,0,0,0,0,0,0,0,0,0,0,0,0,0,0,0,0,4,0,2,0,0,0,0,5.84876758111684,3,19.0476190476191,0,0,0,142.857142857143,3,1.39256370978972,2,0,0,0,0,0,0,0,0,3.3955857385399,2,0,0,0,0,0,0,0,0,0,0,19.0476190476191,1,0,0,0,0,0,0,0,0,0,0,0,0,0,0,0,0,0,0,0,0,0,0,0.557025483915889,2.5,0,0,19.0476190476191,3.33333333333333,0,0,0,0,0.592592592592593,1.25,0.666666666666667,0.6,0,0,0.51820987654321
"85",99,"onap_vnfsdk-ves-agent",9634,31,75,499,59,0,8,0,0,9,0,0,0,0,0,24,0,0,0,0,0,0,0,0,0,0,0,0,3,0,0,0,0,0,0,0,1,0,0,0,0,0,0,0,0,14,0,0,0,0,16.0320641282565,3.33333333333333,0,0,120,1.25,0,0,0,0,0,0,0,0,48.0961923847695,5,0,0,0,0,0,0,0,0,0,0,0,0,0,0,0,0,40,2,0,0,0,0,0,0,0,0,13.3333333333333,5,0,0,0,0,0,0,0,0,0,0,0,0,1.453186630683,3.75,0,0,0,0,0,0,0,0,0.555555555555556,1.25,0,0.916666666666667,0,0,0.453703703703704
"86",100,"onap_music",8756,65,71,741,71,0,21,16,0,6,0,4,4,10,0,0,7,0,0,1,0,0,1,1,0,0,0,0,0,0,0,0,0,0,0,0,0,0,0,0,0,0,0,0,0,0,0,0,0,0,28.3400809716599,5,1.82731841023298,2,84.5070422535211,1.25,0,0,56.3380281690141,2,0.456829602558246,1,13.4952766531714,3,0,0,98.5915492957746,5,0,0,1.34952766531714,1,0.114207400639561,1,1.34952766531714,5,0,0,0,0,0,0,0,0,0,0,0,0,0,0,0,0,0,0,0,0,0,0,0,0,0,0,0,0,0,0,0,0,0,0,0,0,0,0,0,0,0.666666666666667,2,1,2.25,0,2,1.31944444444444
"87",103,"onap_holmes-common",2432,69,69,193,21,0,0,1,0,0,0,13,1,0,0,0,0,0,1,0,0,0,0,0,0,0,0,0,0,0,0,0,0,0,0,0,0,0,0,0,0,0,2,0,0,0,0,3,0,0,0,0,0.411184210526316,0,0,0,0,0,188.405797101449,4,0.411184210526316,1,0,0,0,0,0,0,14.4927536231884,5,0,0,0,0,0,0,0,0,0,0,0,0,0,0,0,0,0,0,0,0,0,0,0,0,0,0,0,0,0,0,0,0,28.9855072463768,3.75,0,0,0,0,0,0,43.4782608695652,5,0,0,0,0,1.11111111111111,0.25,1,0.8,0,0,0.526851851851852
"88",104,"onap_msb-discovery",5482,64,69,541,43,0,0,18,0,1,0,4,5,4,0,4,0,0,0,0,0,0,1,0,0,0,0,0,1,0,0,2,0,0,0,0,0,0,0,0,0,0,3,0,0,0,0,0,0,0,0,0,3.28347318496899,2,14.4927536231884,0,0,0,57.9710144927536,2,0.912075884713608,1,7.39371534195933,2,7.39371534195933,2,0,0,0,0,0,0,0.182415176942722,1,0,0,0,0,0,0,0,0,14.4927536231884,1,0,0,28.9855072463768,3.75,0,0,0,0,0,0,0,0,0,0,0,0,0,0,43.4782608695652,3.75,0,0,0,0,0,0,0,0,0,0,0,0,0.222222222222222,0.75,0,1.55,0,1.5,0.67037037037037
"89",105,"onap_msb-java-sdk",1968,48,50,245,28,0,0,4,0,0,0,5,15,0,0,0,2,0,1,0,0,0,0,0,0,0,0,0,0,0,0,0,0,0,0,0,0,0,0,0,0,0,0,0,0,0,0,1,0,0,0,0,2.03252032520325,2,0,0,0,0,100,3,7.6219512195122,5,0,0,0,0,40,3,20,5,0,0,0,0,0,0,0,0,0,0,0,0,0,0,0,0,0,0,0,0,0,0,0,0,0,0,0,0,0,0,0,0,0,0,0,0,0,0,0,0,20,3.33333333333333,0,0,0,0,0.925925925925926,2.5,0.666666666666667,0.6,0,0,0.782098765432099
"90",106,"onap_vfc-nfvo-multivimproxy",2505,41,38,265,4,0,0,0,0,0,0,0,0,0,0,0,4,0,0,0,0,0,0,0,0,0,0,0,0,0,0,0,0,0,0,0,0,0,0,0,0,0,0,0,0,0,0,0,0,0,0,0,0,0,0,0,0,0,0,0,0,0,0,0,0,0,105.263157894737,5,0,0,0,0,0,0,0,0,0,0,0,0,0,0,0,0,0,0,0,0,0,0,0,0,0,0,0,0,0,0,0,0,0,0,0,0,0,0,0,0,0,0,0,0,0,0,0,0,0,1.25,0,0,0,0,0.208333333333333
"91",108,"onap_vfc-nfvo-driver-vnfm-gvnfm-juju",6800,89,96,786,20,0,0,0,0,0,0,3,13,0,0,0,4,0,0,0,0,0,0,0,0,0,0,0,0,0,0,0,0,0,0,0,0,0,0,0,0,0,0,0,0,0,0,0,0,0,0,0,0,0,0,0,0,0,31.25,1,1.91176470588235,2,0,0,0,0,41.6666666666667,3,0,0,0,0,0,0,0,0,0,0,0,0,0,0,0,0,0,0,0,0,0,0,0,0,0,0,0,0,0,0,0,0,0,0,0,0,0,0,0,0,0,0,0,0,0,0,0,0,0,1.25,0,0.2,0,0,0.241666666666667
"92",109,"onap_dmaap-messagerouter-dmaapclient",5069,50,68,450,88,0,6,4,0,11,0,4,43,2,0,0,0,0,0,0,0,0,0,0,0,0,0,0,8,0,0,0,0,0,0,0,0,0,0,0,0,2,1,0,0,7,0,0,0,0,13.3333333333333,3.33333333333333,0.789110278161373,1,161.764705882353,2.5,0,0,58.8235294117647,2,8.48293549023476,5,4.44444444444444,1,0,0,0,0,0,0,0,0,0,0,0,0,0,0,0,0,0,0,117.647058823529,4,0,0,0,0,0,0,0,0,0,0,0,0,0,0,0,0,0.394555139080687,5,14.7058823529412,2.5,0,0,1.3809429867824,3.75,0,0,0,0,0,0,0,0,0,1.5,0,1.76666666666667,1,0.5,0.794444444444444
"93",111,"onap_policy-apex-pdp",43248,703,533,3881,9,0,3,0,0,0,0,0,0,0,0,0,0,0,1,0,0,0,0,1,0,0,0,0,0,0,0,2,0,0,0,0,0,0,0,0,0,0,0,0,0,0,0,2,0,0,0.772996650347848,0,0,0,0,0,0,0,0,0,0,0,0,0,0,0,0,0,1.87617260787993,2.5,0,0,0,0,0.257665550115949,2.5,0,0,0,0,0,0,0,0,0,0,3.75234521575985,1.25,0,0,0,0,0,0,0,0,0,0,0,0,0,0,0,0,0,0,0,0,0,0,3.75234521575985,1.66666666666667,0,0,0,0,0.740740740740741,0,0.833333333333333,0.25,0,0,0.304012345679012
"94",112,"onap_logging-analytics-pomba-pomba-sdnc-context-builder",4035,49,48,504,8,0,5,1,0,0,0,1,0,0,0,0,1,0,0,0,0,0,0,0,0,0,0,0,0,0,0,0,0,0,0,0,0,0,0,0,0,0,0,0,0,0,0,0,0,0,9.92063492063492,1.66666666666667,0.247831474597274,0,0,0,0,0,20.8333333333333,1,0,0,0,0,0,0,20.8333333333333,2,0,0,0,0,0,0,0,0,0,0,0,0,0,0,0,0,0,0,0,0,0,0,0,0,0,0,0,0,0,0,0,0,0,0,0,0,0,0,0,0,0,0,0,0,0,0,0,0,0,0.5,0,0.533333333333333,0,0,0.172222222222222
"95",113,"onap_sdc-sdc-distribution-client",3051,50,51,420,2,0,0,0,0,0,0,0,0,2,0,0,0,0,0,0,0,0,0,0,0,0,0,0,0,0,0,0,0,0,0,0,0,0,0,0,0,0,0,0,0,0,0,0,0,0,0,0,0,0,0,0,0,0,0,0,0,0,4.76190476190476,1,0,0,0,0,0,0,0,0,0,0,0,0,0,0,0,0,0,0,0,0,0,0,0,0,0,0,0,0,0,0,0,0,0,0,0,0,0,0,0,0,0,0,0,0,0,0,0,0,0,0,0,0,0,0,0,0.2,0,0.5,0.116666666666667
"96",115,"onap_dmaap-messagerouter-msgrtr",7898,97,127,832,57,0,5,5,0,2,0,5,36,0,0,0,1,0,0,0,0,0,3,0,0,0,0,0,0,0,0,0,0,0,0,0,0,0,0,0,0,0,0,0,0,0,0,0,0,0,6.00961538461539,1.66666666666667,0.633071663712332,1,15.748031496063,0,0,0,39.3700787401575,2,4.55811597872879,4,0,0,0,0,7.8740157480315,1,0,0,0,0,0.379842998227399,2,0,0,0,0,0,0,0,0,0,0,0,0,0,0,0,0,0,0,0,0,0,0,0,0,0,0,0,0,0,0,0,0,0,0,0,0,0,0,0,0,0,0,0,1.5,0,0.733333333333333,0,1,0.538888888888889
"97",116,"onap_sdc-sdc-workflow-designer",3055,106,101,258,4,0,1,2,0,0,0,1,0,0,0,0,0,0,0,0,0,0,0,0,0,0,0,0,0,0,0,0,0,0,0,0,0,0,0,0,0,0,0,0,0,0,0,0,0,0,3.87596899224806,1.66666666666667,0.654664484451719,1,0,0,0,0,9.9009900990099,1,0,0,0,0,0,0,0,0,0,0,0,0,0,0,0,0,0,0,0,0,0,0,0,0,0,0,0,0,0,0,0,0,0,0,0,0,0,0,0,0,0,0,0,0,0,0,0,0,0,0,0,0,0,0,0,0,0,0.25,0,0.533333333333333,0,0,0.130555555555556
"98",117,"onap_vnfsdk-validation",5097,72,197,524,9,0,0,1,0,0,0,2,2,0,0,1,2,0,0,0,0,0,1,0,0,0,0,0,0,0,0,0,0,0,0,0,0,0,0,0,0,0,0,0,0,0,0,0,0,0,0,0,0.196193839513439,0,0,0,0,0,10.1522842639594,1,0.392387679026879,1,0,0,1.90839694656489,1,10.1522842639594,1,0,0,0,0,0.196193839513439,1,0,0,0,0,0,0,0,0,0,0,0,0,0,0,0,0,0,0,0,0,0,0,0,0,0,0,0,0,0,0,0,0,0,0,0,0,0,0,0,0,0,0,0.111111111111111,0.5,0,0.2,0,0.5,0.218518518518519
"99",118,"onap_vnfsdk-refrepo",4570,85,93,517,4,0,0,2,0,0,0,0,2,0,0,0,0,0,0,0,0,0,0,0,0,0,0,0,0,0,0,0,0,0,0,0,0,0,0,0,0,0,0,0,0,0,0,0,0,0,0,0,0.437636761487965,0,0,0,0,0,0,0,0.437636761487965,1,0,0,0,0,0,0,0,0,0,0,0,0,0,0,0,0,0,0,0,0,0,0,0,0,0,0,0,0,0,0,0,0,0,0,0,0,0,0,0,0,0,0,0,0,0,0,0,0,0,0,0,0,0,0,0,0.25,0,0,0,0,0.0416666666666667
"100",119,"onap_sdc-dcae-d-dt-be-main",7765,139,161,863,20,0,0,4,0,0,0,1,3,2,0,1,0,0,0,0,0,0,0,0,0,0,0,0,0,0,0,1,0,0,0,0,3,0,0,0,0,0,0,0,0,5,0,0,0,0,0,0,0.51513200257566,1,0,0,0,0,6.2111801242236,0,0.386349001931745,1,2.31749710312862,1,1.15874855156431,1,0,0,0,0,0,0,0,0,0,0,0,0,0,0,0,0,0,0,0,0,6.2111801242236,2.5,0,0,0,0,18.6335403726708,5,0,0,0,0,0,0,0,0,0,0,0,0,0.643915003219575,2.5,0,0,0,0,0,0,0,0,0.111111111111111,1.75,0,0.7,0,0.5,0.510185185185185
"101",120,"onap_sdnc-northbound",5976,47,15,228,3,0,0,0,0,0,0,0,1,0,0,0,0,0,0,0,0,0,0,0,0,0,0,0,0,0,0,0,0,0,0,0,0,0,0,0,0,0,0,0,0,0,2,0,0,0,0,0,0,0,0,0,0,0,0,0,0.167336010709505,0,0,0,0,0,0,0,0,0,0,0,0,0,0,0,0,0,0,0,0,0,0,0,0,0,0,0,0,0,0,0,0,0,0,0,0,0,0,0,0,0,0,0,0,0,0,0,133.333333333333,5,0,0,0,0,0,0,0,0,0,0,1,0,0.166666666666667
"102",121,"onap_sdc-dcae-d-ci",4613,58,62,422,73,0,0,51,0,2,0,7,10,0,0,0,0,0,0,0,0,0,0,0,0,0,0,0,2,0,0,0,0,0,0,0,0,0,0,0,0,0,0,0,0,1,0,0,0,0,0,0,11.0557121179276,4,32.258064516129,0,0,0,112.903225806452,3,2.16778668978972,3,0,0,0,0,0,0,0,0,0,0,0,0,0,0,0,0,0,0,0,0,32.258064516129,2,0,0,0,0,0,0,0,0,0,0,0,0,0,0,0,0,0,0,0,0,0,0,0.216778668978972,1.25,0,0,0,0,0,0,0,0,0,1.75,0,0.6,0,0,0.391666666666667
"103",122,"onap_sdc-dcae-d-dt-be-property",4766,103,121,988,62,0,1,0,0,27,0,5,2,0,0,0,0,0,0,0,0,0,0,0,0,0,0,0,27,0,0,0,0,0,0,0,0,0,0,0,0,0,0,0,0,0,0,0,0,0,1.01214574898785,0,0,0,223.140495867769,2.5,0,0,41.3223140495868,2,0.419639110365086,1,0,0,0,0,0,0,0,0,0,0,0,0,0,0,0,0,0,0,0,0,223.140495867769,5,0,0,0,0,0,0,0,0,0,0,0,0,0,0,0,0,0,0,0,0,0,0,0,0,0,0,0,0,0,0,0,0,0,0.25,0,0.9,0,0,0.191666666666667
"104",124,"onap_sdc-sdc-tosca",11404,112,115,1021,86,0,0,0,0,2,0,6,1,46,0,14,5,0,0,0,0,0,0,0,0,0,0,0,1,0,0,0,0,0,0,0,0,0,0,0,0,0,10,0,0,1,0,0,0,0,0,0,0,0,17.3913043478261,0,0,0,52.1739130434783,2,0.0876885303402315,0,45.0538687561214,5,13.7120470127326,3,43.4782608695652,3,0,0,0,0,0,0,0,0,0,0,0,0,0,0,8.69565217391304,1,0,0,0,0,0,0,0,0,0,0,0,0,0,0,0,0,0,0,86.9565217391304,5,0,0,0.0876885303402315,0,0,0,0,0,0,0,0,0,0.333333333333333,0.75,0,1.4,0,2.5,0.830555555555556
"105",125,"onap_vfc-nfvo-driver-svnfm-huawei",5637,75,73,438,7,0,0,0,0,0,0,1,2,0,0,0,3,0,0,0,0,0,1,0,0,0,0,0,0,0,0,0,0,0,0,0,0,0,0,0,0,0,0,0,0,0,0,0,0,0,0,0,0,0,0,0,0,0,13.6986301369863,1,0.354798651765123,1,0,0,0,0,41.0958904109589,3,0,0,0,0,0.177399325882562,1,0,0,0,0,0,0,0,0,0,0,0,0,0,0,0,0,0,0,0,0,0,0,0,0,0,0,0,0,0,0,0,0,0,0,0,0,0,0,0,0,0,0,0,1,0,0.2,0,0.5,0.283333333333333
"106",126,"onap_dmaap-messagerouter-mirroragent",854,10,9,50,11,0,0,1,0,8,0,1,0,0,0,1,0,0,0,0,0,0,0,0,0,0,0,0,0,0,0,0,0,0,0,0,0,0,0,0,0,0,0,0,0,0,0,0,0,0,0,0,1.17096018735363,1,888.888888888889,5,0,0,111.111111111111,3,0,0,0,0,20,4,0,0,0,0,0,0,0,0,0,0,0,0,0,0,0,0,0,0,0,0,0,0,0,0,0,0,0,0,0,0,0,0,0,0,0,0,0,0,0,0,0,0,0,0,0,0,0,0,0,0,0.444444444444444,0.25,0,1.6,0,0,0.382407407407407
"107",128,"onap_vfc-nfvo-driver-vnfm-svnfm-nokiav2",5589,96,93,521,0,0,0,0,0,0,0,0,0,0,0,0,0,0,0,0,0,0,0,0,0,0,0,0,0,0,0,0,0,0,0,0,0,0,0,0,0,0,0,0,0,0,0,0,0,0,0,0,0,0,0,0,0,0,0,0,0,0,0,0,0,0,0,0,0,0,0,0,0,0,0,0,0,0,0,0,0,0,0,0,0,0,0,0,0,0,0,0,0,0,0,0,0,0,0,0,0,0,0,0,0,0,0,0,0,0,0,0,0,0,0,0,0,0,0,0,0,0,0
"108",129,"onap_vfc-nfvo-resmanagement",9066,160,156,1209,9,0,0,0,0,0,0,0,6,0,0,0,3,0,0,0,0,0,0,0,0,0,0,0,0,0,0,0,0,0,0,0,0,0,0,0,0,0,0,0,0,0,0,0,0,0,0,0,0,0,0,0,0,0,0,0,0.661813368630046,1,0,0,0,0,19.2307692307692,2,0,0,0,0,0,0,0,0,0,0,0,0,0,0,0,0,0,0,0,0,0,0,0,0,0,0,0,0,0,0,0,0,0,0,0,0,0,0,0,0,0,0,0,0,0,0,0,0,0,0.75,0,0,0,0,0.125
"109",130,"onap_so",137549,2168,2233,15526,422,0,73,130,0,0,0,20,100,17,0,19,34,0,6,2,0,0,0,0,0,0,0,0,0,0,0,2,0,0,0,0,5,0,0,0,0,0,0,0,0,5,0,9,0,0,4.70179054489244,1.66666666666667,0.945117739859977,1,0,0,0,0,8.95656068069861,1,0.727013646046136,1,1.09493752415303,0,1.22375370346516,1,15.2261531571876,1,2.68696820420958,2.5,0.128816179312122,0,0,0,0,0,0,0,0,0,0,0,0,0,0,0,0.895656068069861,0,0,0,0,0,2.23914017017465,2.5,0,0,0,0,0,0,0,0,0,0,0,0,0.0363506823023068,0,0,0,4.03045230631438,1.66666666666667,0,0,0,0,0.574074074074074,1.375,0.333333333333333,0.533333333333333,0,0,0.46929012345679
"110",131,"onap_vfc-nfvo-driver-ems",3385,48,49,280,15,0,1,0,0,3,0,10,1,0,0,0,0,0,0,0,0,0,0,0,0,0,0,0,0,0,0,0,0,0,0,0,0,0,0,0,0,0,0,0,0,0,0,0,0,0,3.57142857142857,1.66666666666667,0,0,61.2244897959184,1.25,0,0,204.081632653061,4,0.295420974889217,1,0,0,0,0,0,0,0,0,0,0,0,0,0,0,0,0,0,0,0,0,0,0,0,0,0,0,0,0,0,0,0,0,0,0,0,0,0,0,0,0,0,0,0,0,0,0,0,0,0,0,0,0,0,0,0,0.25,0,1.38333333333333,0,0,0.272222222222222
"111",132,"onap_vfc-nfvo-driver-sfc",1200,35,32,186,14,0,0,8,0,0,0,4,2,0,0,0,0,0,0,0,0,0,0,0,0,0,0,0,0,0,0,0,0,0,0,0,0,0,0,0,0,0,0,0,0,0,0,0,0,0,0,0,6.66666666666667,3,0,0,0,0,125,3,1.66666666666667,2,0,0,0,0,0,0,0,0,0,0,0,0,0,0,0,0,0,0,0,0,0,0,0,0,0,0,0,0,0,0,0,0,0,0,0,0,0,0,0,0,0,0,0,0,0,0,0,0,0,0,0,0,0,0,0,1.25,0,0.6,0,0,0.308333333333333
